============================================================
>>> 品保資料庫系統啟動中...
>>> 伺服器地址: http://0.0.0.0:5000
>>> 支援並發: 8 個執行緒
>>> 認證機制: JWT Token (24小時有效)
============================================================
[DEBUG] 查詢條件: vendor_id=1, material=6061-F, spec=31.9*2.2*667 -> normalize=31.9*2.2*667
[DEBUG] 公差候選數量: 169
[DEBUG] 候選: ID=7, 規格='34*2.3*505', 廠商ID=4, has_vendor=True, has_spec=True
[DEBUG] -> 跳過 (廠商ID不匹配: tol_vendor=4, input_vendor=1)
[DEBUG] 候選: ID=8, 規格='35*2.8', 廠商ID=4, has_vendor=True, has_spec=True
[DEBUG] -> 跳過 (廠商ID不匹配: tol_vendor=4, input_vendor=1)
[DEBUG] 候選: ID=10, 規格='36*3.0*430', 廠商ID=4, has_vendor=True, has_spec=True
[DEBUG] -> 跳過 (廠商ID不匹配: tol_vendor=4, input_vendor=1)
[DEBUG] 候選: ID=11, 規格='40*3.0*410', 廠商ID=4, has_vendor=True, has_spec=True
[DEBUG] -> 跳過 (廠商ID不匹配: tol_vendor=4, input_vendor=1)
[DEBUG] 候選: ID=45, 規格='None', 廠商ID=1, has_vendor=True, has_spec=False
[DEBUG] -> 跳過 (廠商ID不匹配: tol_vendor=1, input_vendor=1)
[DEBUG] 候選: ID=54, 規格='23*2.4*370', 廠商ID=8, has_vendor=True, has_spec=True
[DEBUG] -> 跳過 (廠商ID不匹配: tol_vendor=8, input_vendor=1)
[DEBUG] 候選: ID=55, 規格='26*1.8*390', 廠商ID=8, has_vendor=True, has_spec=True
[DEBUG] -> 跳過 (廠商ID不匹配: tol_vendor=8, input_vendor=1)
[DEBUG] 候選: ID=56, 規格='28*2.0*350', 廠商ID=8, has_vendor=True, has_spec=True
[DEBUG] -> 跳過 (廠商ID不匹配: tol_vendor=8, input_vendor=1)
[DEBUG] 候選: ID=57, 規格='28.2*1.9*535', 廠商ID=8, has_vendor=True, has_spec=True
[DEBUG] -> 跳過 (廠商ID不匹配: tol_vendor=8, input_vendor=1)
[DEBUG] 候選: ID=58, 規格='28.6*4.0*615', 廠商ID=8, has_vendor=True, has_spec=True
[DEBUG] -> 跳過 (廠商ID不匹配: tol_vendor=8, input_vendor=1)
[DEBUG] 候選: ID=59, 規格='30*1.7*445', 廠商ID=8, has_vendor=True, has_spec=True
[DEBUG] -> 跳過 (廠商ID不匹配: tol_vendor=8, input_vendor=1)
[DEBUG] 候選: ID=60, 規格='31*2.0*310', 廠商ID=8, has_vendor=True, has_spec=True
[DEBUG] -> 跳過 (廠商ID不匹配: tol_vendor=8, input_vendor=1)
[DEBUG] 候選: ID=61, 規格='31.8*2.8*746', 廠商ID=8, has_vendor=True, has_spec=True
[DEBUG] -> 跳過 (廠商ID不匹配: tol_vendor=8, input_vendor=1)
[DEBUG] 候選: ID=62, 規格='33*1.8*370', 廠商ID=8, has_vendor=True, has_spec=True
[DEBUG] -> 跳過 (廠商ID不匹配: tol_vendor=8, input_vendor=1)
[DEBUG] 候選: ID=63, 規格='34*1.8*280', 廠商ID=8, has_vendor=True, has_spec=True
[DEBUG] -> 跳過 (廠商ID不匹配: tol_vendor=8, input_vendor=1)
[DEBUG] 候選: ID=64, 規格='35*2.5*290', 廠商ID=8, has_vendor=True, has_spec=True
[DEBUG] -> 跳過 (廠商ID不匹配: tol_vendor=8, input_vendor=1)
[DEBUG] 候選: ID=65, 規格='35*2.5*410', 廠商ID=8, has_vendor=True, has_spec=True
[DEBUG] -> 跳過 (廠商ID不匹配: tol_vendor=8, input_vendor=1)
[DEBUG] 候選: ID=66, 規格='35*2.6*395', 廠商ID=8, has_vendor=True, has_spec=True
[DEBUG] -> 跳過 (廠商ID不匹配: tol_vendor=8, input_vendor=1)
[DEBUG] 候選: ID=67, 規格='38*2.0*420', 廠商ID=8, has_vendor=True, has_spec=True
[DEBUG] -> 跳過 (廠商ID不匹配: tol_vendor=8, input_vendor=1)
[DEBUG] 候選: ID=68, 規格='38*2.5*380', 廠商ID=8, has_vendor=True, has_spec=True
[DEBUG] -> 跳過 (廠商ID不匹配: tol_vendor=8, input_vendor=1)
[DEBUG] 候選: ID=69, 規格='39*2.5*310', 廠商ID=8, has_vendor=True, has_spec=True
[DEBUG] -> 跳過 (廠商ID不匹配: tol_vendor=8, input_vendor=1)
[DEBUG] 候選: ID=148, 規格='40*2.4*300', 廠商ID=8, has_vendor=True, has_spec=True
[DEBUG] -> 跳過 (廠商ID不匹配: tol_vendor=8, input_vendor=1)
[DEBUG] 候選: ID=149, 規格='40*2.6*605', 廠商ID=8, has_vendor=True, has_spec=True
[DEBUG] -> 跳過 (廠商ID不匹配: tol_vendor=8, input_vendor=1)
[DEBUG] 候選: ID=168, 規格='42*2*320', 廠商ID=8, has_vendor=True, has_spec=True
[DEBUG] -> 跳過 (廠商ID不匹配: tol_vendor=8, input_vendor=1)
[DEBUG] 候選: ID=169, 規格='42*3.5*565', 廠商ID=8, has_vendor=True, has_spec=True
[DEBUG] -> 跳過 (廠商ID不匹配: tol_vendor=8, input_vendor=1)
[DEBUG] 候選: ID=170, 規格='43*2.1*300', 廠商ID=8, has_vendor=True, has_spec=True
[DEBUG] -> 跳過 (廠商ID不匹配: tol_vendor=8, input_vendor=1)
[DEBUG] 候選: ID=171, 規格='43*2.5*320', 廠商ID=8, has_vendor=True, has_spec=True
[DEBUG] -> 跳過 (廠商ID不匹配: tol_vendor=8, input_vendor=1)
[DEBUG] 候選: ID=172, 規格='44*3.6*260', 廠商ID=8, has_vendor=True, has_spec=True
[DEBUG] -> 跳過 (廠商ID不匹配: tol_vendor=8, input_vendor=1)
[DEBUG] 候選: ID=173, 規格='44*4*200', 廠商ID=8, has_vendor=True, has_spec=True
[DEBUG] -> 跳過 (廠商ID不匹配: tol_vendor=8, input_vendor=1)
[DEBUG] 候選: ID=174, 規格='44*4*295', 廠商ID=8, has_vendor=True, has_spec=True
[DEBUG] -> 跳過 (廠商ID不匹配: tol_vendor=8, input_vendor=1)
[DEBUG] 候選: ID=175, 規格='44*4*310', 廠商ID=8, has_vendor=True, has_spec=True
[DEBUG] -> 跳過 (廠商ID不匹配: tol_vendor=8, input_vendor=1)
[DEBUG] 候選: ID=176, 規格='45*2.1*550', 廠商ID=8, has_vendor=True, has_spec=True
[DEBUG] -> 跳過 (廠商ID不匹配: tol_vendor=8, input_vendor=1)
[DEBUG] 候選: ID=177, 規格='47*2.5*345', 廠商ID=8, has_vendor=True, has_spec=True
[DEBUG] -> 跳過 (廠商ID不匹配: tol_vendor=8, input_vendor=1)
[DEBUG] 候選: ID=178, 規格='48*1.8*260', 廠商ID=8, has_vendor=True, has_spec=True
[DEBUG] -> 跳過 (廠商ID不匹配: tol_vendor=8, input_vendor=1)
[DEBUG] 候選: ID=179, 規格='49*2.3*495', 廠商ID=8, has_vendor=True, has_spec=True
[DEBUG] -> 跳過 (廠商ID不匹配: tol_vendor=8, input_vendor=1)
[DEBUG] 候選: ID=180, 規格='49*2.5*450', 廠商ID=8, has_vendor=True, has_spec=True
[DEBUG] -> 跳過 (廠商ID不匹配: tol_vendor=8, input_vendor=1)
[DEBUG] 候選: ID=181, 規格='49*2.7*315', 廠商ID=8, has_vendor=True, has_spec=True
[DEBUG] -> 跳過 (廠商ID不匹配: tol_vendor=8, input_vendor=1)
[DEBUG] 候選: ID=182, 規格='51*2.5*490', 廠商ID=8, has_vendor=True, has_spec=True
[DEBUG] -> 跳過 (廠商ID不匹配: tol_vendor=8, input_vendor=1)
[DEBUG] 候選: ID=183, 規格='52*3.5*480', 廠商ID=8, has_vendor=True, has_spec=True
[DEBUG] -> 跳過 (廠商ID不匹配: tol_vendor=8, input_vendor=1)
[DEBUG] 候選: ID=184, 規格='55*2.2*355', 廠商ID=8, has_vendor=True, has_spec=True
[DEBUG] -> 跳過 (廠商ID不匹配: tol_vendor=8, input_vendor=1)
[DEBUG] 候選: ID=185, 規格='56*1.7*390', 廠商ID=8, has_vendor=True, has_spec=True
[DEBUG] -> 跳過 (廠商ID不匹配: tol_vendor=8, input_vendor=1)
[DEBUG] 候選: ID=186, 規格='58*4*470', 廠商ID=8, has_vendor=True, has_spec=True
[DEBUG] -> 跳過 (廠商ID不匹配: tol_vendor=8, input_vendor=1)
[DEBUG] 候選: ID=187, 規格='59*3*390', 廠商ID=8, has_vendor=True, has_spec=True
[DEBUG] -> 跳過 (廠商ID不匹配: tol_vendor=8, input_vendor=1)
[DEBUG] 候選: ID=188, 規格='59*3*550', 廠商ID=8, has_vendor=True, has_spec=True
[DEBUG] -> 跳過 (廠商ID不匹配: tol_vendor=8, input_vendor=1)
[DEBUG] 候選: ID=189, 規格='62*2.8*540', 廠商ID=8, has_vendor=True, has_spec=True
[DEBUG] -> 跳過 (廠商ID不匹配: tol_vendor=8, input_vendor=1)
[DEBUG] 候選: ID=190, 規格='62*3*625', 廠商ID=8, has_vendor=True, has_spec=True
[DEBUG] -> 跳過 (廠商ID不匹配: tol_vendor=8, input_vendor=1)
[DEBUG] 候選: ID=191, 規格='62*3.5*390', 廠商ID=8, has_vendor=True, has_spec=True
[DEBUG] -> 跳過 (廠商ID不匹配: tol_vendor=8, input_vendor=1)
[DEBUG] 候選: ID=192, 規格='63*2*460', 廠商ID=8, has_vendor=True, has_spec=True
[DEBUG] -> 跳過 (廠商ID不匹配: tol_vendor=8, input_vendor=1)
[DEBUG] 候選: ID=193, 規格='63*2.1*490', 廠商ID=8, has_vendor=True, has_spec=True
[DEBUG] -> 跳過 (廠商ID不匹配: tol_vendor=8, input_vendor=1)
[DEBUG] 候選: ID=194, 規格='63*2.2*470', 廠商ID=8, has_vendor=True, has_spec=True
[DEBUG] -> 跳過 (廠商ID不匹配: tol_vendor=8, input_vendor=1)
[DEBUG] 候選: ID=195, 規格='64*4*480', 廠商ID=8, has_vendor=True, has_spec=True
[DEBUG] -> 跳過 (廠商ID不匹配: tol_vendor=8, input_vendor=1)
[DEBUG] 候選: ID=196, 規格='64.5*2*540', 廠商ID=8, has_vendor=True, has_spec=True
[DEBUG] -> 跳過 (廠商ID不匹配: tol_vendor=8, input_vendor=1)
[DEBUG] 候選: ID=197, 規格='64.5*2*600', 廠商ID=8, has_vendor=True, has_spec=True
[DEBUG] -> 跳過 (廠商ID不匹配: tol_vendor=8, input_vendor=1)
[DEBUG] 候選: ID=198, 規格='64.5*2.3*380', 廠商ID=8, has_vendor=True, has_spec=True
[DEBUG] -> 跳過 (廠商ID不匹配: tol_vendor=8, input_vendor=1)
[DEBUG] 候選: ID=199, 規格='65*2.5*375', 廠商ID=8, has_vendor=True, has_spec=True
[DEBUG] -> 跳過 (廠商ID不匹配: tol_vendor=8, input_vendor=1)
[DEBUG] 候選: ID=200, 規格='67*2.2*590', 廠商ID=8, has_vendor=True, has_spec=True
[DEBUG] -> 跳過 (廠商ID不匹配: tol_vendor=8, input_vendor=1)
[DEBUG] 候選: ID=201, 規格='67*4.5*440', 廠商ID=8, has_vendor=True, has_spec=True
[DEBUG] -> 跳過 (廠商ID不匹配: tol_vendor=8, input_vendor=1)
[DEBUG] 候選: ID=202, 規格='68*2.2*395', 廠商ID=8, has_vendor=True, has_spec=True
[DEBUG] -> 跳過 (廠商ID不匹配: tol_vendor=8, input_vendor=1)
[DEBUG] 候選: ID=203, 規格='68*2.5*700', 廠商ID=8, has_vendor=True, has_spec=True
[DEBUG] -> 跳過 (廠商ID不匹配: tol_vendor=8, input_vendor=1)
[DEBUG] 候選: ID=204, 規格='68*2.5*720', 廠商ID=8, has_vendor=True, has_spec=True
[DEBUG] -> 跳過 (廠商ID不匹配: tol_vendor=8, input_vendor=1)
[DEBUG] 候選: ID=205, 規格='68*2.7*390', 廠商ID=8, has_vendor=True, has_spec=True
[DEBUG] -> 跳過 (廠商ID不匹配: tol_vendor=8, input_vendor=1)
[DEBUG] 候選: ID=9, 規格='36*2.8*500', 廠商ID=4, has_vendor=True, has_spec=True
[DEBUG] -> 跳過 (廠商ID不匹配: tol_vendor=4, input_vendor=1)
[DEBUG] 候選: ID=206, 規格='68*2.7*595', 廠商ID=8, has_vendor=True, has_spec=True
[DEBUG] -> 跳過 (廠商ID不匹配: tol_vendor=8, input_vendor=1)
[DEBUG] 候選: ID=207, 規格='71*3*450', 廠商ID=8, has_vendor=True, has_spec=True
[DEBUG] -> 跳過 (廠商ID不匹配: tol_vendor=8, input_vendor=1)
[DEBUG] 候選: ID=208, 規格='73*6*680', 廠商ID=8, has_vendor=True, has_spec=True
[DEBUG] -> 跳過 (廠商ID不匹配: tol_vendor=8, input_vendor=1)
[DEBUG] 候選: ID=209, 規格='74*2.5*440', 廠商ID=8, has_vendor=True, has_spec=True
[DEBUG] -> 跳過 (廠商ID不匹配: tol_vendor=8, input_vendor=1)
[DEBUG] 候選: ID=210, 規格='75*2*585', 廠商ID=8, has_vendor=True, has_spec=True
[DEBUG] -> 跳過 (廠商ID不匹配: tol_vendor=8, input_vendor=1)
[DEBUG] 候選: ID=211, 規格='75*4*315', 廠商ID=8, has_vendor=True, has_spec=True
[DEBUG] -> 跳過 (廠商ID不匹配: tol_vendor=8, input_vendor=1)
[DEBUG] 候選: ID=212, 規格='90*3.5*500', 廠商ID=8, has_vendor=True, has_spec=True
[DEBUG] -> 跳過 (廠商ID不匹配: tol_vendor=8, input_vendor=1)
[DEBUG] 候選: ID=213, 規格='98*4*680', 廠商ID=8, has_vendor=True, has_spec=True
[DEBUG] -> 跳過 (廠商ID不匹配: tol_vendor=8, input_vendor=1)
[DEBUG] 候選: ID=214, 規格='98*4.2*535', 廠商ID=8, has_vendor=True, has_spec=True
[DEBUG] -> 跳過 (廠商ID不匹配: tol_vendor=8, input_vendor=1)
[DEBUG] 候選: ID=215, 規格='115*4*360', 廠商ID=8, has_vendor=True, has_spec=True
[DEBUG] -> 跳過 (廠商ID不匹配: tol_vendor=8, input_vendor=1)
[DEBUG] 候選: ID=216, 規格='115*4*540', 廠商ID=8, has_vendor=True, has_spec=True
[DEBUG] -> 跳過 (廠商ID不匹配: tol_vendor=8, input_vendor=1)
[DEBUG] 候選: ID=251, 規格='69.6*67.2*143', 廠商ID=24, has_vendor=True, has_spec=True
[DEBUG] -> 跳過 (廠商ID不匹配: tol_vendor=24, input_vendor=1)
[DEBUG] 候選: ID=252, 規格='84.5*82*164.5', 廠商ID=24, has_vendor=True, has_spec=True
[DEBUG] -> 跳過 (廠商ID不匹配: tol_vendor=24, input_vendor=1)
[DEBUG] 候選: ID=253, 規格='51*2.3*585', 廠商ID=8, has_vendor=True, has_spec=True
[DEBUG] -> 跳過 (廠商ID不匹配: tol_vendor=8, input_vendor=1)
[DEBUG] 候選: ID=255, 規格='38*2.75*295', 廠商ID=8, has_vendor=True, has_spec=True
[DEBUG] -> 跳過 (廠商ID不匹配: tol_vendor=8, input_vendor=1)
[DEBUG] 候選: ID=256, 規格='34*2.5*400', 廠商ID=8, has_vendor=True, has_spec=True
[DEBUG] -> 跳過 (廠商ID不匹配: tol_vendor=8, input_vendor=1)
[DEBUG] 候選: ID=419, 規格='62*4.0*5500', 廠商ID=3, has_vendor=True, has_spec=True
[DEBUG] -> 跳過 (廠商ID不匹配: tol_vendor=3, input_vendor=1)
[DEBUG] 候選: ID=423, 規格='25*20*175', 廠商ID=1, has_vendor=True, has_spec=True
[DEBUG] -> 跳過 (廠商ID不匹配: tol_vendor=1, input_vendor=1)
[DEBUG] 候選: ID=468, 規格='48*1.6*5500', 廠商ID=3, has_vendor=True, has_spec=True
[DEBUG] -> 跳過 (廠商ID不匹配: tol_vendor=3, input_vendor=1)
[DEBUG] 候選: ID=469, 規格='48*2.0*5500', 廠商ID=3, has_vendor=True, has_spec=True
[DEBUG] -> 跳過 (廠商ID不匹配: tol_vendor=3, input_vendor=1)
[DEBUG] 候選: ID=430, 規格='130*3.0*1020', 廠商ID=7, has_vendor=True, has_spec=True
[DEBUG] -> 跳過 (廠商ID不匹配: tol_vendor=7, input_vendor=1)
[DEBUG] 候選: ID=432, 規格='100*2.5*4800', 廠商ID=3, has_vendor=True, has_spec=True
[DEBUG] -> 跳過 (廠商ID不匹配: tol_vendor=3, input_vendor=1)
[DEBUG] 候選: ID=434, 規格='100*5.0*3000', 廠商ID=3, has_vendor=True, has_spec=True
[DEBUG] -> 跳過 (廠商ID不匹配: tol_vendor=3, input_vendor=1)
[DEBUG] 候選: ID=435, 規格='110*4.5*3200', 廠商ID=3, has_vendor=True, has_spec=True
[DEBUG] -> 跳過 (廠商ID不匹配: tol_vendor=3, input_vendor=1)
[DEBUG] 候選: ID=436, 規格='115*2.2*3000', 廠商ID=3, has_vendor=True, has_spec=True
[DEBUG] -> 跳過 (廠商ID不匹配: tol_vendor=3, input_vendor=1)
[DEBUG] 候選: ID=437, 規格='120*4.0*4600', 廠商ID=3, has_vendor=True, has_spec=True
[DEBUG] -> 跳過 (廠商ID不匹配: tol_vendor=3, input_vendor=1)
[DEBUG] 候選: ID=438, 規格='19*1.6*5500', 廠商ID=3, has_vendor=True, has_spec=True
[DEBUG] -> 跳過 (廠商ID不匹配: tol_vendor=3, input_vendor=1)
[DEBUG] 候選: ID=439, 規格='25.4*1.6*5500', 廠商ID=3, has_vendor=True, has_spec=True
[DEBUG] -> 跳過 (廠商ID不匹配: tol_vendor=3, input_vendor=1)
[DEBUG] 候選: ID=440, 規格='25.4*1.8*5500', 廠商ID=3, has_vendor=True, has_spec=True
[DEBUG] -> 跳過 (廠商ID不匹配: tol_vendor=3, input_vendor=1)
[DEBUG] 候選: ID=441, 規格='25.4*2.05*5500', 廠商ID=3, has_vendor=True, has_spec=True
[DEBUG] -> 跳過 (廠商ID不匹配: tol_vendor=3, input_vendor=1)
[DEBUG] 候選: ID=442, 規格='26*2.0*5500', 廠商ID=3, has_vendor=True, has_spec=True
[DEBUG] -> 跳過 (廠商ID不匹配: tol_vendor=3, input_vendor=1)
[DEBUG] 候選: ID=443, 規格='28.6*1.8*5500', 廠商ID=3, has_vendor=True, has_spec=True
[DEBUG] -> 跳過 (廠商ID不匹配: tol_vendor=3, input_vendor=1)
[DEBUG] 候選: ID=444, 規格='28.6*2.0*5500', 廠商ID=3, has_vendor=True, has_spec=True
[DEBUG] -> 跳過 (廠商ID不匹配: tol_vendor=3, input_vendor=1)
[DEBUG] 候選: ID=445, 規格='28.6*2.3*5500', 廠商ID=3, has_vendor=True, has_spec=True
[DEBUG] -> 跳過 (廠商ID不匹配: tol_vendor=3, input_vendor=1)
[DEBUG] 候選: ID=446, 規格='31.8*1.8*5500', 廠商ID=3, has_vendor=True, has_spec=True
[DEBUG] -> 跳過 (廠商ID不匹配: tol_vendor=3, input_vendor=1)
[DEBUG] 候選: ID=447, 規格='31.8*2.05*5500', 廠商ID=3, has_vendor=True, has_spec=True
[DEBUG] -> 跳過 (廠商ID不匹配: tol_vendor=3, input_vendor=1)
[DEBUG] 候選: ID=448, 規格='31.8*2.45*5500', 廠商ID=3, has_vendor=True, has_spec=True
[DEBUG] -> 跳過 (廠商ID不匹配: tol_vendor=3, input_vendor=1)
[DEBUG] 候選: ID=449, 規格='35*1.4*5500', 廠商ID=3, has_vendor=True, has_spec=True
[DEBUG] -> 跳過 (廠商ID不匹配: tol_vendor=3, input_vendor=1)
[DEBUG] 候選: ID=450, 規格='35*1.8*5500', 廠商ID=3, has_vendor=True, has_spec=True
[DEBUG] -> 跳過 (廠商ID不匹配: tol_vendor=3, input_vendor=1)
[DEBUG] 候選: ID=451, 規格='35*2.05*5500', 廠商ID=3, has_vendor=True, has_spec=True
[DEBUG] -> 跳過 (廠商ID不匹配: tol_vendor=3, input_vendor=1)
[DEBUG] 候選: ID=452, 規格='35*2.25*5500', 廠商ID=3, has_vendor=True, has_spec=True
[DEBUG] -> 跳過 (廠商ID不匹配: tol_vendor=3, input_vendor=1)
[DEBUG] 候選: ID=453, 規格='35*2.5*5500', 廠商ID=3, has_vendor=True, has_spec=True
[DEBUG] -> 跳過 (廠商ID不匹配: tol_vendor=3, input_vendor=1)
[DEBUG] 候選: ID=454, 規格='35*2.85*5500', 廠商ID=3, has_vendor=True, has_spec=True
[DEBUG] -> 跳過 (廠商ID不匹配: tol_vendor=3, input_vendor=1)
[DEBUG] 候選: ID=455, 規格='38*1.7*5500', 廠商ID=3, has_vendor=True, has_spec=True
[DEBUG] -> 跳過 (廠商ID不匹配: tol_vendor=3, input_vendor=1)
[DEBUG] 候選: ID=456, 規格='38*2.05*5500', 廠商ID=3, has_vendor=True, has_spec=True
[DEBUG] -> 跳過 (廠商ID不匹配: tol_vendor=3, input_vendor=1)
[DEBUG] 候選: ID=457, 規格='38.1*2.3*5500', 廠商ID=3, has_vendor=True, has_spec=True
[DEBUG] -> 跳過 (廠商ID不匹配: tol_vendor=3, input_vendor=1)
[DEBUG] 候選: ID=458, 規格='39*1.6*5500', 廠商ID=3, has_vendor=True, has_spec=True
[DEBUG] -> 跳過 (廠商ID不匹配: tol_vendor=3, input_vendor=1)
[DEBUG] 候選: ID=459, 規格='39*2.0*5500', 廠商ID=3, has_vendor=True, has_spec=True
[DEBUG] -> 跳過 (廠商ID不匹配: tol_vendor=3, input_vendor=1)
[DEBUG] 候選: ID=460, 規格='41*1.9*5500', 廠商ID=3, has_vendor=True, has_spec=True
[DEBUG] -> 跳過 (廠商ID不匹配: tol_vendor=3, input_vendor=1)
[DEBUG] 候選: ID=461, 規格='41*4.2*5500', 廠商ID=3, has_vendor=True, has_spec=True
[DEBUG] -> 跳過 (廠商ID不匹配: tol_vendor=3, input_vendor=1)
[DEBUG] 候選: ID=462, 規格='44*1.8*5500', 廠商ID=3, has_vendor=True, has_spec=True
[DEBUG] -> 跳過 (廠商ID不匹配: tol_vendor=3, input_vendor=1)
[DEBUG] 候選: ID=463, 規格='44*2.0*5500', 廠商ID=3, has_vendor=True, has_spec=True
[DEBUG] -> 跳過 (廠商ID不匹配: tol_vendor=3, input_vendor=1)
[DEBUG] 候選: ID=464, 規格='44*2.5*5500', 廠商ID=3, has_vendor=True, has_spec=True
[DEBUG] -> 跳過 (廠商ID不匹配: tol_vendor=3, input_vendor=1)
[DEBUG] 候選: ID=465, 規格='45*6.0*5500', 廠商ID=3, has_vendor=True, has_spec=True
[DEBUG] -> 跳過 (廠商ID不匹配: tol_vendor=3, input_vendor=1)
[DEBUG] 候選: ID=466, 規格='46.5*3.7*5500', 廠商ID=3, has_vendor=True, has_spec=True
[DEBUG] -> 跳過 (廠商ID不匹配: tol_vendor=3, input_vendor=1)
[DEBUG] 候選: ID=467, 規格='47*4.0*5500', 廠商ID=3, has_vendor=True, has_spec=True
[DEBUG] -> 跳過 (廠商ID不匹配: tol_vendor=3, input_vendor=1)
[DEBUG] 候選: ID=470, 規格='48*2.45*5500', 廠商ID=3, has_vendor=True, has_spec=True
[DEBUG] -> 跳過 (廠商ID不匹配: tol_vendor=3, input_vendor=1)
[DEBUG] 候選: ID=471, 規格='50*1.9*5500', 廠商ID=3, has_vendor=True, has_spec=True
[DEBUG] -> 跳過 (廠商ID不匹配: tol_vendor=3, input_vendor=1)
[DEBUG] 候選: ID=472, 規格='50*3.5*5500', 廠商ID=3, has_vendor=True, has_spec=True
[DEBUG] -> 跳過 (廠商ID不匹配: tol_vendor=3, input_vendor=1)
[DEBUG] 候選: ID=473, 規格='50*6.0*5500', 廠商ID=3, has_vendor=True, has_spec=True
[DEBUG] -> 跳過 (廠商ID不匹配: tol_vendor=3, input_vendor=1)
[DEBUG] 候選: ID=474, 規格='50*8.5*450', 廠商ID=3, has_vendor=True, has_spec=True
[DEBUG] -> 跳過 (廠商ID不匹配: tol_vendor=3, input_vendor=1)
[DEBUG] 候選: ID=475, 規格='52*8.5*460', 廠商ID=3, has_vendor=True, has_spec=True
[DEBUG] -> 跳過 (廠商ID不匹配: tol_vendor=3, input_vendor=1)
[DEBUG] 候選: ID=476, 規格='53*10.5*440', 廠商ID=3, has_vendor=True, has_spec=True
[DEBUG] -> 跳過 (廠商ID不匹配: tol_vendor=3, input_vendor=1)
[DEBUG] 候選: ID=477, 規格='53*6.2*415', 廠商ID=3, has_vendor=True, has_spec=True
[DEBUG] -> 跳過 (廠商ID不匹配: tol_vendor=3, input_vendor=1)
[DEBUG] 候選: ID=478, 規格='54*1.7*5500', 廠商ID=3, has_vendor=True, has_spec=True
[DEBUG] -> 跳過 (廠商ID不匹配: tol_vendor=3, input_vendor=1)
[DEBUG] 候選: ID=479, 規格='54*6.2*5500', 廠商ID=3, has_vendor=True, has_spec=True
[DEBUG] -> 跳過 (廠商ID不匹配: tol_vendor=3, input_vendor=1)
[DEBUG] 候選: ID=480, 規格='55*6.0*5500', 廠商ID=3, has_vendor=True, has_spec=True
[DEBUG] -> 跳過 (廠商ID不匹配: tol_vendor=3, input_vendor=1)
[DEBUG] 候選: ID=481, 規格='56*2.4*5500', 廠商ID=3, has_vendor=True, has_spec=True
[DEBUG] -> 跳過 (廠商ID不匹配: tol_vendor=3, input_vendor=1)
[DEBUG] 候選: ID=482, 規格='56*4.7*5500', 廠商ID=3, has_vendor=True, has_spec=True
[DEBUG] -> 跳過 (廠商ID不匹配: tol_vendor=3, input_vendor=1)
[DEBUG] 候選: ID=483, 規格='57*1.8*5500', 廠商ID=3, has_vendor=True, has_spec=True
[DEBUG] -> 跳過 (廠商ID不匹配: tol_vendor=3, input_vendor=1)
[DEBUG] 候選: ID=484, 規格='57*9.0*415', 廠商ID=3, has_vendor=True, has_spec=True
[DEBUG] -> 跳過 (廠商ID不匹配: tol_vendor=3, input_vendor=1)
[DEBUG] 候選: ID=485, 規格='57*9.0*375', 廠商ID=3, has_vendor=True, has_spec=True
[DEBUG] -> 跳過 (廠商ID不匹配: tol_vendor=3, input_vendor=1)
[DEBUG] 候選: ID=486, 規格='58*2.5*5500', 廠商ID=3, has_vendor=True, has_spec=True
[DEBUG] -> 跳過 (廠商ID不匹配: tol_vendor=3, input_vendor=1)
[DEBUG] 候選: ID=487, 規格='58*7.5*4600', 廠商ID=3, has_vendor=True, has_spec=True
[DEBUG] -> 跳過 (廠商ID不匹配: tol_vendor=3, input_vendor=1)
[DEBUG] 候選: ID=488, 規格='58*7.5*400', 廠商ID=3, has_vendor=True, has_spec=True
[DEBUG] -> 跳過 (廠商ID不匹配: tol_vendor=3, input_vendor=1)
[DEBUG] 候選: ID=489, 規格='58*8.0*4600', 廠商ID=3, has_vendor=True, has_spec=True
[DEBUG] -> 跳過 (廠商ID不匹配: tol_vendor=3, input_vendor=1)
[DEBUG] 候選: ID=490, 規格='58*9.0*4100', 廠商ID=3, has_vendor=True, has_spec=True
[DEBUG] -> 跳過 (廠商ID不匹配: tol_vendor=3, input_vendor=1)
[DEBUG] 候選: ID=491, 規格='60*1.5*5500', 廠商ID=3, has_vendor=True, has_spec=True
[DEBUG] -> 跳過 (廠商ID不匹配: tol_vendor=3, input_vendor=1)
[DEBUG] 候選: ID=492, 規格='60*2.5*5500', 廠商ID=3, has_vendor=True, has_spec=True
[DEBUG] -> 跳過 (廠商ID不匹配: tol_vendor=3, input_vendor=1)
[DEBUG] 候選: ID=493, 規格='62.3*8.5*4100', 廠商ID=3, has_vendor=True, has_spec=True
[DEBUG] -> 跳過 (廠商ID不匹配: tol_vendor=3, input_vendor=1)
[DEBUG] 候選: ID=494, 規格='62*2.3*5500', 廠商ID=3, has_vendor=True, has_spec=True
[DEBUG] -> 跳過 (廠商ID不匹配: tol_vendor=3, input_vendor=1)
[DEBUG] 候選: ID=495, 規格='62*4.0*5500', 廠商ID=3, has_vendor=True, has_spec=True
[DEBUG] -> 跳過 (廠商ID不匹配: tol_vendor=3, input_vendor=1)
[DEBUG] 候選: ID=496, 規格='64*10.5*3000', 廠商ID=3, has_vendor=True, has_spec=True
[DEBUG] -> 跳過 (廠商ID不匹配: tol_vendor=3, input_vendor=1)
[DEBUG] 候選: ID=497, 規格='65.5*2.4*5500', 廠商ID=3, has_vendor=True, has_spec=True
[DEBUG] -> 跳過 (廠商ID不匹配: tol_vendor=3, input_vendor=1)
[DEBUG] 候選: ID=498, 規格='65*1.8*5500', 廠商ID=3, has_vendor=True, has_spec=True
[DEBUG] -> 跳過 (廠商ID不匹配: tol_vendor=3, input_vendor=1)
[DEBUG] 候選: ID=499, 規格='65*2.8*5500', 廠商ID=3, has_vendor=True, has_spec=True
[DEBUG] -> 跳過 (廠商ID不匹配: tol_vendor=3, input_vendor=1)
[DEBUG] 候選: ID=500, 規格='65*8.5*3800', 廠商ID=3, has_vendor=True, has_spec=True
[DEBUG] -> 跳過 (廠商ID不匹配: tol_vendor=3, input_vendor=1)
[DEBUG] 候選: ID=501, 規格='68*14*2900', 廠商ID=3, has_vendor=True, has_spec=True
[DEBUG] -> 跳過 (廠商ID不匹配: tol_vendor=3, input_vendor=1)
[DEBUG] 候選: ID=502, 規格='70*2.0*5500', 廠商ID=3, has_vendor=True, has_spec=True
[DEBUG] -> 跳過 (廠商ID不匹配: tol_vendor=3, input_vendor=1)
[DEBUG] 候選: ID=503, 規格='70*2.3*5500', 廠商ID=3, has_vendor=True, has_spec=True
[DEBUG] -> 跳過 (廠商ID不匹配: tol_vendor=3, input_vendor=1)
[DEBUG] 候選: ID=504, 規格='70*8.0*4000', 廠商ID=3, has_vendor=True, has_spec=True
[DEBUG] -> 跳過 (廠商ID不匹配: tol_vendor=3, input_vendor=1)
[DEBUG] 候選: ID=505, 規格='70*9.0*4000', 廠商ID=3, has_vendor=True, has_spec=True
[DEBUG] -> 跳過 (廠商ID不匹配: tol_vendor=3, input_vendor=1)
[DEBUG] 候選: ID=506, 規格='72*2.0*5500', 廠商ID=3, has_vendor=True, has_spec=True
[DEBUG] -> 跳過 (廠商ID不匹配: tol_vendor=3, input_vendor=1)
[DEBUG] 候選: ID=507, 規格='72*2.6*5500', 廠商ID=3, has_vendor=True, has_spec=True
[DEBUG] -> 跳過 (廠商ID不匹配: tol_vendor=3, input_vendor=1)
[DEBUG] 候選: ID=508, 規格='72*3.0*5500', 廠商ID=3, has_vendor=True, has_spec=True
[DEBUG] -> 跳過 (廠商ID不匹配: tol_vendor=3, input_vendor=1)
[DEBUG] 候選: ID=509, 規格='74.5*10.8*394', 廠商ID=3, has_vendor=True, has_spec=True
[DEBUG] -> 跳過 (廠商ID不匹配: tol_vendor=3, input_vendor=1)
[DEBUG] 候選: ID=510, 規格='74*3.5*5500', 廠商ID=3, has_vendor=True, has_spec=True
[DEBUG] -> 跳過 (廠商ID不匹配: tol_vendor=3, input_vendor=1)
[DEBUG] 候選: ID=511, 規格='75*2.5*5500', 廠商ID=3, has_vendor=True, has_spec=True
[DEBUG] -> 跳過 (廠商ID不匹配: tol_vendor=3, input_vendor=1)
[DEBUG] 候選: ID=512, 規格='76*6.8*3100', 廠商ID=3, has_vendor=True, has_spec=True
[DEBUG] -> 跳過 (廠商ID不匹配: tol_vendor=3, input_vendor=1)
[DEBUG] 候選: ID=513, 規格='80*13*2000', 廠商ID=3, has_vendor=True, has_spec=True
[DEBUG] -> 跳過 (廠商ID不匹配: tol_vendor=3, input_vendor=1)
[DEBUG] 候選: ID=514, 規格='80*14*1900', 廠商ID=3, has_vendor=True, has_spec=True
[DEBUG] -> 跳過 (廠商ID不匹配: tol_vendor=3, input_vendor=1)
[DEBUG] 候選: ID=515, 規格='82*2.3*5500', 廠商ID=3, has_vendor=True, has_spec=True
[DEBUG] -> 跳過 (廠商ID不匹配: tol_vendor=3, input_vendor=1)
[DEBUG] 候選: ID=516, 規格='82*3.3*5500', 廠商ID=3, has_vendor=True, has_spec=True
[DEBUG] -> 跳過 (廠商ID不匹配: tol_vendor=3, input_vendor=1)
[DEBUG] 候選: ID=517, 規格='82*4.3*4000', 廠商ID=3, has_vendor=True, has_spec=True
[DEBUG] -> 跳過 (廠商ID不匹配: tol_vendor=3, input_vendor=1)
[DEBUG] 候選: ID=518, 規格='82*2.6*810', 廠商ID=8, has_vendor=True, has_spec=True
[DEBUG] -> 跳過 (廠商ID不匹配: tol_vendor=8, input_vendor=1)
[DEBUG] 候選: ID=519, 規格='', 廠商ID=4, has_vendor=True, has_spec=False
[DEBUG] -> 跳過 (廠商ID不匹配: tol_vendor=4, input_vendor=1)
[DEBUG] 候選: ID=433, 規格='100*4.0*3000', 廠商ID=3, has_vendor=True, has_spec=True
[DEBUG] -> 跳過 (廠商ID不匹配: tol_vendor=3, input_vendor=1)
[DEBUG] 查詢條件: vendor_id=1, material=6066-O, spec=31.9*3.0*567 -> normalize=31.9*3.0*567
[DEBUG] 公差候選數量: 2
[DEBUG] 候選: ID=49, 規格='None', 廠商ID=1, has_vendor=True, has_spec=False
[DEBUG] -> 跳過 (廠商ID不匹配: tol_vendor=1, input_vendor=1)
[DEBUG] 候選: ID=26, 規格='35*2.8', 廠商ID=4, has_vendor=True, has_spec=True
[DEBUG] -> 跳過 (廠商ID不匹配: tol_vendor=4, input_vendor=1)
[DEBUG] 查詢條件: vendor_id=1, material=6066-O, spec=31.9*3.0*505 -> normalize=31.9*3.0*505
[DEBUG] 公差候選數量: 2
[DEBUG] 候選: ID=49, 規格='None', 廠商ID=1, has_vendor=True, has_spec=False
[DEBUG] -> 跳過 (廠商ID不匹配: tol_vendor=1, input_vendor=1)
[DEBUG] 候選: ID=26, 規格='35*2.8', 廠商ID=4, has_vendor=True, has_spec=True
[DEBUG] -> 跳過 (廠商ID不匹配: tol_vendor=4, input_vendor=1)
[DEBUG] 查詢條件: vendor_id=1, material=6066-O, spec=31.9*3.0*479 -> normalize=31.9*3.0*479
[DEBUG] 公差候選數量: 2
[DEBUG] 候選: ID=49, 規格='None', 廠商ID=1, has_vendor=True, has_spec=False
[DEBUG] -> 跳過 (廠商ID不匹配: tol_vendor=1, input_vendor=1)
[DEBUG] 候選: ID=26, 規格='35*2.8', 廠商ID=4, has_vendor=True, has_spec=True
[DEBUG] -> 跳過 (廠商ID不匹配: tol_vendor=4, input_vendor=1)
[DEBUG] 查詢條件: vendor_id=8, material=6061-F, spec=34*2.5*400 -> normalize=34*2.5*400
[DEBUG] 公差候選數量: 169
[DEBUG] 候選: ID=7, 規格='34*2.3*505', 廠商ID=4, has_vendor=True, has_spec=True
[DEBUG] -> 跳過 (廠商ID不匹配: tol_vendor=4, input_vendor=8)
[DEBUG] 候選: ID=8, 規格='35*2.8', 廠商ID=4, has_vendor=True, has_spec=True
[DEBUG] -> 跳過 (廠商ID不匹配: tol_vendor=4, input_vendor=8)
[DEBUG] 候選: ID=10, 規格='36*3.0*430', 廠商ID=4, has_vendor=True, has_spec=True
[DEBUG] -> 跳過 (廠商ID不匹配: tol_vendor=4, input_vendor=8)
[DEBUG] 候選: ID=11, 規格='40*3.0*410', 廠商ID=4, has_vendor=True, has_spec=True
[DEBUG] -> 跳過 (廠商ID不匹配: tol_vendor=4, input_vendor=8)
[DEBUG] 候選: ID=45, 規格='None', 廠商ID=1, has_vendor=True, has_spec=False
[DEBUG] -> 跳過 (廠商ID不匹配: tol_vendor=1, input_vendor=8)
[DEBUG] 候選: ID=54, 規格='23*2.4*370', 廠商ID=8, has_vendor=True, has_spec=True
[DEBUG] -> 跳過 (廠商ID不匹配: tol_vendor=8, input_vendor=8)
[DEBUG] 候選: ID=55, 規格='26*1.8*390', 廠商ID=8, has_vendor=True, has_spec=True
[DEBUG] -> 跳過 (廠商ID不匹配: tol_vendor=8, input_vendor=8)
[DEBUG] 候選: ID=56, 規格='28*2.0*350', 廠商ID=8, has_vendor=True, has_spec=True
[DEBUG] -> 跳過 (廠商ID不匹配: tol_vendor=8, input_vendor=8)
[DEBUG] 候選: ID=57, 規格='28.2*1.9*535', 廠商ID=8, has_vendor=True, has_spec=True
[DEBUG] -> 跳過 (廠商ID不匹配: tol_vendor=8, input_vendor=8)
[DEBUG] 候選: ID=58, 規格='28.6*4.0*615', 廠商ID=8, has_vendor=True, has_spec=True
[DEBUG] -> 跳過 (廠商ID不匹配: tol_vendor=8, input_vendor=8)
[DEBUG] 候選: ID=59, 規格='30*1.7*445', 廠商ID=8, has_vendor=True, has_spec=True
[DEBUG] -> 跳過 (廠商ID不匹配: tol_vendor=8, input_vendor=8)
[DEBUG] 候選: ID=60, 規格='31*2.0*310', 廠商ID=8, has_vendor=True, has_spec=True
[DEBUG] -> 跳過 (廠商ID不匹配: tol_vendor=8, input_vendor=8)
[DEBUG] 候選: ID=61, 規格='31.8*2.8*746', 廠商ID=8, has_vendor=True, has_spec=True
[DEBUG] -> 跳過 (廠商ID不匹配: tol_vendor=8, input_vendor=8)
[DEBUG] 候選: ID=62, 規格='33*1.8*370', 廠商ID=8, has_vendor=True, has_spec=True
[DEBUG] -> 跳過 (廠商ID不匹配: tol_vendor=8, input_vendor=8)
[DEBUG] 候選: ID=63, 規格='34*1.8*280', 廠商ID=8, has_vendor=True, has_spec=True
[DEBUG] -> 跳過 (廠商ID不匹配: tol_vendor=8, input_vendor=8)
[DEBUG] 候選: ID=64, 規格='35*2.5*290', 廠商ID=8, has_vendor=True, has_spec=True
[DEBUG] -> 跳過 (廠商ID不匹配: tol_vendor=8, input_vendor=8)
[DEBUG] 候選: ID=65, 規格='35*2.5*410', 廠商ID=8, has_vendor=True, has_spec=True
[DEBUG] -> 跳過 (廠商ID不匹配: tol_vendor=8, input_vendor=8)
[DEBUG] 候選: ID=66, 規格='35*2.6*395', 廠商ID=8, has_vendor=True, has_spec=True
[DEBUG] -> 跳過 (廠商ID不匹配: tol_vendor=8, input_vendor=8)
[DEBUG] 候選: ID=67, 規格='38*2.0*420', 廠商ID=8, has_vendor=True, has_spec=True
[DEBUG] -> 跳過 (廠商ID不匹配: tol_vendor=8, input_vendor=8)
[DEBUG] 候選: ID=68, 規格='38*2.5*380', 廠商ID=8, has_vendor=True, has_spec=True
[DEBUG] -> 跳過 (廠商ID不匹配: tol_vendor=8, input_vendor=8)
[DEBUG] 候選: ID=69, 規格='39*2.5*310', 廠商ID=8, has_vendor=True, has_spec=True
[DEBUG] -> 跳過 (廠商ID不匹配: tol_vendor=8, input_vendor=8)
[DEBUG] 候選: ID=148, 規格='40*2.4*300', 廠商ID=8, has_vendor=True, has_spec=True
[DEBUG] -> 跳過 (廠商ID不匹配: tol_vendor=8, input_vendor=8)
[DEBUG] 候選: ID=149, 規格='40*2.6*605', 廠商ID=8, has_vendor=True, has_spec=True
[DEBUG] -> 跳過 (廠商ID不匹配: tol_vendor=8, input_vendor=8)
[DEBUG] 候選: ID=168, 規格='42*2*320', 廠商ID=8, has_vendor=True, has_spec=True
[DEBUG] -> 跳過 (廠商ID不匹配: tol_vendor=8, input_vendor=8)
[DEBUG] 候選: ID=169, 規格='42*3.5*565', 廠商ID=8, has_vendor=True, has_spec=True
[DEBUG] -> 跳過 (廠商ID不匹配: tol_vendor=8, input_vendor=8)
[DEBUG] 候選: ID=170, 規格='43*2.1*300', 廠商ID=8, has_vendor=True, has_spec=True
[DEBUG] -> 跳過 (廠商ID不匹配: tol_vendor=8, input_vendor=8)
[DEBUG] 候選: ID=171, 規格='43*2.5*320', 廠商ID=8, has_vendor=True, has_spec=True
[DEBUG] -> 跳過 (廠商ID不匹配: tol_vendor=8, input_vendor=8)
[DEBUG] 候選: ID=172, 規格='44*3.6*260', 廠商ID=8, has_vendor=True, has_spec=True
[DEBUG] -> 跳過 (廠商ID不匹配: tol_vendor=8, input_vendor=8)
[DEBUG] 候選: ID=173, 規格='44*4*200', 廠商ID=8, has_vendor=True, has_spec=True
[DEBUG] -> 跳過 (廠商ID不匹配: tol_vendor=8, input_vendor=8)
[DEBUG] 候選: ID=174, 規格='44*4*295', 廠商ID=8, has_vendor=True, has_spec=True
[DEBUG] -> 跳過 (廠商ID不匹配: tol_vendor=8, input_vendor=8)
[DEBUG] 候選: ID=175, 規格='44*4*310', 廠商ID=8, has_vendor=True, has_spec=True
[DEBUG] -> 跳過 (廠商ID不匹配: tol_vendor=8, input_vendor=8)
[DEBUG] 候選: ID=176, 規格='45*2.1*550', 廠商ID=8, has_vendor=True, has_spec=True
[DEBUG] -> 跳過 (廠商ID不匹配: tol_vendor=8, input_vendor=8)
[DEBUG] 候選: ID=177, 規格='47*2.5*345', 廠商ID=8, has_vendor=True, has_spec=True
[DEBUG] -> 跳過 (廠商ID不匹配: tol_vendor=8, input_vendor=8)
[DEBUG] 候選: ID=178, 規格='48*1.8*260', 廠商ID=8, has_vendor=True, has_spec=True
[DEBUG] -> 跳過 (廠商ID不匹配: tol_vendor=8, input_vendor=8)
[DEBUG] 候選: ID=179, 規格='49*2.3*495', 廠商ID=8, has_vendor=True, has_spec=True
[DEBUG] -> 跳過 (廠商ID不匹配: tol_vendor=8, input_vendor=8)
[DEBUG] 候選: ID=180, 規格='49*2.5*450', 廠商ID=8, has_vendor=True, has_spec=True
[DEBUG] -> 跳過 (廠商ID不匹配: tol_vendor=8, input_vendor=8)
[DEBUG] 候選: ID=181, 規格='49*2.7*315', 廠商ID=8, has_vendor=True, has_spec=True
[DEBUG] -> 跳過 (廠商ID不匹配: tol_vendor=8, input_vendor=8)
[DEBUG] 候選: ID=182, 規格='51*2.5*490', 廠商ID=8, has_vendor=True, has_spec=True
[DEBUG] -> 跳過 (廠商ID不匹配: tol_vendor=8, input_vendor=8)
[DEBUG] 候選: ID=183, 規格='52*3.5*480', 廠商ID=8, has_vendor=True, has_spec=True
[DEBUG] -> 跳過 (廠商ID不匹配: tol_vendor=8, input_vendor=8)
[DEBUG] 候選: ID=184, 規格='55*2.2*355', 廠商ID=8, has_vendor=True, has_spec=True
[DEBUG] -> 跳過 (廠商ID不匹配: tol_vendor=8, input_vendor=8)
[DEBUG] 候選: ID=185, 規格='56*1.7*390', 廠商ID=8, has_vendor=True, has_spec=True
[DEBUG] -> 跳過 (廠商ID不匹配: tol_vendor=8, input_vendor=8)
[DEBUG] 候選: ID=186, 規格='58*4*470', 廠商ID=8, has_vendor=True, has_spec=True
[DEBUG] -> 跳過 (廠商ID不匹配: tol_vendor=8, input_vendor=8)
[DEBUG] 候選: ID=187, 規格='59*3*390', 廠商ID=8, has_vendor=True, has_spec=True
[DEBUG] -> 跳過 (廠商ID不匹配: tol_vendor=8, input_vendor=8)
[DEBUG] 候選: ID=188, 規格='59*3*550', 廠商ID=8, has_vendor=True, has_spec=True
[DEBUG] -> 跳過 (廠商ID不匹配: tol_vendor=8, input_vendor=8)
[DEBUG] 候選: ID=189, 規格='62*2.8*540', 廠商ID=8, has_vendor=True, has_spec=True
[DEBUG] -> 跳過 (廠商ID不匹配: tol_vendor=8, input_vendor=8)
[DEBUG] 候選: ID=190, 規格='62*3*625', 廠商ID=8, has_vendor=True, has_spec=True
[DEBUG] -> 跳過 (廠商ID不匹配: tol_vendor=8, input_vendor=8)
[DEBUG] 候選: ID=191, 規格='62*3.5*390', 廠商ID=8, has_vendor=True, has_spec=True
[DEBUG] -> 跳過 (廠商ID不匹配: tol_vendor=8, input_vendor=8)
[DEBUG] 候選: ID=192, 規格='63*2*460', 廠商ID=8, has_vendor=True, has_spec=True
[DEBUG] -> 跳過 (廠商ID不匹配: tol_vendor=8, input_vendor=8)
[DEBUG] 候選: ID=193, 規格='63*2.1*490', 廠商ID=8, has_vendor=True, has_spec=True
[DEBUG] -> 跳過 (廠商ID不匹配: tol_vendor=8, input_vendor=8)
[DEBUG] 候選: ID=194, 規格='63*2.2*470', 廠商ID=8, has_vendor=True, has_spec=True
[DEBUG] -> 跳過 (廠商ID不匹配: tol_vendor=8, input_vendor=8)
[DEBUG] 候選: ID=195, 規格='64*4*480', 廠商ID=8, has_vendor=True, has_spec=True
[DEBUG] -> 跳過 (廠商ID不匹配: tol_vendor=8, input_vendor=8)
[DEBUG] 候選: ID=196, 規格='64.5*2*540', 廠商ID=8, has_vendor=True, has_spec=True
[DEBUG] -> 跳過 (廠商ID不匹配: tol_vendor=8, input_vendor=8)
[DEBUG] 候選: ID=197, 規格='64.5*2*600', 廠商ID=8, has_vendor=True, has_spec=True
[DEBUG] -> 跳過 (廠商ID不匹配: tol_vendor=8, input_vendor=8)
[DEBUG] 候選: ID=198, 規格='64.5*2.3*380', 廠商ID=8, has_vendor=True, has_spec=True
[DEBUG] -> 跳過 (廠商ID不匹配: tol_vendor=8, input_vendor=8)
[DEBUG] 候選: ID=199, 規格='65*2.5*375', 廠商ID=8, has_vendor=True, has_spec=True
[DEBUG] -> 跳過 (廠商ID不匹配: tol_vendor=8, input_vendor=8)
[DEBUG] 候選: ID=200, 規格='67*2.2*590', 廠商ID=8, has_vendor=True, has_spec=True
[DEBUG] -> 跳過 (廠商ID不匹配: tol_vendor=8, input_vendor=8)
[DEBUG] 候選: ID=201, 規格='67*4.5*440', 廠商ID=8, has_vendor=True, has_spec=True
[DEBUG] -> 跳過 (廠商ID不匹配: tol_vendor=8, input_vendor=8)
[DEBUG] 候選: ID=202, 規格='68*2.2*395', 廠商ID=8, has_vendor=True, has_spec=True
[DEBUG] -> 跳過 (廠商ID不匹配: tol_vendor=8, input_vendor=8)
[DEBUG] 候選: ID=203, 規格='68*2.5*700', 廠商ID=8, has_vendor=True, has_spec=True
[DEBUG] -> 跳過 (廠商ID不匹配: tol_vendor=8, input_vendor=8)
[DEBUG] 候選: ID=204, 規格='68*2.5*720', 廠商ID=8, has_vendor=True, has_spec=True
[DEBUG] -> 跳過 (廠商ID不匹配: tol_vendor=8, input_vendor=8)
[DEBUG] 候選: ID=205, 規格='68*2.7*390', 廠商ID=8, has_vendor=True, has_spec=True
[DEBUG] -> 跳過 (廠商ID不匹配: tol_vendor=8, input_vendor=8)
[DEBUG] 候選: ID=9, 規格='36*2.8*500', 廠商ID=4, has_vendor=True, has_spec=True
[DEBUG] -> 跳過 (廠商ID不匹配: tol_vendor=4, input_vendor=8)
[DEBUG] 候選: ID=206, 規格='68*2.7*595', 廠商ID=8, has_vendor=True, has_spec=True
[DEBUG] -> 跳過 (廠商ID不匹配: tol_vendor=8, input_vendor=8)
[DEBUG] 候選: ID=207, 規格='71*3*450', 廠商ID=8, has_vendor=True, has_spec=True
[DEBUG] -> 跳過 (廠商ID不匹配: tol_vendor=8, input_vendor=8)
[DEBUG] 候選: ID=208, 規格='73*6*680', 廠商ID=8, has_vendor=True, has_spec=True
[DEBUG] -> 跳過 (廠商ID不匹配: tol_vendor=8, input_vendor=8)
[DEBUG] 候選: ID=209, 規格='74*2.5*440', 廠商ID=8, has_vendor=True, has_spec=True
[DEBUG] -> 跳過 (廠商ID不匹配: tol_vendor=8, input_vendor=8)
[DEBUG] 候選: ID=210, 規格='75*2*585', 廠商ID=8, has_vendor=True, has_spec=True
[DEBUG] -> 跳過 (廠商ID不匹配: tol_vendor=8, input_vendor=8)
[DEBUG] 候選: ID=211, 規格='75*4*315', 廠商ID=8, has_vendor=True, has_spec=True
[DEBUG] -> 跳過 (廠商ID不匹配: tol_vendor=8, input_vendor=8)
[DEBUG] 候選: ID=212, 規格='90*3.5*500', 廠商ID=8, has_vendor=True, has_spec=True
[DEBUG] -> 跳過 (廠商ID不匹配: tol_vendor=8, input_vendor=8)
[DEBUG] 候選: ID=213, 規格='98*4*680', 廠商ID=8, has_vendor=True, has_spec=True
[DEBUG] -> 跳過 (廠商ID不匹配: tol_vendor=8, input_vendor=8)
[DEBUG] 候選: ID=214, 規格='98*4.2*535', 廠商ID=8, has_vendor=True, has_spec=True
[DEBUG] -> 跳過 (廠商ID不匹配: tol_vendor=8, input_vendor=8)
[DEBUG] 候選: ID=215, 規格='115*4*360', 廠商ID=8, has_vendor=True, has_spec=True
[DEBUG] -> 跳過 (廠商ID不匹配: tol_vendor=8, input_vendor=8)
[DEBUG] 候選: ID=216, 規格='115*4*540', 廠商ID=8, has_vendor=True, has_spec=True
[DEBUG] -> 跳過 (廠商ID不匹配: tol_vendor=8, input_vendor=8)
[DEBUG] 候選: ID=251, 規格='69.6*67.2*143', 廠商ID=24, has_vendor=True, has_spec=True
[DEBUG] -> 跳過 (廠商ID不匹配: tol_vendor=24, input_vendor=8)
[DEBUG] 候選: ID=252, 規格='84.5*82*164.5', 廠商ID=24, has_vendor=True, has_spec=True
[DEBUG] -> 跳過 (廠商ID不匹配: tol_vendor=24, input_vendor=8)
[DEBUG] 候選: ID=253, 規格='51*2.3*585', 廠商ID=8, has_vendor=True, has_spec=True
[DEBUG] -> 跳過 (廠商ID不匹配: tol_vendor=8, input_vendor=8)
[DEBUG] 候選: ID=255, 規格='38*2.75*295', 廠商ID=8, has_vendor=True, has_spec=True
[DEBUG] -> 跳過 (廠商ID不匹配: tol_vendor=8, input_vendor=8)
[DEBUG] 候選: ID=256, 規格='34*2.5*400', 廠商ID=8, has_vendor=True, has_spec=True
[DEBUG] -> 跳過 (廠商ID不匹配: tol_vendor=8, input_vendor=8)
[DEBUG] 候選: ID=419, 規格='62*4.0*5500', 廠商ID=3, has_vendor=True, has_spec=True
[DEBUG] -> 跳過 (廠商ID不匹配: tol_vendor=3, input_vendor=8)
[DEBUG] 候選: ID=423, 規格='25*20*175', 廠商ID=1, has_vendor=True, has_spec=True
[DEBUG] -> 跳過 (廠商ID不匹配: tol_vendor=1, input_vendor=8)
[DEBUG] 候選: ID=468, 規格='48*1.6*5500', 廠商ID=3, has_vendor=True, has_spec=True
[DEBUG] -> 跳過 (廠商ID不匹配: tol_vendor=3, input_vendor=8)
[DEBUG] 候選: ID=469, 規格='48*2.0*5500', 廠商ID=3, has_vendor=True, has_spec=True
[DEBUG] -> 跳過 (廠商ID不匹配: tol_vendor=3, input_vendor=8)
[DEBUG] 候選: ID=430, 規格='130*3.0*1020', 廠商ID=7, has_vendor=True, has_spec=True
[DEBUG] -> 跳過 (廠商ID不匹配: tol_vendor=7, input_vendor=8)
[DEBUG] 候選: ID=432, 規格='100*2.5*4800', 廠商ID=3, has_vendor=True, has_spec=True
[DEBUG] -> 跳過 (廠商ID不匹配: tol_vendor=3, input_vendor=8)
[DEBUG] 候選: ID=434, 規格='100*5.0*3000', 廠商ID=3, has_vendor=True, has_spec=True
[DEBUG] -> 跳過 (廠商ID不匹配: tol_vendor=3, input_vendor=8)
[DEBUG] 候選: ID=435, 規格='110*4.5*3200', 廠商ID=3, has_vendor=True, has_spec=True
[DEBUG] -> 跳過 (廠商ID不匹配: tol_vendor=3, input_vendor=8)
[DEBUG] 候選: ID=436, 規格='115*2.2*3000', 廠商ID=3, has_vendor=True, has_spec=True
[DEBUG] -> 跳過 (廠商ID不匹配: tol_vendor=3, input_vendor=8)
[DEBUG] 候選: ID=437, 規格='120*4.0*4600', 廠商ID=3, has_vendor=True, has_spec=True
[DEBUG] -> 跳過 (廠商ID不匹配: tol_vendor=3, input_vendor=8)
[DEBUG] 候選: ID=438, 規格='19*1.6*5500', 廠商ID=3, has_vendor=True, has_spec=True
[DEBUG] -> 跳過 (廠商ID不匹配: tol_vendor=3, input_vendor=8)
[DEBUG] 候選: ID=439, 規格='25.4*1.6*5500', 廠商ID=3, has_vendor=True, has_spec=True
[DEBUG] -> 跳過 (廠商ID不匹配: tol_vendor=3, input_vendor=8)
[DEBUG] 候選: ID=440, 規格='25.4*1.8*5500', 廠商ID=3, has_vendor=True, has_spec=True
[DEBUG] -> 跳過 (廠商ID不匹配: tol_vendor=3, input_vendor=8)
[DEBUG] 候選: ID=441, 規格='25.4*2.05*5500', 廠商ID=3, has_vendor=True, has_spec=True
[DEBUG] -> 跳過 (廠商ID不匹配: tol_vendor=3, input_vendor=8)
[DEBUG] 候選: ID=442, 規格='26*2.0*5500', 廠商ID=3, has_vendor=True, has_spec=True
[DEBUG] -> 跳過 (廠商ID不匹配: tol_vendor=3, input_vendor=8)
[DEBUG] 候選: ID=443, 規格='28.6*1.8*5500', 廠商ID=3, has_vendor=True, has_spec=True
[DEBUG] -> 跳過 (廠商ID不匹配: tol_vendor=3, input_vendor=8)
[DEBUG] 候選: ID=444, 規格='28.6*2.0*5500', 廠商ID=3, has_vendor=True, has_spec=True
[DEBUG] -> 跳過 (廠商ID不匹配: tol_vendor=3, input_vendor=8)
[DEBUG] 候選: ID=445, 規格='28.6*2.3*5500', 廠商ID=3, has_vendor=True, has_spec=True
[DEBUG] -> 跳過 (廠商ID不匹配: tol_vendor=3, input_vendor=8)
[DEBUG] 候選: ID=446, 規格='31.8*1.8*5500', 廠商ID=3, has_vendor=True, has_spec=True
[DEBUG] -> 跳過 (廠商ID不匹配: tol_vendor=3, input_vendor=8)
[DEBUG] 候選: ID=447, 規格='31.8*2.05*5500', 廠商ID=3, has_vendor=True, has_spec=True
[DEBUG] -> 跳過 (廠商ID不匹配: tol_vendor=3, input_vendor=8)
[DEBUG] 候選: ID=448, 規格='31.8*2.45*5500', 廠商ID=3, has_vendor=True, has_spec=True
[DEBUG] -> 跳過 (廠商ID不匹配: tol_vendor=3, input_vendor=8)
[DEBUG] 候選: ID=449, 規格='35*1.4*5500', 廠商ID=3, has_vendor=True, has_spec=True
[DEBUG] -> 跳過 (廠商ID不匹配: tol_vendor=3, input_vendor=8)
[DEBUG] 候選: ID=450, 規格='35*1.8*5500', 廠商ID=3, has_vendor=True, has_spec=True
[DEBUG] -> 跳過 (廠商ID不匹配: tol_vendor=3, input_vendor=8)
[DEBUG] 候選: ID=451, 規格='35*2.05*5500', 廠商ID=3, has_vendor=True, has_spec=True
[DEBUG] -> 跳過 (廠商ID不匹配: tol_vendor=3, input_vendor=8)
[DEBUG] 候選: ID=452, 規格='35*2.25*5500', 廠商ID=3, has_vendor=True, has_spec=True
[DEBUG] -> 跳過 (廠商ID不匹配: tol_vendor=3, input_vendor=8)
[DEBUG] 候選: ID=453, 規格='35*2.5*5500', 廠商ID=3, has_vendor=True, has_spec=True
[DEBUG] -> 跳過 (廠商ID不匹配: tol_vendor=3, input_vendor=8)
[DEBUG] 候選: ID=454, 規格='35*2.85*5500', 廠商ID=3, has_vendor=True, has_spec=True
[DEBUG] -> 跳過 (廠商ID不匹配: tol_vendor=3, input_vendor=8)
[DEBUG] 候選: ID=455, 規格='38*1.7*5500', 廠商ID=3, has_vendor=True, has_spec=True
[DEBUG] -> 跳過 (廠商ID不匹配: tol_vendor=3, input_vendor=8)
[DEBUG] 候選: ID=456, 規格='38*2.05*5500', 廠商ID=3, has_vendor=True, has_spec=True
[DEBUG] -> 跳過 (廠商ID不匹配: tol_vendor=3, input_vendor=8)
[DEBUG] 候選: ID=457, 規格='38.1*2.3*5500', 廠商ID=3, has_vendor=True, has_spec=True
[DEBUG] -> 跳過 (廠商ID不匹配: tol_vendor=3, input_vendor=8)
[DEBUG] 候選: ID=458, 規格='39*1.6*5500', 廠商ID=3, has_vendor=True, has_spec=True
[DEBUG] -> 跳過 (廠商ID不匹配: tol_vendor=3, input_vendor=8)
[DEBUG] 候選: ID=459, 規格='39*2.0*5500', 廠商ID=3, has_vendor=True, has_spec=True
[DEBUG] -> 跳過 (廠商ID不匹配: tol_vendor=3, input_vendor=8)
[DEBUG] 候選: ID=460, 規格='41*1.9*5500', 廠商ID=3, has_vendor=True, has_spec=True
[DEBUG] -> 跳過 (廠商ID不匹配: tol_vendor=3, input_vendor=8)
[DEBUG] 候選: ID=461, 規格='41*4.2*5500', 廠商ID=3, has_vendor=True, has_spec=True
[DEBUG] -> 跳過 (廠商ID不匹配: tol_vendor=3, input_vendor=8)
[DEBUG] 候選: ID=462, 規格='44*1.8*5500', 廠商ID=3, has_vendor=True, has_spec=True
[DEBUG] -> 跳過 (廠商ID不匹配: tol_vendor=3, input_vendor=8)
[DEBUG] 候選: ID=463, 規格='44*2.0*5500', 廠商ID=3, has_vendor=True, has_spec=True
[DEBUG] -> 跳過 (廠商ID不匹配: tol_vendor=3, input_vendor=8)
[DEBUG] 候選: ID=464, 規格='44*2.5*5500', 廠商ID=3, has_vendor=True, has_spec=True
[DEBUG] -> 跳過 (廠商ID不匹配: tol_vendor=3, input_vendor=8)
[DEBUG] 候選: ID=465, 規格='45*6.0*5500', 廠商ID=3, has_vendor=True, has_spec=True
[DEBUG] -> 跳過 (廠商ID不匹配: tol_vendor=3, input_vendor=8)
[DEBUG] 候選: ID=466, 規格='46.5*3.7*5500', 廠商ID=3, has_vendor=True, has_spec=True
[DEBUG] -> 跳過 (廠商ID不匹配: tol_vendor=3, input_vendor=8)
[DEBUG] 候選: ID=467, 規格='47*4.0*5500', 廠商ID=3, has_vendor=True, has_spec=True
[DEBUG] -> 跳過 (廠商ID不匹配: tol_vendor=3, input_vendor=8)
[DEBUG] 候選: ID=470, 規格='48*2.45*5500', 廠商ID=3, has_vendor=True, has_spec=True
[DEBUG] -> 跳過 (廠商ID不匹配: tol_vendor=3, input_vendor=8)
[DEBUG] 候選: ID=471, 規格='50*1.9*5500', 廠商ID=3, has_vendor=True, has_spec=True
[DEBUG] -> 跳過 (廠商ID不匹配: tol_vendor=3, input_vendor=8)
[DEBUG] 候選: ID=472, 規格='50*3.5*5500', 廠商ID=3, has_vendor=True, has_spec=True
[DEBUG] -> 跳過 (廠商ID不匹配: tol_vendor=3, input_vendor=8)
[DEBUG] 候選: ID=473, 規格='50*6.0*5500', 廠商ID=3, has_vendor=True, has_spec=True
[DEBUG] -> 跳過 (廠商ID不匹配: tol_vendor=3, input_vendor=8)
[DEBUG] 候選: ID=474, 規格='50*8.5*450', 廠商ID=3, has_vendor=True, has_spec=True
[DEBUG] -> 跳過 (廠商ID不匹配: tol_vendor=3, input_vendor=8)
[DEBUG] 候選: ID=475, 規格='52*8.5*460', 廠商ID=3, has_vendor=True, has_spec=True
[DEBUG] -> 跳過 (廠商ID不匹配: tol_vendor=3, input_vendor=8)
[DEBUG] 候選: ID=476, 規格='53*10.5*440', 廠商ID=3, has_vendor=True, has_spec=True
[DEBUG] -> 跳過 (廠商ID不匹配: tol_vendor=3, input_vendor=8)
[DEBUG] 候選: ID=477, 規格='53*6.2*415', 廠商ID=3, has_vendor=True, has_spec=True
[DEBUG] -> 跳過 (廠商ID不匹配: tol_vendor=3, input_vendor=8)
[DEBUG] 候選: ID=478, 規格='54*1.7*5500', 廠商ID=3, has_vendor=True, has_spec=True
[DEBUG] -> 跳過 (廠商ID不匹配: tol_vendor=3, input_vendor=8)
[DEBUG] 候選: ID=479, 規格='54*6.2*5500', 廠商ID=3, has_vendor=True, has_spec=True
[DEBUG] -> 跳過 (廠商ID不匹配: tol_vendor=3, input_vendor=8)
[DEBUG] 候選: ID=480, 規格='55*6.0*5500', 廠商ID=3, has_vendor=True, has_spec=True
[DEBUG] -> 跳過 (廠商ID不匹配: tol_vendor=3, input_vendor=8)
[DEBUG] 候選: ID=481, 規格='56*2.4*5500', 廠商ID=3, has_vendor=True, has_spec=True
[DEBUG] -> 跳過 (廠商ID不匹配: tol_vendor=3, input_vendor=8)
[DEBUG] 候選: ID=482, 規格='56*4.7*5500', 廠商ID=3, has_vendor=True, has_spec=True
[DEBUG] -> 跳過 (廠商ID不匹配: tol_vendor=3, input_vendor=8)
[DEBUG] 候選: ID=483, 規格='57*1.8*5500', 廠商ID=3, has_vendor=True, has_spec=True
[DEBUG] -> 跳過 (廠商ID不匹配: tol_vendor=3, input_vendor=8)
[DEBUG] 候選: ID=484, 規格='57*9.0*415', 廠商ID=3, has_vendor=True, has_spec=True
[DEBUG] -> 跳過 (廠商ID不匹配: tol_vendor=3, input_vendor=8)
[DEBUG] 候選: ID=485, 規格='57*9.0*375', 廠商ID=3, has_vendor=True, has_spec=True
[DEBUG] -> 跳過 (廠商ID不匹配: tol_vendor=3, input_vendor=8)
[DEBUG] 候選: ID=486, 規格='58*2.5*5500', 廠商ID=3, has_vendor=True, has_spec=True
[DEBUG] -> 跳過 (廠商ID不匹配: tol_vendor=3, input_vendor=8)
[DEBUG] 候選: ID=487, 規格='58*7.5*4600', 廠商ID=3, has_vendor=True, has_spec=True
[DEBUG] -> 跳過 (廠商ID不匹配: tol_vendor=3, input_vendor=8)
[DEBUG] 候選: ID=488, 規格='58*7.5*400', 廠商ID=3, has_vendor=True, has_spec=True
[DEBUG] -> 跳過 (廠商ID不匹配: tol_vendor=3, input_vendor=8)
[DEBUG] 候選: ID=489, 規格='58*8.0*4600', 廠商ID=3, has_vendor=True, has_spec=True
[DEBUG] -> 跳過 (廠商ID不匹配: tol_vendor=3, input_vendor=8)
[DEBUG] 候選: ID=490, 規格='58*9.0*4100', 廠商ID=3, has_vendor=True, has_spec=True
[DEBUG] -> 跳過 (廠商ID不匹配: tol_vendor=3, input_vendor=8)
[DEBUG] 候選: ID=491, 規格='60*1.5*5500', 廠商ID=3, has_vendor=True, has_spec=True
[DEBUG] -> 跳過 (廠商ID不匹配: tol_vendor=3, input_vendor=8)
[DEBUG] 候選: ID=492, 規格='60*2.5*5500', 廠商ID=3, has_vendor=True, has_spec=True
[DEBUG] -> 跳過 (廠商ID不匹配: tol_vendor=3, input_vendor=8)
[DEBUG] 候選: ID=493, 規格='62.3*8.5*4100', 廠商ID=3, has_vendor=True, has_spec=True
[DEBUG] -> 跳過 (廠商ID不匹配: tol_vendor=3, input_vendor=8)
[DEBUG] 候選: ID=494, 規格='62*2.3*5500', 廠商ID=3, has_vendor=True, has_spec=True
[DEBUG] -> 跳過 (廠商ID不匹配: tol_vendor=3, input_vendor=8)
[DEBUG] 候選: ID=495, 規格='62*4.0*5500', 廠商ID=3, has_vendor=True, has_spec=True
[DEBUG] -> 跳過 (廠商ID不匹配: tol_vendor=3, input_vendor=8)
[DEBUG] 候選: ID=496, 規格='64*10.5*3000', 廠商ID=3, has_vendor=True, has_spec=True
[DEBUG] -> 跳過 (廠商ID不匹配: tol_vendor=3, input_vendor=8)
[DEBUG] 候選: ID=497, 規格='65.5*2.4*5500', 廠商ID=3, has_vendor=True, has_spec=True
[DEBUG] -> 跳過 (廠商ID不匹配: tol_vendor=3, input_vendor=8)
[DEBUG] 候選: ID=498, 規格='65*1.8*5500', 廠商ID=3, has_vendor=True, has_spec=True
[DEBUG] -> 跳過 (廠商ID不匹配: tol_vendor=3, input_vendor=8)
[DEBUG] 候選: ID=499, 規格='65*2.8*5500', 廠商ID=3, has_vendor=True, has_spec=True
[DEBUG] -> 跳過 (廠商ID不匹配: tol_vendor=3, input_vendor=8)
[DEBUG] 候選: ID=500, 規格='65*8.5*3800', 廠商ID=3, has_vendor=True, has_spec=True
[DEBUG] -> 跳過 (廠商ID不匹配: tol_vendor=3, input_vendor=8)
[DEBUG] 候選: ID=501, 規格='68*14*2900', 廠商ID=3, has_vendor=True, has_spec=True
[DEBUG] -> 跳過 (廠商ID不匹配: tol_vendor=3, input_vendor=8)
[DEBUG] 候選: ID=502, 規格='70*2.0*5500', 廠商ID=3, has_vendor=True, has_spec=True
[DEBUG] -> 跳過 (廠商ID不匹配: tol_vendor=3, input_vendor=8)
[DEBUG] 候選: ID=503, 規格='70*2.3*5500', 廠商ID=3, has_vendor=True, has_spec=True
[DEBUG] -> 跳過 (廠商ID不匹配: tol_vendor=3, input_vendor=8)
[DEBUG] 候選: ID=504, 規格='70*8.0*4000', 廠商ID=3, has_vendor=True, has_spec=True
[DEBUG] -> 跳過 (廠商ID不匹配: tol_vendor=3, input_vendor=8)
[DEBUG] 候選: ID=505, 規格='70*9.0*4000', 廠商ID=3, has_vendor=True, has_spec=True
[DEBUG] -> 跳過 (廠商ID不匹配: tol_vendor=3, input_vendor=8)
[DEBUG] 候選: ID=506, 規格='72*2.0*5500', 廠商ID=3, has_vendor=True, has_spec=True
[DEBUG] -> 跳過 (廠商ID不匹配: tol_vendor=3, input_vendor=8)
[DEBUG] 候選: ID=507, 規格='72*2.6*5500', 廠商ID=3, has_vendor=True, has_spec=True
[DEBUG] -> 跳過 (廠商ID不匹配: tol_vendor=3, input_vendor=8)
[DEBUG] 候選: ID=508, 規格='72*3.0*5500', 廠商ID=3, has_vendor=True, has_spec=True
[DEBUG] -> 跳過 (廠商ID不匹配: tol_vendor=3, input_vendor=8)
[DEBUG] 候選: ID=509, 規格='74.5*10.8*394', 廠商ID=3, has_vendor=True, has_spec=True
[DEBUG] -> 跳過 (廠商ID不匹配: tol_vendor=3, input_vendor=8)
[DEBUG] 候選: ID=510, 規格='74*3.5*5500', 廠商ID=3, has_vendor=True, has_spec=True
[DEBUG] -> 跳過 (廠商ID不匹配: tol_vendor=3, input_vendor=8)
[DEBUG] 候選: ID=511, 規格='75*2.5*5500', 廠商ID=3, has_vendor=True, has_spec=True
[DEBUG] -> 跳過 (廠商ID不匹配: tol_vendor=3, input_vendor=8)
[DEBUG] 候選: ID=512, 規格='76*6.8*3100', 廠商ID=3, has_vendor=True, has_spec=True
[DEBUG] -> 跳過 (廠商ID不匹配: tol_vendor=3, input_vendor=8)
[DEBUG] 候選: ID=513, 規格='80*13*2000', 廠商ID=3, has_vendor=True, has_spec=True
[DEBUG] -> 跳過 (廠商ID不匹配: tol_vendor=3, input_vendor=8)
[DEBUG] 候選: ID=514, 規格='80*14*1900', 廠商ID=3, has_vendor=True, has_spec=True
[DEBUG] -> 跳過 (廠商ID不匹配: tol_vendor=3, input_vendor=8)
[DEBUG] 候選: ID=515, 規格='82*2.3*5500', 廠商ID=3, has_vendor=True, has_spec=True
[DEBUG] -> 跳過 (廠商ID不匹配: tol_vendor=3, input_vendor=8)
[DEBUG] 候選: ID=516, 規格='82*3.3*5500', 廠商ID=3, has_vendor=True, has_spec=True
[DEBUG] -> 跳過 (廠商ID不匹配: tol_vendor=3, input_vendor=8)
[DEBUG] 候選: ID=517, 規格='82*4.3*4000', 廠商ID=3, has_vendor=True, has_spec=True
[DEBUG] -> 跳過 (廠商ID不匹配: tol_vendor=3, input_vendor=8)
[DEBUG] 候選: ID=518, 規格='82*2.6*810', 廠商ID=8, has_vendor=True, has_spec=True
[DEBUG] -> 跳過 (廠商ID不匹配: tol_vendor=8, input_vendor=8)
[DEBUG] 候選: ID=519, 規格='', 廠商ID=4, has_vendor=True, has_spec=False
[DEBUG] -> 跳過 (廠商ID不匹配: tol_vendor=4, input_vendor=8)
[DEBUG] 候選: ID=433, 規格='100*4.0*3000', 廠商ID=3, has_vendor=True, has_spec=True
[DEBUG] -> 跳過 (廠商ID不匹配: tol_vendor=3, input_vendor=8)
[DEBUG] 查詢條件: vendor_id=4, material=7050-O, spec=38*2.2*560 -> normalize=38*2.2*560
[DEBUG] 公差候選數量: 9
[DEBUG] 候選: ID=4, 規格='None', 廠商ID=32, has_vendor=True, has_spec=False
[DEBUG] -> 跳過 (廠商ID不匹配: tol_vendor=32, input_vendor=4)
[DEBUG] 候選: ID=36, 規格='35*2.7', 廠商ID=4, has_vendor=True, has_spec=True
[DEBUG] -> 跳過 (廠商ID不匹配: tol_vendor=4, input_vendor=4)
[DEBUG] 候選: ID=37, 規格='36*2.95*415', 廠商ID=4, has_vendor=True, has_spec=True
[DEBUG] -> 跳過 (廠商ID不匹配: tol_vendor=4, input_vendor=4)
[DEBUG] 候選: ID=38, 規格='38*2.2*560', 廠商ID=4, has_vendor=True, has_spec=True
[DEBUG] -> 跳過 (廠商ID不匹配: tol_vendor=4, input_vendor=4)
[DEBUG] 候選: ID=39, 規格='40.5*2.6*400', 廠商ID=4, has_vendor=True, has_spec=True
[DEBUG] -> 跳過 (廠商ID不匹配: tol_vendor=4, input_vendor=4)
[DEBUG] 候選: ID=40, 規格='40*2.4', 廠商ID=4, has_vendor=True, has_spec=True
[DEBUG] -> 跳過 (廠商ID不匹配: tol_vendor=4, input_vendor=4)
[DEBUG] 候選: ID=41, 規格='40*2.7', 廠商ID=4, has_vendor=True, has_spec=True
[DEBUG] -> 跳過 (廠商ID不匹配: tol_vendor=4, input_vendor=4)
[DEBUG] 候選: ID=246, 規格='35*30.8*650', 廠商ID=30, has_vendor=True, has_spec=True
[DEBUG] -> 跳過 (廠商ID不匹配: tol_vendor=30, input_vendor=4)
[DEBUG] 候選: ID=520, 規格='', 廠商ID=4, has_vendor=True, has_spec=False
[DEBUG] -> 跳過 (廠商ID不匹配: tol_vendor=4, input_vendor=4)
[DEBUG] 查詢條件: vendor_id=4, material=6061-F, spec=36*2.8*500 -> normalize=36*2.8*500
[DEBUG] 公差候選數量: 169
[DEBUG] 候選: ID=7, 規格='34*2.3*505', 廠商ID=4, has_vendor=True, has_spec=True
[DEBUG] -> 跳過 (廠商ID不匹配: tol_vendor=4, input_vendor=4)
[DEBUG] 候選: ID=8, 規格='35*2.8', 廠商ID=4, has_vendor=True, has_spec=True
[DEBUG] -> 跳過 (廠商ID不匹配: tol_vendor=4, input_vendor=4)
[DEBUG] 候選: ID=10, 規格='36*3.0*430', 廠商ID=4, has_vendor=True, has_spec=True
[DEBUG] -> 跳過 (廠商ID不匹配: tol_vendor=4, input_vendor=4)
[DEBUG] 候選: ID=11, 規格='40*3.0*410', 廠商ID=4, has_vendor=True, has_spec=True
[DEBUG] -> 跳過 (廠商ID不匹配: tol_vendor=4, input_vendor=4)
[DEBUG] 候選: ID=45, 規格='None', 廠商ID=1, has_vendor=True, has_spec=False
[DEBUG] -> 跳過 (廠商ID不匹配: tol_vendor=1, input_vendor=4)
[DEBUG] 候選: ID=54, 規格='23*2.4*370', 廠商ID=8, has_vendor=True, has_spec=True
[DEBUG] -> 跳過 (廠商ID不匹配: tol_vendor=8, input_vendor=4)
[DEBUG] 候選: ID=55, 規格='26*1.8*390', 廠商ID=8, has_vendor=True, has_spec=True
[DEBUG] -> 跳過 (廠商ID不匹配: tol_vendor=8, input_vendor=4)
[DEBUG] 候選: ID=56, 規格='28*2.0*350', 廠商ID=8, has_vendor=True, has_spec=True
[DEBUG] -> 跳過 (廠商ID不匹配: tol_vendor=8, input_vendor=4)
[DEBUG] 候選: ID=57, 規格='28.2*1.9*535', 廠商ID=8, has_vendor=True, has_spec=True
[DEBUG] -> 跳過 (廠商ID不匹配: tol_vendor=8, input_vendor=4)
[DEBUG] 候選: ID=58, 規格='28.6*4.0*615', 廠商ID=8, has_vendor=True, has_spec=True
[DEBUG] -> 跳過 (廠商ID不匹配: tol_vendor=8, input_vendor=4)
[DEBUG] 候選: ID=59, 規格='30*1.7*445', 廠商ID=8, has_vendor=True, has_spec=True
[DEBUG] -> 跳過 (廠商ID不匹配: tol_vendor=8, input_vendor=4)
[DEBUG] 候選: ID=60, 規格='31*2.0*310', 廠商ID=8, has_vendor=True, has_spec=True
[DEBUG] -> 跳過 (廠商ID不匹配: tol_vendor=8, input_vendor=4)
[DEBUG] 候選: ID=61, 規格='31.8*2.8*746', 廠商ID=8, has_vendor=True, has_spec=True
[DEBUG] -> 跳過 (廠商ID不匹配: tol_vendor=8, input_vendor=4)
[DEBUG] 候選: ID=62, 規格='33*1.8*370', 廠商ID=8, has_vendor=True, has_spec=True
[DEBUG] -> 跳過 (廠商ID不匹配: tol_vendor=8, input_vendor=4)
[DEBUG] 候選: ID=63, 規格='34*1.8*280', 廠商ID=8, has_vendor=True, has_spec=True
[DEBUG] -> 跳過 (廠商ID不匹配: tol_vendor=8, input_vendor=4)
[DEBUG] 候選: ID=64, 規格='35*2.5*290', 廠商ID=8, has_vendor=True, has_spec=True
[DEBUG] -> 跳過 (廠商ID不匹配: tol_vendor=8, input_vendor=4)
[DEBUG] 候選: ID=65, 規格='35*2.5*410', 廠商ID=8, has_vendor=True, has_spec=True
[DEBUG] -> 跳過 (廠商ID不匹配: tol_vendor=8, input_vendor=4)
[DEBUG] 候選: ID=66, 規格='35*2.6*395', 廠商ID=8, has_vendor=True, has_spec=True
[DEBUG] -> 跳過 (廠商ID不匹配: tol_vendor=8, input_vendor=4)
[DEBUG] 候選: ID=67, 規格='38*2.0*420', 廠商ID=8, has_vendor=True, has_spec=True
[DEBUG] -> 跳過 (廠商ID不匹配: tol_vendor=8, input_vendor=4)
[DEBUG] 候選: ID=68, 規格='38*2.5*380', 廠商ID=8, has_vendor=True, has_spec=True
[DEBUG] -> 跳過 (廠商ID不匹配: tol_vendor=8, input_vendor=4)
[DEBUG] 候選: ID=69, 規格='39*2.5*310', 廠商ID=8, has_vendor=True, has_spec=True
[DEBUG] -> 跳過 (廠商ID不匹配: tol_vendor=8, input_vendor=4)
[DEBUG] 候選: ID=148, 規格='40*2.4*300', 廠商ID=8, has_vendor=True, has_spec=True
[DEBUG] -> 跳過 (廠商ID不匹配: tol_vendor=8, input_vendor=4)
[DEBUG] 候選: ID=149, 規格='40*2.6*605', 廠商ID=8, has_vendor=True, has_spec=True
[DEBUG] -> 跳過 (廠商ID不匹配: tol_vendor=8, input_vendor=4)
[DEBUG] 候選: ID=168, 規格='42*2*320', 廠商ID=8, has_vendor=True, has_spec=True
[DEBUG] -> 跳過 (廠商ID不匹配: tol_vendor=8, input_vendor=4)
[DEBUG] 候選: ID=169, 規格='42*3.5*565', 廠商ID=8, has_vendor=True, has_spec=True
[DEBUG] -> 跳過 (廠商ID不匹配: tol_vendor=8, input_vendor=4)
[DEBUG] 候選: ID=170, 規格='43*2.1*300', 廠商ID=8, has_vendor=True, has_spec=True
[DEBUG] -> 跳過 (廠商ID不匹配: tol_vendor=8, input_vendor=4)
[DEBUG] 候選: ID=171, 規格='43*2.5*320', 廠商ID=8, has_vendor=True, has_spec=True
[DEBUG] -> 跳過 (廠商ID不匹配: tol_vendor=8, input_vendor=4)
[DEBUG] 候選: ID=172, 規格='44*3.6*260', 廠商ID=8, has_vendor=True, has_spec=True
[DEBUG] -> 跳過 (廠商ID不匹配: tol_vendor=8, input_vendor=4)
[DEBUG] 候選: ID=173, 規格='44*4*200', 廠商ID=8, has_vendor=True, has_spec=True
[DEBUG] -> 跳過 (廠商ID不匹配: tol_vendor=8, input_vendor=4)
[DEBUG] 候選: ID=174, 規格='44*4*295', 廠商ID=8, has_vendor=True, has_spec=True
[DEBUG] -> 跳過 (廠商ID不匹配: tol_vendor=8, input_vendor=4)
[DEBUG] 候選: ID=175, 規格='44*4*310', 廠商ID=8, has_vendor=True, has_spec=True
[DEBUG] -> 跳過 (廠商ID不匹配: tol_vendor=8, input_vendor=4)
[DEBUG] 候選: ID=176, 規格='45*2.1*550', 廠商ID=8, has_vendor=True, has_spec=True
[DEBUG] -> 跳過 (廠商ID不匹配: tol_vendor=8, input_vendor=4)
[DEBUG] 候選: ID=177, 規格='47*2.5*345', 廠商ID=8, has_vendor=True, has_spec=True
[DEBUG] -> 跳過 (廠商ID不匹配: tol_vendor=8, input_vendor=4)
[DEBUG] 候選: ID=178, 規格='48*1.8*260', 廠商ID=8, has_vendor=True, has_spec=True
[DEBUG] -> 跳過 (廠商ID不匹配: tol_vendor=8, input_vendor=4)
[DEBUG] 候選: ID=179, 規格='49*2.3*495', 廠商ID=8, has_vendor=True, has_spec=True
[DEBUG] -> 跳過 (廠商ID不匹配: tol_vendor=8, input_vendor=4)
[DEBUG] 候選: ID=180, 規格='49*2.5*450', 廠商ID=8, has_vendor=True, has_spec=True
[DEBUG] -> 跳過 (廠商ID不匹配: tol_vendor=8, input_vendor=4)
[DEBUG] 候選: ID=181, 規格='49*2.7*315', 廠商ID=8, has_vendor=True, has_spec=True
[DEBUG] -> 跳過 (廠商ID不匹配: tol_vendor=8, input_vendor=4)
[DEBUG] 候選: ID=182, 規格='51*2.5*490', 廠商ID=8, has_vendor=True, has_spec=True
[DEBUG] -> 跳過 (廠商ID不匹配: tol_vendor=8, input_vendor=4)
[DEBUG] 候選: ID=183, 規格='52*3.5*480', 廠商ID=8, has_vendor=True, has_spec=True
[DEBUG] -> 跳過 (廠商ID不匹配: tol_vendor=8, input_vendor=4)
[DEBUG] 候選: ID=184, 規格='55*2.2*355', 廠商ID=8, has_vendor=True, has_spec=True
[DEBUG] -> 跳過 (廠商ID不匹配: tol_vendor=8, input_vendor=4)
[DEBUG] 候選: ID=185, 規格='56*1.7*390', 廠商ID=8, has_vendor=True, has_spec=True
[DEBUG] -> 跳過 (廠商ID不匹配: tol_vendor=8, input_vendor=4)
[DEBUG] 候選: ID=186, 規格='58*4*470', 廠商ID=8, has_vendor=True, has_spec=True
[DEBUG] -> 跳過 (廠商ID不匹配: tol_vendor=8, input_vendor=4)
[DEBUG] 候選: ID=187, 規格='59*3*390', 廠商ID=8, has_vendor=True, has_spec=True
[DEBUG] -> 跳過 (廠商ID不匹配: tol_vendor=8, input_vendor=4)
[DEBUG] 候選: ID=188, 規格='59*3*550', 廠商ID=8, has_vendor=True, has_spec=True
[DEBUG] -> 跳過 (廠商ID不匹配: tol_vendor=8, input_vendor=4)
[DEBUG] 候選: ID=189, 規格='62*2.8*540', 廠商ID=8, has_vendor=True, has_spec=True
[DEBUG] -> 跳過 (廠商ID不匹配: tol_vendor=8, input_vendor=4)
[DEBUG] 候選: ID=190, 規格='62*3*625', 廠商ID=8, has_vendor=True, has_spec=True
[DEBUG] -> 跳過 (廠商ID不匹配: tol_vendor=8, input_vendor=4)
[DEBUG] 候選: ID=191, 規格='62*3.5*390', 廠商ID=8, has_vendor=True, has_spec=True
[DEBUG] -> 跳過 (廠商ID不匹配: tol_vendor=8, input_vendor=4)
[DEBUG] 候選: ID=192, 規格='63*2*460', 廠商ID=8, has_vendor=True, has_spec=True
[DEBUG] -> 跳過 (廠商ID不匹配: tol_vendor=8, input_vendor=4)
[DEBUG] 候選: ID=193, 規格='63*2.1*490', 廠商ID=8, has_vendor=True, has_spec=True
[DEBUG] -> 跳過 (廠商ID不匹配: tol_vendor=8, input_vendor=4)
[DEBUG] 候選: ID=194, 規格='63*2.2*470', 廠商ID=8, has_vendor=True, has_spec=True
[DEBUG] -> 跳過 (廠商ID不匹配: tol_vendor=8, input_vendor=4)
[DEBUG] 候選: ID=195, 規格='64*4*480', 廠商ID=8, has_vendor=True, has_spec=True
[DEBUG] -> 跳過 (廠商ID不匹配: tol_vendor=8, input_vendor=4)
[DEBUG] 候選: ID=196, 規格='64.5*2*540', 廠商ID=8, has_vendor=True, has_spec=True
[DEBUG] -> 跳過 (廠商ID不匹配: tol_vendor=8, input_vendor=4)
[DEBUG] 候選: ID=197, 規格='64.5*2*600', 廠商ID=8, has_vendor=True, has_spec=True
[DEBUG] -> 跳過 (廠商ID不匹配: tol_vendor=8, input_vendor=4)
[DEBUG] 候選: ID=198, 規格='64.5*2.3*380', 廠商ID=8, has_vendor=True, has_spec=True
[DEBUG] -> 跳過 (廠商ID不匹配: tol_vendor=8, input_vendor=4)
[DEBUG] 候選: ID=199, 規格='65*2.5*375', 廠商ID=8, has_vendor=True, has_spec=True
[DEBUG] -> 跳過 (廠商ID不匹配: tol_vendor=8, input_vendor=4)
[DEBUG] 候選: ID=200, 規格='67*2.2*590', 廠商ID=8, has_vendor=True, has_spec=True
[DEBUG] -> 跳過 (廠商ID不匹配: tol_vendor=8, input_vendor=4)
[DEBUG] 候選: ID=201, 規格='67*4.5*440', 廠商ID=8, has_vendor=True, has_spec=True
[DEBUG] -> 跳過 (廠商ID不匹配: tol_vendor=8, input_vendor=4)
[DEBUG] 候選: ID=202, 規格='68*2.2*395', 廠商ID=8, has_vendor=True, has_spec=True
[DEBUG] -> 跳過 (廠商ID不匹配: tol_vendor=8, input_vendor=4)
[DEBUG] 候選: ID=203, 規格='68*2.5*700', 廠商ID=8, has_vendor=True, has_spec=True
[DEBUG] -> 跳過 (廠商ID不匹配: tol_vendor=8, input_vendor=4)
[DEBUG] 候選: ID=204, 規格='68*2.5*720', 廠商ID=8, has_vendor=True, has_spec=True
[DEBUG] -> 跳過 (廠商ID不匹配: tol_vendor=8, input_vendor=4)
[DEBUG] 候選: ID=205, 規格='68*2.7*390', 廠商ID=8, has_vendor=True, has_spec=True
[DEBUG] -> 跳過 (廠商ID不匹配: tol_vendor=8, input_vendor=4)
[DEBUG] 候選: ID=9, 規格='36*2.8*500', 廠商ID=4, has_vendor=True, has_spec=True
[DEBUG] -> 跳過 (廠商ID不匹配: tol_vendor=4, input_vendor=4)
[DEBUG] 候選: ID=206, 規格='68*2.7*595', 廠商ID=8, has_vendor=True, has_spec=True
[DEBUG] -> 跳過 (廠商ID不匹配: tol_vendor=8, input_vendor=4)
[DEBUG] 候選: ID=207, 規格='71*3*450', 廠商ID=8, has_vendor=True, has_spec=True
[DEBUG] -> 跳過 (廠商ID不匹配: tol_vendor=8, input_vendor=4)
[DEBUG] 候選: ID=208, 規格='73*6*680', 廠商ID=8, has_vendor=True, has_spec=True
[DEBUG] -> 跳過 (廠商ID不匹配: tol_vendor=8, input_vendor=4)
[DEBUG] 候選: ID=209, 規格='74*2.5*440', 廠商ID=8, has_vendor=True, has_spec=True
[DEBUG] -> 跳過 (廠商ID不匹配: tol_vendor=8, input_vendor=4)
[DEBUG] 候選: ID=210, 規格='75*2*585', 廠商ID=8, has_vendor=True, has_spec=True
[DEBUG] -> 跳過 (廠商ID不匹配: tol_vendor=8, input_vendor=4)
[DEBUG] 候選: ID=211, 規格='75*4*315', 廠商ID=8, has_vendor=True, has_spec=True
[DEBUG] -> 跳過 (廠商ID不匹配: tol_vendor=8, input_vendor=4)
[DEBUG] 候選: ID=212, 規格='90*3.5*500', 廠商ID=8, has_vendor=True, has_spec=True
[DEBUG] -> 跳過 (廠商ID不匹配: tol_vendor=8, input_vendor=4)
[DEBUG] 候選: ID=213, 規格='98*4*680', 廠商ID=8, has_vendor=True, has_spec=True
[DEBUG] -> 跳過 (廠商ID不匹配: tol_vendor=8, input_vendor=4)
[DEBUG] 候選: ID=214, 規格='98*4.2*535', 廠商ID=8, has_vendor=True, has_spec=True
[DEBUG] -> 跳過 (廠商ID不匹配: tol_vendor=8, input_vendor=4)
[DEBUG] 候選: ID=215, 規格='115*4*360', 廠商ID=8, has_vendor=True, has_spec=True
[DEBUG] -> 跳過 (廠商ID不匹配: tol_vendor=8, input_vendor=4)
[DEBUG] 候選: ID=216, 規格='115*4*540', 廠商ID=8, has_vendor=True, has_spec=True
[DEBUG] -> 跳過 (廠商ID不匹配: tol_vendor=8, input_vendor=4)
[DEBUG] 候選: ID=251, 規格='69.6*67.2*143', 廠商ID=24, has_vendor=True, has_spec=True
[DEBUG] -> 跳過 (廠商ID不匹配: tol_vendor=24, input_vendor=4)
[DEBUG] 候選: ID=252, 規格='84.5*82*164.5', 廠商ID=24, has_vendor=True, has_spec=True
[DEBUG] -> 跳過 (廠商ID不匹配: tol_vendor=24, input_vendor=4)
[DEBUG] 候選: ID=253, 規格='51*2.3*585', 廠商ID=8, has_vendor=True, has_spec=True
[DEBUG] -> 跳過 (廠商ID不匹配: tol_vendor=8, input_vendor=4)
[DEBUG] 候選: ID=255, 規格='38*2.75*295', 廠商ID=8, has_vendor=True, has_spec=True
[DEBUG] -> 跳過 (廠商ID不匹配: tol_vendor=8, input_vendor=4)
[DEBUG] 候選: ID=256, 規格='34*2.5*400', 廠商ID=8, has_vendor=True, has_spec=True
[DEBUG] -> 跳過 (廠商ID不匹配: tol_vendor=8, input_vendor=4)
[DEBUG] 候選: ID=419, 規格='62*4.0*5500', 廠商ID=3, has_vendor=True, has_spec=True
[DEBUG] -> 跳過 (廠商ID不匹配: tol_vendor=3, input_vendor=4)
[DEBUG] 候選: ID=423, 規格='25*20*175', 廠商ID=1, has_vendor=True, has_spec=True
[DEBUG] -> 跳過 (廠商ID不匹配: tol_vendor=1, input_vendor=4)
[DEBUG] 候選: ID=468, 規格='48*1.6*5500', 廠商ID=3, has_vendor=True, has_spec=True
[DEBUG] -> 跳過 (廠商ID不匹配: tol_vendor=3, input_vendor=4)
[DEBUG] 候選: ID=469, 規格='48*2.0*5500', 廠商ID=3, has_vendor=True, has_spec=True
[DEBUG] -> 跳過 (廠商ID不匹配: tol_vendor=3, input_vendor=4)
[DEBUG] 候選: ID=430, 規格='130*3.0*1020', 廠商ID=7, has_vendor=True, has_spec=True
[DEBUG] -> 跳過 (廠商ID不匹配: tol_vendor=7, input_vendor=4)
[DEBUG] 候選: ID=432, 規格='100*2.5*4800', 廠商ID=3, has_vendor=True, has_spec=True
[DEBUG] -> 跳過 (廠商ID不匹配: tol_vendor=3, input_vendor=4)
[DEBUG] 候選: ID=434, 規格='100*5.0*3000', 廠商ID=3, has_vendor=True, has_spec=True
[DEBUG] -> 跳過 (廠商ID不匹配: tol_vendor=3, input_vendor=4)
[DEBUG] 候選: ID=435, 規格='110*4.5*3200', 廠商ID=3, has_vendor=True, has_spec=True
[DEBUG] -> 跳過 (廠商ID不匹配: tol_vendor=3, input_vendor=4)
[DEBUG] 候選: ID=436, 規格='115*2.2*3000', 廠商ID=3, has_vendor=True, has_spec=True
[DEBUG] -> 跳過 (廠商ID不匹配: tol_vendor=3, input_vendor=4)
[DEBUG] 候選: ID=437, 規格='120*4.0*4600', 廠商ID=3, has_vendor=True, has_spec=True
[DEBUG] -> 跳過 (廠商ID不匹配: tol_vendor=3, input_vendor=4)
[DEBUG] 候選: ID=438, 規格='19*1.6*5500', 廠商ID=3, has_vendor=True, has_spec=True
[DEBUG] -> 跳過 (廠商ID不匹配: tol_vendor=3, input_vendor=4)
[DEBUG] 候選: ID=439, 規格='25.4*1.6*5500', 廠商ID=3, has_vendor=True, has_spec=True
[DEBUG] -> 跳過 (廠商ID不匹配: tol_vendor=3, input_vendor=4)
[DEBUG] 候選: ID=440, 規格='25.4*1.8*5500', 廠商ID=3, has_vendor=True, has_spec=True
[DEBUG] -> 跳過 (廠商ID不匹配: tol_vendor=3, input_vendor=4)
[DEBUG] 候選: ID=441, 規格='25.4*2.05*5500', 廠商ID=3, has_vendor=True, has_spec=True
[DEBUG] -> 跳過 (廠商ID不匹配: tol_vendor=3, input_vendor=4)
[DEBUG] 候選: ID=442, 規格='26*2.0*5500', 廠商ID=3, has_vendor=True, has_spec=True
[DEBUG] -> 跳過 (廠商ID不匹配: tol_vendor=3, input_vendor=4)
[DEBUG] 候選: ID=443, 規格='28.6*1.8*5500', 廠商ID=3, has_vendor=True, has_spec=True
[DEBUG] -> 跳過 (廠商ID不匹配: tol_vendor=3, input_vendor=4)
[DEBUG] 候選: ID=444, 規格='28.6*2.0*5500', 廠商ID=3, has_vendor=True, has_spec=True
[DEBUG] -> 跳過 (廠商ID不匹配: tol_vendor=3, input_vendor=4)
[DEBUG] 候選: ID=445, 規格='28.6*2.3*5500', 廠商ID=3, has_vendor=True, has_spec=True
[DEBUG] -> 跳過 (廠商ID不匹配: tol_vendor=3, input_vendor=4)
[DEBUG] 候選: ID=446, 規格='31.8*1.8*5500', 廠商ID=3, has_vendor=True, has_spec=True
[DEBUG] -> 跳過 (廠商ID不匹配: tol_vendor=3, input_vendor=4)
[DEBUG] 候選: ID=447, 規格='31.8*2.05*5500', 廠商ID=3, has_vendor=True, has_spec=True
[DEBUG] -> 跳過 (廠商ID不匹配: tol_vendor=3, input_vendor=4)
[DEBUG] 候選: ID=448, 規格='31.8*2.45*5500', 廠商ID=3, has_vendor=True, has_spec=True
[DEBUG] -> 跳過 (廠商ID不匹配: tol_vendor=3, input_vendor=4)
[DEBUG] 候選: ID=449, 規格='35*1.4*5500', 廠商ID=3, has_vendor=True, has_spec=True
[DEBUG] -> 跳過 (廠商ID不匹配: tol_vendor=3, input_vendor=4)
[DEBUG] 候選: ID=450, 規格='35*1.8*5500', 廠商ID=3, has_vendor=True, has_spec=True
[DEBUG] -> 跳過 (廠商ID不匹配: tol_vendor=3, input_vendor=4)
[DEBUG] 候選: ID=451, 規格='35*2.05*5500', 廠商ID=3, has_vendor=True, has_spec=True
[DEBUG] -> 跳過 (廠商ID不匹配: tol_vendor=3, input_vendor=4)
[DEBUG] 候選: ID=452, 規格='35*2.25*5500', 廠商ID=3, has_vendor=True, has_spec=True
[DEBUG] -> 跳過 (廠商ID不匹配: tol_vendor=3, input_vendor=4)
[DEBUG] 候選: ID=453, 規格='35*2.5*5500', 廠商ID=3, has_vendor=True, has_spec=True
[DEBUG] -> 跳過 (廠商ID不匹配: tol_vendor=3, input_vendor=4)
[DEBUG] 候選: ID=454, 規格='35*2.85*5500', 廠商ID=3, has_vendor=True, has_spec=True
[DEBUG] -> 跳過 (廠商ID不匹配: tol_vendor=3, input_vendor=4)
[DEBUG] 候選: ID=455, 規格='38*1.7*5500', 廠商ID=3, has_vendor=True, has_spec=True
[DEBUG] -> 跳過 (廠商ID不匹配: tol_vendor=3, input_vendor=4)
[DEBUG] 候選: ID=456, 規格='38*2.05*5500', 廠商ID=3, has_vendor=True, has_spec=True
[DEBUG] -> 跳過 (廠商ID不匹配: tol_vendor=3, input_vendor=4)
[DEBUG] 候選: ID=457, 規格='38.1*2.3*5500', 廠商ID=3, has_vendor=True, has_spec=True
[DEBUG] -> 跳過 (廠商ID不匹配: tol_vendor=3, input_vendor=4)
[DEBUG] 候選: ID=458, 規格='39*1.6*5500', 廠商ID=3, has_vendor=True, has_spec=True
[DEBUG] -> 跳過 (廠商ID不匹配: tol_vendor=3, input_vendor=4)
[DEBUG] 候選: ID=459, 規格='39*2.0*5500', 廠商ID=3, has_vendor=True, has_spec=True
[DEBUG] -> 跳過 (廠商ID不匹配: tol_vendor=3, input_vendor=4)
[DEBUG] 候選: ID=460, 規格='41*1.9*5500', 廠商ID=3, has_vendor=True, has_spec=True
[DEBUG] -> 跳過 (廠商ID不匹配: tol_vendor=3, input_vendor=4)
[DEBUG] 候選: ID=461, 規格='41*4.2*5500', 廠商ID=3, has_vendor=True, has_spec=True
[DEBUG] -> 跳過 (廠商ID不匹配: tol_vendor=3, input_vendor=4)
[DEBUG] 候選: ID=462, 規格='44*1.8*5500', 廠商ID=3, has_vendor=True, has_spec=True
[DEBUG] -> 跳過 (廠商ID不匹配: tol_vendor=3, input_vendor=4)
[DEBUG] 候選: ID=463, 規格='44*2.0*5500', 廠商ID=3, has_vendor=True, has_spec=True
[DEBUG] -> 跳過 (廠商ID不匹配: tol_vendor=3, input_vendor=4)
[DEBUG] 候選: ID=464, 規格='44*2.5*5500', 廠商ID=3, has_vendor=True, has_spec=True
[DEBUG] -> 跳過 (廠商ID不匹配: tol_vendor=3, input_vendor=4)
[DEBUG] 候選: ID=465, 規格='45*6.0*5500', 廠商ID=3, has_vendor=True, has_spec=True
[DEBUG] -> 跳過 (廠商ID不匹配: tol_vendor=3, input_vendor=4)
[DEBUG] 候選: ID=466, 規格='46.5*3.7*5500', 廠商ID=3, has_vendor=True, has_spec=True
[DEBUG] -> 跳過 (廠商ID不匹配: tol_vendor=3, input_vendor=4)
[DEBUG] 候選: ID=467, 規格='47*4.0*5500', 廠商ID=3, has_vendor=True, has_spec=True
[DEBUG] -> 跳過 (廠商ID不匹配: tol_vendor=3, input_vendor=4)
[DEBUG] 候選: ID=470, 規格='48*2.45*5500', 廠商ID=3, has_vendor=True, has_spec=True
[DEBUG] -> 跳過 (廠商ID不匹配: tol_vendor=3, input_vendor=4)
[DEBUG] 候選: ID=471, 規格='50*1.9*5500', 廠商ID=3, has_vendor=True, has_spec=True
[DEBUG] -> 跳過 (廠商ID不匹配: tol_vendor=3, input_vendor=4)
[DEBUG] 候選: ID=472, 規格='50*3.5*5500', 廠商ID=3, has_vendor=True, has_spec=True
[DEBUG] -> 跳過 (廠商ID不匹配: tol_vendor=3, input_vendor=4)
[DEBUG] 候選: ID=473, 規格='50*6.0*5500', 廠商ID=3, has_vendor=True, has_spec=True
[DEBUG] -> 跳過 (廠商ID不匹配: tol_vendor=3, input_vendor=4)
[DEBUG] 候選: ID=474, 規格='50*8.5*450', 廠商ID=3, has_vendor=True, has_spec=True
[DEBUG] -> 跳過 (廠商ID不匹配: tol_vendor=3, input_vendor=4)
[DEBUG] 候選: ID=475, 規格='52*8.5*460', 廠商ID=3, has_vendor=True, has_spec=True
[DEBUG] -> 跳過 (廠商ID不匹配: tol_vendor=3, input_vendor=4)
[DEBUG] 候選: ID=476, 規格='53*10.5*440', 廠商ID=3, has_vendor=True, has_spec=True
[DEBUG] -> 跳過 (廠商ID不匹配: tol_vendor=3, input_vendor=4)
[DEBUG] 候選: ID=477, 規格='53*6.2*415', 廠商ID=3, has_vendor=True, has_spec=True
[DEBUG] -> 跳過 (廠商ID不匹配: tol_vendor=3, input_vendor=4)
[DEBUG] 候選: ID=478, 規格='54*1.7*5500', 廠商ID=3, has_vendor=True, has_spec=True
[DEBUG] -> 跳過 (廠商ID不匹配: tol_vendor=3, input_vendor=4)
[DEBUG] 候選: ID=479, 規格='54*6.2*5500', 廠商ID=3, has_vendor=True, has_spec=True
[DEBUG] -> 跳過 (廠商ID不匹配: tol_vendor=3, input_vendor=4)
[DEBUG] 候選: ID=480, 規格='55*6.0*5500', 廠商ID=3, has_vendor=True, has_spec=True
[DEBUG] -> 跳過 (廠商ID不匹配: tol_vendor=3, input_vendor=4)
[DEBUG] 候選: ID=481, 規格='56*2.4*5500', 廠商ID=3, has_vendor=True, has_spec=True
[DEBUG] -> 跳過 (廠商ID不匹配: tol_vendor=3, input_vendor=4)
[DEBUG] 候選: ID=482, 規格='56*4.7*5500', 廠商ID=3, has_vendor=True, has_spec=True
[DEBUG] -> 跳過 (廠商ID不匹配: tol_vendor=3, input_vendor=4)
[DEBUG] 候選: ID=483, 規格='57*1.8*5500', 廠商ID=3, has_vendor=True, has_spec=True
[DEBUG] -> 跳過 (廠商ID不匹配: tol_vendor=3, input_vendor=4)
[DEBUG] 候選: ID=484, 規格='57*9.0*415', 廠商ID=3, has_vendor=True, has_spec=True
[DEBUG] -> 跳過 (廠商ID不匹配: tol_vendor=3, input_vendor=4)
[DEBUG] 候選: ID=485, 規格='57*9.0*375', 廠商ID=3, has_vendor=True, has_spec=True
[DEBUG] -> 跳過 (廠商ID不匹配: tol_vendor=3, input_vendor=4)
[DEBUG] 候選: ID=486, 規格='58*2.5*5500', 廠商ID=3, has_vendor=True, has_spec=True
[DEBUG] -> 跳過 (廠商ID不匹配: tol_vendor=3, input_vendor=4)
[DEBUG] 候選: ID=487, 規格='58*7.5*4600', 廠商ID=3, has_vendor=True, has_spec=True
[DEBUG] -> 跳過 (廠商ID不匹配: tol_vendor=3, input_vendor=4)
[DEBUG] 候選: ID=488, 規格='58*7.5*400', 廠商ID=3, has_vendor=True, has_spec=True
[DEBUG] -> 跳過 (廠商ID不匹配: tol_vendor=3, input_vendor=4)
[DEBUG] 候選: ID=489, 規格='58*8.0*4600', 廠商ID=3, has_vendor=True, has_spec=True
[DEBUG] -> 跳過 (廠商ID不匹配: tol_vendor=3, input_vendor=4)
[DEBUG] 候選: ID=490, 規格='58*9.0*4100', 廠商ID=3, has_vendor=True, has_spec=True
[DEBUG] -> 跳過 (廠商ID不匹配: tol_vendor=3, input_vendor=4)
[DEBUG] 候選: ID=491, 規格='60*1.5*5500', 廠商ID=3, has_vendor=True, has_spec=True
[DEBUG] -> 跳過 (廠商ID不匹配: tol_vendor=3, input_vendor=4)
[DEBUG] 候選: ID=492, 規格='60*2.5*5500', 廠商ID=3, has_vendor=True, has_spec=True
[DEBUG] -> 跳過 (廠商ID不匹配: tol_vendor=3, input_vendor=4)
[DEBUG] 候選: ID=493, 規格='62.3*8.5*4100', 廠商ID=3, has_vendor=True, has_spec=True
[DEBUG] -> 跳過 (廠商ID不匹配: tol_vendor=3, input_vendor=4)
[DEBUG] 候選: ID=494, 規格='62*2.3*5500', 廠商ID=3, has_vendor=True, has_spec=True
[DEBUG] -> 跳過 (廠商ID不匹配: tol_vendor=3, input_vendor=4)
[DEBUG] 候選: ID=495, 規格='62*4.0*5500', 廠商ID=3, has_vendor=True, has_spec=True
[DEBUG] -> 跳過 (廠商ID不匹配: tol_vendor=3, input_vendor=4)
[DEBUG] 候選: ID=496, 規格='64*10.5*3000', 廠商ID=3, has_vendor=True, has_spec=True
[DEBUG] -> 跳過 (廠商ID不匹配: tol_vendor=3, input_vendor=4)
[DEBUG] 候選: ID=497, 規格='65.5*2.4*5500', 廠商ID=3, has_vendor=True, has_spec=True
[DEBUG] -> 跳過 (廠商ID不匹配: tol_vendor=3, input_vendor=4)
[DEBUG] 候選: ID=498, 規格='65*1.8*5500', 廠商ID=3, has_vendor=True, has_spec=True
[DEBUG] -> 跳過 (廠商ID不匹配: tol_vendor=3, input_vendor=4)
[DEBUG] 候選: ID=499, 規格='65*2.8*5500', 廠商ID=3, has_vendor=True, has_spec=True
[DEBUG] -> 跳過 (廠商ID不匹配: tol_vendor=3, input_vendor=4)
[DEBUG] 候選: ID=500, 規格='65*8.5*3800', 廠商ID=3, has_vendor=True, has_spec=True
[DEBUG] -> 跳過 (廠商ID不匹配: tol_vendor=3, input_vendor=4)
[DEBUG] 候選: ID=501, 規格='68*14*2900', 廠商ID=3, has_vendor=True, has_spec=True
[DEBUG] -> 跳過 (廠商ID不匹配: tol_vendor=3, input_vendor=4)
[DEBUG] 候選: ID=502, 規格='70*2.0*5500', 廠商ID=3, has_vendor=True, has_spec=True
[DEBUG] -> 跳過 (廠商ID不匹配: tol_vendor=3, input_vendor=4)
[DEBUG] 候選: ID=503, 規格='70*2.3*5500', 廠商ID=3, has_vendor=True, has_spec=True
[DEBUG] -> 跳過 (廠商ID不匹配: tol_vendor=3, input_vendor=4)
[DEBUG] 候選: ID=504, 規格='70*8.0*4000', 廠商ID=3, has_vendor=True, has_spec=True
[DEBUG] -> 跳過 (廠商ID不匹配: tol_vendor=3, input_vendor=4)
[DEBUG] 候選: ID=505, 規格='70*9.0*4000', 廠商ID=3, has_vendor=True, has_spec=True
[DEBUG] -> 跳過 (廠商ID不匹配: tol_vendor=3, input_vendor=4)
[DEBUG] 候選: ID=506, 規格='72*2.0*5500', 廠商ID=3, has_vendor=True, has_spec=True
[DEBUG] -> 跳過 (廠商ID不匹配: tol_vendor=3, input_vendor=4)
[DEBUG] 候選: ID=507, 規格='72*2.6*5500', 廠商ID=3, has_vendor=True, has_spec=True
[DEBUG] -> 跳過 (廠商ID不匹配: tol_vendor=3, input_vendor=4)
[DEBUG] 候選: ID=508, 規格='72*3.0*5500', 廠商ID=3, has_vendor=True, has_spec=True
[DEBUG] -> 跳過 (廠商ID不匹配: tol_vendor=3, input_vendor=4)
[DEBUG] 候選: ID=509, 規格='74.5*10.8*394', 廠商ID=3, has_vendor=True, has_spec=True
[DEBUG] -> 跳過 (廠商ID不匹配: tol_vendor=3, input_vendor=4)
[DEBUG] 候選: ID=510, 規格='74*3.5*5500', 廠商ID=3, has_vendor=True, has_spec=True
[DEBUG] -> 跳過 (廠商ID不匹配: tol_vendor=3, input_vendor=4)
[DEBUG] 候選: ID=511, 規格='75*2.5*5500', 廠商ID=3, has_vendor=True, has_spec=True
[DEBUG] -> 跳過 (廠商ID不匹配: tol_vendor=3, input_vendor=4)
[DEBUG] 候選: ID=512, 規格='76*6.8*3100', 廠商ID=3, has_vendor=True, has_spec=True
[DEBUG] -> 跳過 (廠商ID不匹配: tol_vendor=3, input_vendor=4)
[DEBUG] 候選: ID=513, 規格='80*13*2000', 廠商ID=3, has_vendor=True, has_spec=True
[DEBUG] -> 跳過 (廠商ID不匹配: tol_vendor=3, input_vendor=4)
[DEBUG] 候選: ID=514, 規格='80*14*1900', 廠商ID=3, has_vendor=True, has_spec=True
[DEBUG] -> 跳過 (廠商ID不匹配: tol_vendor=3, input_vendor=4)
[DEBUG] 候選: ID=515, 規格='82*2.3*5500', 廠商ID=3, has_vendor=True, has_spec=True
[DEBUG] -> 跳過 (廠商ID不匹配: tol_vendor=3, input_vendor=4)
[DEBUG] 候選: ID=516, 規格='82*3.3*5500', 廠商ID=3, has_vendor=True, has_spec=True
[DEBUG] -> 跳過 (廠商ID不匹配: tol_vendor=3, input_vendor=4)
[DEBUG] 候選: ID=517, 規格='82*4.3*4000', 廠商ID=3, has_vendor=True, has_spec=True
[DEBUG] -> 跳過 (廠商ID不匹配: tol_vendor=3, input_vendor=4)
[DEBUG] 候選: ID=518, 規格='82*2.6*810', 廠商ID=8, has_vendor=True, has_spec=True
[DEBUG] -> 跳過 (廠商ID不匹配: tol_vendor=8, input_vendor=4)
[DEBUG] 候選: ID=519, 規格='', 廠商ID=4, has_vendor=True, has_spec=False
[DEBUG] -> 跳過 (廠商ID不匹配: tol_vendor=4, input_vendor=4)
[DEBUG] 候選: ID=433, 規格='100*4.0*3000', 廠商ID=3, has_vendor=True, has_spec=True
[DEBUG] -> 跳過 (廠商ID不匹配: tol_vendor=3, input_vendor=4)
[DEBUG] 查詢條件: vendor_id=4, material=6061-F, spec=40*3.5*350 -> normalize=40*3.5*350
[DEBUG] 公差候選數量: 169
[DEBUG] 候選: ID=7, 規格='34*2.3*505', 廠商ID=4, has_vendor=True, has_spec=True
[DEBUG] -> 跳過 (廠商ID不匹配: tol_vendor=4, input_vendor=4)
[DEBUG] 候選: ID=8, 規格='35*2.8', 廠商ID=4, has_vendor=True, has_spec=True
[DEBUG] -> 跳過 (廠商ID不匹配: tol_vendor=4, input_vendor=4)
[DEBUG] 候選: ID=10, 規格='36*3.0*430', 廠商ID=4, has_vendor=True, has_spec=True
[DEBUG] -> 跳過 (廠商ID不匹配: tol_vendor=4, input_vendor=4)
[DEBUG] 候選: ID=11, 規格='40*3.0*410', 廠商ID=4, has_vendor=True, has_spec=True
[DEBUG] -> 跳過 (廠商ID不匹配: tol_vendor=4, input_vendor=4)
[DEBUG] 候選: ID=45, 規格='None', 廠商ID=1, has_vendor=True, has_spec=False
[DEBUG] -> 跳過 (廠商ID不匹配: tol_vendor=1, input_vendor=4)
[DEBUG] 候選: ID=54, 規格='23*2.4*370', 廠商ID=8, has_vendor=True, has_spec=True
[DEBUG] -> 跳過 (廠商ID不匹配: tol_vendor=8, input_vendor=4)
[DEBUG] 候選: ID=55, 規格='26*1.8*390', 廠商ID=8, has_vendor=True, has_spec=True
[DEBUG] -> 跳過 (廠商ID不匹配: tol_vendor=8, input_vendor=4)
[DEBUG] 候選: ID=56, 規格='28*2.0*350', 廠商ID=8, has_vendor=True, has_spec=True
[DEBUG] -> 跳過 (廠商ID不匹配: tol_vendor=8, input_vendor=4)
[DEBUG] 候選: ID=57, 規格='28.2*1.9*535', 廠商ID=8, has_vendor=True, has_spec=True
[DEBUG] -> 跳過 (廠商ID不匹配: tol_vendor=8, input_vendor=4)
[DEBUG] 候選: ID=58, 規格='28.6*4.0*615', 廠商ID=8, has_vendor=True, has_spec=True
[DEBUG] -> 跳過 (廠商ID不匹配: tol_vendor=8, input_vendor=4)
[DEBUG] 候選: ID=59, 規格='30*1.7*445', 廠商ID=8, has_vendor=True, has_spec=True
[DEBUG] -> 跳過 (廠商ID不匹配: tol_vendor=8, input_vendor=4)
[DEBUG] 候選: ID=60, 規格='31*2.0*310', 廠商ID=8, has_vendor=True, has_spec=True
[DEBUG] -> 跳過 (廠商ID不匹配: tol_vendor=8, input_vendor=4)
[DEBUG] 候選: ID=61, 規格='31.8*2.8*746', 廠商ID=8, has_vendor=True, has_spec=True
[DEBUG] -> 跳過 (廠商ID不匹配: tol_vendor=8, input_vendor=4)
[DEBUG] 候選: ID=62, 規格='33*1.8*370', 廠商ID=8, has_vendor=True, has_spec=True
[DEBUG] -> 跳過 (廠商ID不匹配: tol_vendor=8, input_vendor=4)
[DEBUG] 候選: ID=63, 規格='34*1.8*280', 廠商ID=8, has_vendor=True, has_spec=True
[DEBUG] -> 跳過 (廠商ID不匹配: tol_vendor=8, input_vendor=4)
[DEBUG] 候選: ID=64, 規格='35*2.5*290', 廠商ID=8, has_vendor=True, has_spec=True
[DEBUG] -> 跳過 (廠商ID不匹配: tol_vendor=8, input_vendor=4)
[DEBUG] 候選: ID=65, 規格='35*2.5*410', 廠商ID=8, has_vendor=True, has_spec=True
[DEBUG] -> 跳過 (廠商ID不匹配: tol_vendor=8, input_vendor=4)
[DEBUG] 候選: ID=66, 規格='35*2.6*395', 廠商ID=8, has_vendor=True, has_spec=True
[DEBUG] -> 跳過 (廠商ID不匹配: tol_vendor=8, input_vendor=4)
[DEBUG] 候選: ID=67, 規格='38*2.0*420', 廠商ID=8, has_vendor=True, has_spec=True
[DEBUG] -> 跳過 (廠商ID不匹配: tol_vendor=8, input_vendor=4)
[DEBUG] 候選: ID=68, 規格='38*2.5*380', 廠商ID=8, has_vendor=True, has_spec=True
[DEBUG] -> 跳過 (廠商ID不匹配: tol_vendor=8, input_vendor=4)
[DEBUG] 候選: ID=69, 規格='39*2.5*310', 廠商ID=8, has_vendor=True, has_spec=True
[DEBUG] -> 跳過 (廠商ID不匹配: tol_vendor=8, input_vendor=4)
[DEBUG] 候選: ID=148, 規格='40*2.4*300', 廠商ID=8, has_vendor=True, has_spec=True
[DEBUG] -> 跳過 (廠商ID不匹配: tol_vendor=8, input_vendor=4)
[DEBUG] 候選: ID=149, 規格='40*2.6*605', 廠商ID=8, has_vendor=True, has_spec=True
[DEBUG] -> 跳過 (廠商ID不匹配: tol_vendor=8, input_vendor=4)
[DEBUG] 候選: ID=168, 規格='42*2*320', 廠商ID=8, has_vendor=True, has_spec=True
[DEBUG] -> 跳過 (廠商ID不匹配: tol_vendor=8, input_vendor=4)
[DEBUG] 候選: ID=169, 規格='42*3.5*565', 廠商ID=8, has_vendor=True, has_spec=True
[DEBUG] -> 跳過 (廠商ID不匹配: tol_vendor=8, input_vendor=4)
[DEBUG] 候選: ID=170, 規格='43*2.1*300', 廠商ID=8, has_vendor=True, has_spec=True
[DEBUG] -> 跳過 (廠商ID不匹配: tol_vendor=8, input_vendor=4)
[DEBUG] 候選: ID=171, 規格='43*2.5*320', 廠商ID=8, has_vendor=True, has_spec=True
[DEBUG] -> 跳過 (廠商ID不匹配: tol_vendor=8, input_vendor=4)
[DEBUG] 候選: ID=172, 規格='44*3.6*260', 廠商ID=8, has_vendor=True, has_spec=True
[DEBUG] -> 跳過 (廠商ID不匹配: tol_vendor=8, input_vendor=4)
[DEBUG] 候選: ID=173, 規格='44*4*200', 廠商ID=8, has_vendor=True, has_spec=True
[DEBUG] -> 跳過 (廠商ID不匹配: tol_vendor=8, input_vendor=4)
[DEBUG] 候選: ID=174, 規格='44*4*295', 廠商ID=8, has_vendor=True, has_spec=True
[DEBUG] -> 跳過 (廠商ID不匹配: tol_vendor=8, input_vendor=4)
[DEBUG] 候選: ID=175, 規格='44*4*310', 廠商ID=8, has_vendor=True, has_spec=True
[DEBUG] -> 跳過 (廠商ID不匹配: tol_vendor=8, input_vendor=4)
[DEBUG] 候選: ID=176, 規格='45*2.1*550', 廠商ID=8, has_vendor=True, has_spec=True
[DEBUG] -> 跳過 (廠商ID不匹配: tol_vendor=8, input_vendor=4)
[DEBUG] 候選: ID=177, 規格='47*2.5*345', 廠商ID=8, has_vendor=True, has_spec=True
[DEBUG] -> 跳過 (廠商ID不匹配: tol_vendor=8, input_vendor=4)
[DEBUG] 候選: ID=178, 規格='48*1.8*260', 廠商ID=8, has_vendor=True, has_spec=True
[DEBUG] -> 跳過 (廠商ID不匹配: tol_vendor=8, input_vendor=4)
[DEBUG] 候選: ID=179, 規格='49*2.3*495', 廠商ID=8, has_vendor=True, has_spec=True
[DEBUG] -> 跳過 (廠商ID不匹配: tol_vendor=8, input_vendor=4)
[DEBUG] 候選: ID=180, 規格='49*2.5*450', 廠商ID=8, has_vendor=True, has_spec=True
[DEBUG] -> 跳過 (廠商ID不匹配: tol_vendor=8, input_vendor=4)
[DEBUG] 候選: ID=181, 規格='49*2.7*315', 廠商ID=8, has_vendor=True, has_spec=True
[DEBUG] -> 跳過 (廠商ID不匹配: tol_vendor=8, input_vendor=4)
[DEBUG] 候選: ID=182, 規格='51*2.5*490', 廠商ID=8, has_vendor=True, has_spec=True
[DEBUG] -> 跳過 (廠商ID不匹配: tol_vendor=8, input_vendor=4)
[DEBUG] 候選: ID=183, 規格='52*3.5*480', 廠商ID=8, has_vendor=True, has_spec=True
[DEBUG] -> 跳過 (廠商ID不匹配: tol_vendor=8, input_vendor=4)
[DEBUG] 候選: ID=184, 規格='55*2.2*355', 廠商ID=8, has_vendor=True, has_spec=True
[DEBUG] -> 跳過 (廠商ID不匹配: tol_vendor=8, input_vendor=4)
[DEBUG] 候選: ID=185, 規格='56*1.7*390', 廠商ID=8, has_vendor=True, has_spec=True
[DEBUG] -> 跳過 (廠商ID不匹配: tol_vendor=8, input_vendor=4)
[DEBUG] 候選: ID=186, 規格='58*4*470', 廠商ID=8, has_vendor=True, has_spec=True
[DEBUG] -> 跳過 (廠商ID不匹配: tol_vendor=8, input_vendor=4)
[DEBUG] 候選: ID=187, 規格='59*3*390', 廠商ID=8, has_vendor=True, has_spec=True
[DEBUG] -> 跳過 (廠商ID不匹配: tol_vendor=8, input_vendor=4)
[DEBUG] 候選: ID=188, 規格='59*3*550', 廠商ID=8, has_vendor=True, has_spec=True
[DEBUG] -> 跳過 (廠商ID不匹配: tol_vendor=8, input_vendor=4)
[DEBUG] 候選: ID=189, 規格='62*2.8*540', 廠商ID=8, has_vendor=True, has_spec=True
[DEBUG] -> 跳過 (廠商ID不匹配: tol_vendor=8, input_vendor=4)
[DEBUG] 候選: ID=190, 規格='62*3*625', 廠商ID=8, has_vendor=True, has_spec=True
[DEBUG] -> 跳過 (廠商ID不匹配: tol_vendor=8, input_vendor=4)
[DEBUG] 候選: ID=191, 規格='62*3.5*390', 廠商ID=8, has_vendor=True, has_spec=True
[DEBUG] -> 跳過 (廠商ID不匹配: tol_vendor=8, input_vendor=4)
[DEBUG] 候選: ID=192, 規格='63*2*460', 廠商ID=8, has_vendor=True, has_spec=True
[DEBUG] -> 跳過 (廠商ID不匹配: tol_vendor=8, input_vendor=4)
[DEBUG] 候選: ID=193, 規格='63*2.1*490', 廠商ID=8, has_vendor=True, has_spec=True
[DEBUG] -> 跳過 (廠商ID不匹配: tol_vendor=8, input_vendor=4)
[DEBUG] 候選: ID=194, 規格='63*2.2*470', 廠商ID=8, has_vendor=True, has_spec=True
[DEBUG] -> 跳過 (廠商ID不匹配: tol_vendor=8, input_vendor=4)
[DEBUG] 候選: ID=195, 規格='64*4*480', 廠商ID=8, has_vendor=True, has_spec=True
[DEBUG] -> 跳過 (廠商ID不匹配: tol_vendor=8, input_vendor=4)
[DEBUG] 候選: ID=196, 規格='64.5*2*540', 廠商ID=8, has_vendor=True, has_spec=True
[DEBUG] -> 跳過 (廠商ID不匹配: tol_vendor=8, input_vendor=4)
[DEBUG] 候選: ID=197, 規格='64.5*2*600', 廠商ID=8, has_vendor=True, has_spec=True
[DEBUG] -> 跳過 (廠商ID不匹配: tol_vendor=8, input_vendor=4)
[DEBUG] 候選: ID=198, 規格='64.5*2.3*380', 廠商ID=8, has_vendor=True, has_spec=True
[DEBUG] -> 跳過 (廠商ID不匹配: tol_vendor=8, input_vendor=4)
[DEBUG] 候選: ID=199, 規格='65*2.5*375', 廠商ID=8, has_vendor=True, has_spec=True
[DEBUG] -> 跳過 (廠商ID不匹配: tol_vendor=8, input_vendor=4)
[DEBUG] 候選: ID=200, 規格='67*2.2*590', 廠商ID=8, has_vendor=True, has_spec=True
[DEBUG] -> 跳過 (廠商ID不匹配: tol_vendor=8, input_vendor=4)
[DEBUG] 候選: ID=201, 規格='67*4.5*440', 廠商ID=8, has_vendor=True, has_spec=True
[DEBUG] -> 跳過 (廠商ID不匹配: tol_vendor=8, input_vendor=4)
[DEBUG] 候選: ID=202, 規格='68*2.2*395', 廠商ID=8, has_vendor=True, has_spec=True
[DEBUG] -> 跳過 (廠商ID不匹配: tol_vendor=8, input_vendor=4)
[DEBUG] 候選: ID=203, 規格='68*2.5*700', 廠商ID=8, has_vendor=True, has_spec=True
[DEBUG] -> 跳過 (廠商ID不匹配: tol_vendor=8, input_vendor=4)
[DEBUG] 候選: ID=204, 規格='68*2.5*720', 廠商ID=8, has_vendor=True, has_spec=True
[DEBUG] -> 跳過 (廠商ID不匹配: tol_vendor=8, input_vendor=4)
[DEBUG] 候選: ID=205, 規格='68*2.7*390', 廠商ID=8, has_vendor=True, has_spec=True
[DEBUG] -> 跳過 (廠商ID不匹配: tol_vendor=8, input_vendor=4)
[DEBUG] 候選: ID=9, 規格='36*2.8*500', 廠商ID=4, has_vendor=True, has_spec=True
[DEBUG] -> 跳過 (廠商ID不匹配: tol_vendor=4, input_vendor=4)
[DEBUG] 候選: ID=206, 規格='68*2.7*595', 廠商ID=8, has_vendor=True, has_spec=True
[DEBUG] -> 跳過 (廠商ID不匹配: tol_vendor=8, input_vendor=4)
[DEBUG] 候選: ID=207, 規格='71*3*450', 廠商ID=8, has_vendor=True, has_spec=True
[DEBUG] -> 跳過 (廠商ID不匹配: tol_vendor=8, input_vendor=4)
[DEBUG] 候選: ID=208, 規格='73*6*680', 廠商ID=8, has_vendor=True, has_spec=True
[DEBUG] -> 跳過 (廠商ID不匹配: tol_vendor=8, input_vendor=4)
[DEBUG] 候選: ID=209, 規格='74*2.5*440', 廠商ID=8, has_vendor=True, has_spec=True
[DEBUG] -> 跳過 (廠商ID不匹配: tol_vendor=8, input_vendor=4)
[DEBUG] 候選: ID=210, 規格='75*2*585', 廠商ID=8, has_vendor=True, has_spec=True
[DEBUG] -> 跳過 (廠商ID不匹配: tol_vendor=8, input_vendor=4)
[DEBUG] 候選: ID=211, 規格='75*4*315', 廠商ID=8, has_vendor=True, has_spec=True
[DEBUG] -> 跳過 (廠商ID不匹配: tol_vendor=8, input_vendor=4)
[DEBUG] 候選: ID=212, 規格='90*3.5*500', 廠商ID=8, has_vendor=True, has_spec=True
[DEBUG] -> 跳過 (廠商ID不匹配: tol_vendor=8, input_vendor=4)
[DEBUG] 候選: ID=213, 規格='98*4*680', 廠商ID=8, has_vendor=True, has_spec=True
[DEBUG] -> 跳過 (廠商ID不匹配: tol_vendor=8, input_vendor=4)
[DEBUG] 候選: ID=214, 規格='98*4.2*535', 廠商ID=8, has_vendor=True, has_spec=True
[DEBUG] -> 跳過 (廠商ID不匹配: tol_vendor=8, input_vendor=4)
[DEBUG] 候選: ID=215, 規格='115*4*360', 廠商ID=8, has_vendor=True, has_spec=True
[DEBUG] -> 跳過 (廠商ID不匹配: tol_vendor=8, input_vendor=4)
[DEBUG] 候選: ID=216, 規格='115*4*540', 廠商ID=8, has_vendor=True, has_spec=True
[DEBUG] -> 跳過 (廠商ID不匹配: tol_vendor=8, input_vendor=4)
[DEBUG] 候選: ID=251, 規格='69.6*67.2*143', 廠商ID=24, has_vendor=True, has_spec=True
[DEBUG] -> 跳過 (廠商ID不匹配: tol_vendor=24, input_vendor=4)
[DEBUG] 候選: ID=252, 規格='84.5*82*164.5', 廠商ID=24, has_vendor=True, has_spec=True
[DEBUG] -> 跳過 (廠商ID不匹配: tol_vendor=24, input_vendor=4)
[DEBUG] 候選: ID=253, 規格='51*2.3*585', 廠商ID=8, has_vendor=True, has_spec=True
[DEBUG] -> 跳過 (廠商ID不匹配: tol_vendor=8, input_vendor=4)
[DEBUG] 候選: ID=255, 規格='38*2.75*295', 廠商ID=8, has_vendor=True, has_spec=True
[DEBUG] -> 跳過 (廠商ID不匹配: tol_vendor=8, input_vendor=4)
[DEBUG] 候選: ID=256, 規格='34*2.5*400', 廠商ID=8, has_vendor=True, has_spec=True
[DEBUG] -> 跳過 (廠商ID不匹配: tol_vendor=8, input_vendor=4)
[DEBUG] 候選: ID=419, 規格='62*4.0*5500', 廠商ID=3, has_vendor=True, has_spec=True
[DEBUG] -> 跳過 (廠商ID不匹配: tol_vendor=3, input_vendor=4)
[DEBUG] 候選: ID=423, 規格='25*20*175', 廠商ID=1, has_vendor=True, has_spec=True
[DEBUG] -> 跳過 (廠商ID不匹配: tol_vendor=1, input_vendor=4)
[DEBUG] 候選: ID=468, 規格='48*1.6*5500', 廠商ID=3, has_vendor=True, has_spec=True
[DEBUG] -> 跳過 (廠商ID不匹配: tol_vendor=3, input_vendor=4)
[DEBUG] 候選: ID=469, 規格='48*2.0*5500', 廠商ID=3, has_vendor=True, has_spec=True
[DEBUG] -> 跳過 (廠商ID不匹配: tol_vendor=3, input_vendor=4)
[DEBUG] 候選: ID=430, 規格='130*3.0*1020', 廠商ID=7, has_vendor=True, has_spec=True
[DEBUG] -> 跳過 (廠商ID不匹配: tol_vendor=7, input_vendor=4)
[DEBUG] 候選: ID=432, 規格='100*2.5*4800', 廠商ID=3, has_vendor=True, has_spec=True
[DEBUG] -> 跳過 (廠商ID不匹配: tol_vendor=3, input_vendor=4)
[DEBUG] 候選: ID=434, 規格='100*5.0*3000', 廠商ID=3, has_vendor=True, has_spec=True
[DEBUG] -> 跳過 (廠商ID不匹配: tol_vendor=3, input_vendor=4)
[DEBUG] 候選: ID=435, 規格='110*4.5*3200', 廠商ID=3, has_vendor=True, has_spec=True
[DEBUG] -> 跳過 (廠商ID不匹配: tol_vendor=3, input_vendor=4)
[DEBUG] 候選: ID=436, 規格='115*2.2*3000', 廠商ID=3, has_vendor=True, has_spec=True
[DEBUG] -> 跳過 (廠商ID不匹配: tol_vendor=3, input_vendor=4)
[DEBUG] 候選: ID=437, 規格='120*4.0*4600', 廠商ID=3, has_vendor=True, has_spec=True
[DEBUG] -> 跳過 (廠商ID不匹配: tol_vendor=3, input_vendor=4)
[DEBUG] 候選: ID=438, 規格='19*1.6*5500', 廠商ID=3, has_vendor=True, has_spec=True
[DEBUG] -> 跳過 (廠商ID不匹配: tol_vendor=3, input_vendor=4)
[DEBUG] 候選: ID=439, 規格='25.4*1.6*5500', 廠商ID=3, has_vendor=True, has_spec=True
[DEBUG] -> 跳過 (廠商ID不匹配: tol_vendor=3, input_vendor=4)
[DEBUG] 候選: ID=440, 規格='25.4*1.8*5500', 廠商ID=3, has_vendor=True, has_spec=True
[DEBUG] -> 跳過 (廠商ID不匹配: tol_vendor=3, input_vendor=4)
[DEBUG] 候選: ID=441, 規格='25.4*2.05*5500', 廠商ID=3, has_vendor=True, has_spec=True
[DEBUG] -> 跳過 (廠商ID不匹配: tol_vendor=3, input_vendor=4)
[DEBUG] 候選: ID=442, 規格='26*2.0*5500', 廠商ID=3, has_vendor=True, has_spec=True
[DEBUG] -> 跳過 (廠商ID不匹配: tol_vendor=3, input_vendor=4)
[DEBUG] 候選: ID=443, 規格='28.6*1.8*5500', 廠商ID=3, has_vendor=True, has_spec=True
[DEBUG] -> 跳過 (廠商ID不匹配: tol_vendor=3, input_vendor=4)
[DEBUG] 候選: ID=444, 規格='28.6*2.0*5500', 廠商ID=3, has_vendor=True, has_spec=True
[DEBUG] -> 跳過 (廠商ID不匹配: tol_vendor=3, input_vendor=4)
[DEBUG] 候選: ID=445, 規格='28.6*2.3*5500', 廠商ID=3, has_vendor=True, has_spec=True
[DEBUG] -> 跳過 (廠商ID不匹配: tol_vendor=3, input_vendor=4)
[DEBUG] 候選: ID=446, 規格='31.8*1.8*5500', 廠商ID=3, has_vendor=True, has_spec=True
[DEBUG] -> 跳過 (廠商ID不匹配: tol_vendor=3, input_vendor=4)
[DEBUG] 候選: ID=447, 規格='31.8*2.05*5500', 廠商ID=3, has_vendor=True, has_spec=True
[DEBUG] -> 跳過 (廠商ID不匹配: tol_vendor=3, input_vendor=4)
[DEBUG] 候選: ID=448, 規格='31.8*2.45*5500', 廠商ID=3, has_vendor=True, has_spec=True
[DEBUG] -> 跳過 (廠商ID不匹配: tol_vendor=3, input_vendor=4)
[DEBUG] 候選: ID=449, 規格='35*1.4*5500', 廠商ID=3, has_vendor=True, has_spec=True
[DEBUG] -> 跳過 (廠商ID不匹配: tol_vendor=3, input_vendor=4)
[DEBUG] 候選: ID=450, 規格='35*1.8*5500', 廠商ID=3, has_vendor=True, has_spec=True
[DEBUG] -> 跳過 (廠商ID不匹配: tol_vendor=3, input_vendor=4)
[DEBUG] 候選: ID=451, 規格='35*2.05*5500', 廠商ID=3, has_vendor=True, has_spec=True
[DEBUG] -> 跳過 (廠商ID不匹配: tol_vendor=3, input_vendor=4)
[DEBUG] 候選: ID=452, 規格='35*2.25*5500', 廠商ID=3, has_vendor=True, has_spec=True
[DEBUG] -> 跳過 (廠商ID不匹配: tol_vendor=3, input_vendor=4)
[DEBUG] 候選: ID=453, 規格='35*2.5*5500', 廠商ID=3, has_vendor=True, has_spec=True
[DEBUG] -> 跳過 (廠商ID不匹配: tol_vendor=3, input_vendor=4)
[DEBUG] 候選: ID=454, 規格='35*2.85*5500', 廠商ID=3, has_vendor=True, has_spec=True
[DEBUG] -> 跳過 (廠商ID不匹配: tol_vendor=3, input_vendor=4)
[DEBUG] 候選: ID=455, 規格='38*1.7*5500', 廠商ID=3, has_vendor=True, has_spec=True
[DEBUG] -> 跳過 (廠商ID不匹配: tol_vendor=3, input_vendor=4)
[DEBUG] 候選: ID=456, 規格='38*2.05*5500', 廠商ID=3, has_vendor=True, has_spec=True
[DEBUG] -> 跳過 (廠商ID不匹配: tol_vendor=3, input_vendor=4)
[DEBUG] 候選: ID=457, 規格='38.1*2.3*5500', 廠商ID=3, has_vendor=True, has_spec=True
[DEBUG] -> 跳過 (廠商ID不匹配: tol_vendor=3, input_vendor=4)
[DEBUG] 候選: ID=458, 規格='39*1.6*5500', 廠商ID=3, has_vendor=True, has_spec=True
[DEBUG] -> 跳過 (廠商ID不匹配: tol_vendor=3, input_vendor=4)
[DEBUG] 候選: ID=459, 規格='39*2.0*5500', 廠商ID=3, has_vendor=True, has_spec=True
[DEBUG] -> 跳過 (廠商ID不匹配: tol_vendor=3, input_vendor=4)
[DEBUG] 候選: ID=460, 規格='41*1.9*5500', 廠商ID=3, has_vendor=True, has_spec=True
[DEBUG] -> 跳過 (廠商ID不匹配: tol_vendor=3, input_vendor=4)
[DEBUG] 候選: ID=461, 規格='41*4.2*5500', 廠商ID=3, has_vendor=True, has_spec=True
[DEBUG] -> 跳過 (廠商ID不匹配: tol_vendor=3, input_vendor=4)
[DEBUG] 候選: ID=462, 規格='44*1.8*5500', 廠商ID=3, has_vendor=True, has_spec=True
[DEBUG] -> 跳過 (廠商ID不匹配: tol_vendor=3, input_vendor=4)
[DEBUG] 候選: ID=463, 規格='44*2.0*5500', 廠商ID=3, has_vendor=True, has_spec=True
[DEBUG] -> 跳過 (廠商ID不匹配: tol_vendor=3, input_vendor=4)
[DEBUG] 候選: ID=464, 規格='44*2.5*5500', 廠商ID=3, has_vendor=True, has_spec=True
[DEBUG] -> 跳過 (廠商ID不匹配: tol_vendor=3, input_vendor=4)
[DEBUG] 候選: ID=465, 規格='45*6.0*5500', 廠商ID=3, has_vendor=True, has_spec=True
[DEBUG] -> 跳過 (廠商ID不匹配: tol_vendor=3, input_vendor=4)
[DEBUG] 候選: ID=466, 規格='46.5*3.7*5500', 廠商ID=3, has_vendor=True, has_spec=True
[DEBUG] -> 跳過 (廠商ID不匹配: tol_vendor=3, input_vendor=4)
[DEBUG] 候選: ID=467, 規格='47*4.0*5500', 廠商ID=3, has_vendor=True, has_spec=True
[DEBUG] -> 跳過 (廠商ID不匹配: tol_vendor=3, input_vendor=4)
[DEBUG] 候選: ID=470, 規格='48*2.45*5500', 廠商ID=3, has_vendor=True, has_spec=True
[DEBUG] -> 跳過 (廠商ID不匹配: tol_vendor=3, input_vendor=4)
[DEBUG] 候選: ID=471, 規格='50*1.9*5500', 廠商ID=3, has_vendor=True, has_spec=True
[DEBUG] -> 跳過 (廠商ID不匹配: tol_vendor=3, input_vendor=4)
[DEBUG] 候選: ID=472, 規格='50*3.5*5500', 廠商ID=3, has_vendor=True, has_spec=True
[DEBUG] -> 跳過 (廠商ID不匹配: tol_vendor=3, input_vendor=4)
[DEBUG] 候選: ID=473, 規格='50*6.0*5500', 廠商ID=3, has_vendor=True, has_spec=True
[DEBUG] -> 跳過 (廠商ID不匹配: tol_vendor=3, input_vendor=4)
[DEBUG] 候選: ID=474, 規格='50*8.5*450', 廠商ID=3, has_vendor=True, has_spec=True
[DEBUG] -> 跳過 (廠商ID不匹配: tol_vendor=3, input_vendor=4)
[DEBUG] 候選: ID=475, 規格='52*8.5*460', 廠商ID=3, has_vendor=True, has_spec=True
[DEBUG] -> 跳過 (廠商ID不匹配: tol_vendor=3, input_vendor=4)
[DEBUG] 候選: ID=476, 規格='53*10.5*440', 廠商ID=3, has_vendor=True, has_spec=True
[DEBUG] -> 跳過 (廠商ID不匹配: tol_vendor=3, input_vendor=4)
[DEBUG] 候選: ID=477, 規格='53*6.2*415', 廠商ID=3, has_vendor=True, has_spec=True
[DEBUG] -> 跳過 (廠商ID不匹配: tol_vendor=3, input_vendor=4)
[DEBUG] 候選: ID=478, 規格='54*1.7*5500', 廠商ID=3, has_vendor=True, has_spec=True
[DEBUG] -> 跳過 (廠商ID不匹配: tol_vendor=3, input_vendor=4)
[DEBUG] 候選: ID=479, 規格='54*6.2*5500', 廠商ID=3, has_vendor=True, has_spec=True
[DEBUG] -> 跳過 (廠商ID不匹配: tol_vendor=3, input_vendor=4)
[DEBUG] 候選: ID=480, 規格='55*6.0*5500', 廠商ID=3, has_vendor=True, has_spec=True
[DEBUG] -> 跳過 (廠商ID不匹配: tol_vendor=3, input_vendor=4)
[DEBUG] 候選: ID=481, 規格='56*2.4*5500', 廠商ID=3, has_vendor=True, has_spec=True
[DEBUG] -> 跳過 (廠商ID不匹配: tol_vendor=3, input_vendor=4)
[DEBUG] 候選: ID=482, 規格='56*4.7*5500', 廠商ID=3, has_vendor=True, has_spec=True
[DEBUG] -> 跳過 (廠商ID不匹配: tol_vendor=3, input_vendor=4)
[DEBUG] 候選: ID=483, 規格='57*1.8*5500', 廠商ID=3, has_vendor=True, has_spec=True
[DEBUG] -> 跳過 (廠商ID不匹配: tol_vendor=3, input_vendor=4)
[DEBUG] 候選: ID=484, 規格='57*9.0*415', 廠商ID=3, has_vendor=True, has_spec=True
[DEBUG] -> 跳過 (廠商ID不匹配: tol_vendor=3, input_vendor=4)
[DEBUG] 候選: ID=485, 規格='57*9.0*375', 廠商ID=3, has_vendor=True, has_spec=True
[DEBUG] -> 跳過 (廠商ID不匹配: tol_vendor=3, input_vendor=4)
[DEBUG] 候選: ID=486, 規格='58*2.5*5500', 廠商ID=3, has_vendor=True, has_spec=True
[DEBUG] -> 跳過 (廠商ID不匹配: tol_vendor=3, input_vendor=4)
[DEBUG] 候選: ID=487, 規格='58*7.5*4600', 廠商ID=3, has_vendor=True, has_spec=True
[DEBUG] -> 跳過 (廠商ID不匹配: tol_vendor=3, input_vendor=4)
[DEBUG] 候選: ID=488, 規格='58*7.5*400', 廠商ID=3, has_vendor=True, has_spec=True
[DEBUG] -> 跳過 (廠商ID不匹配: tol_vendor=3, input_vendor=4)
[DEBUG] 候選: ID=489, 規格='58*8.0*4600', 廠商ID=3, has_vendor=True, has_spec=True
[DEBUG] -> 跳過 (廠商ID不匹配: tol_vendor=3, input_vendor=4)
[DEBUG] 候選: ID=490, 規格='58*9.0*4100', 廠商ID=3, has_vendor=True, has_spec=True
[DEBUG] -> 跳過 (廠商ID不匹配: tol_vendor=3, input_vendor=4)
[DEBUG] 候選: ID=491, 規格='60*1.5*5500', 廠商ID=3, has_vendor=True, has_spec=True
[DEBUG] -> 跳過 (廠商ID不匹配: tol_vendor=3, input_vendor=4)
[DEBUG] 候選: ID=492, 規格='60*2.5*5500', 廠商ID=3, has_vendor=True, has_spec=True
[DEBUG] -> 跳過 (廠商ID不匹配: tol_vendor=3, input_vendor=4)
[DEBUG] 候選: ID=493, 規格='62.3*8.5*4100', 廠商ID=3, has_vendor=True, has_spec=True
[DEBUG] -> 跳過 (廠商ID不匹配: tol_vendor=3, input_vendor=4)
[DEBUG] 候選: ID=494, 規格='62*2.3*5500', 廠商ID=3, has_vendor=True, has_spec=True
[DEBUG] -> 跳過 (廠商ID不匹配: tol_vendor=3, input_vendor=4)
[DEBUG] 候選: ID=495, 規格='62*4.0*5500', 廠商ID=3, has_vendor=True, has_spec=True
[DEBUG] -> 跳過 (廠商ID不匹配: tol_vendor=3, input_vendor=4)
[DEBUG] 候選: ID=496, 規格='64*10.5*3000', 廠商ID=3, has_vendor=True, has_spec=True
[DEBUG] -> 跳過 (廠商ID不匹配: tol_vendor=3, input_vendor=4)
[DEBUG] 候選: ID=497, 規格='65.5*2.4*5500', 廠商ID=3, has_vendor=True, has_spec=True
[DEBUG] -> 跳過 (廠商ID不匹配: tol_vendor=3, input_vendor=4)
[DEBUG] 候選: ID=498, 規格='65*1.8*5500', 廠商ID=3, has_vendor=True, has_spec=True
[DEBUG] -> 跳過 (廠商ID不匹配: tol_vendor=3, input_vendor=4)
[DEBUG] 候選: ID=499, 規格='65*2.8*5500', 廠商ID=3, has_vendor=True, has_spec=True
[DEBUG] -> 跳過 (廠商ID不匹配: tol_vendor=3, input_vendor=4)
[DEBUG] 候選: ID=500, 規格='65*8.5*3800', 廠商ID=3, has_vendor=True, has_spec=True
[DEBUG] -> 跳過 (廠商ID不匹配: tol_vendor=3, input_vendor=4)
[DEBUG] 候選: ID=501, 規格='68*14*2900', 廠商ID=3, has_vendor=True, has_spec=True
[DEBUG] -> 跳過 (廠商ID不匹配: tol_vendor=3, input_vendor=4)
[DEBUG] 候選: ID=502, 規格='70*2.0*5500', 廠商ID=3, has_vendor=True, has_spec=True
[DEBUG] -> 跳過 (廠商ID不匹配: tol_vendor=3, input_vendor=4)
[DEBUG] 候選: ID=503, 規格='70*2.3*5500', 廠商ID=3, has_vendor=True, has_spec=True
[DEBUG] -> 跳過 (廠商ID不匹配: tol_vendor=3, input_vendor=4)
[DEBUG] 候選: ID=504, 規格='70*8.0*4000', 廠商ID=3, has_vendor=True, has_spec=True
[DEBUG] -> 跳過 (廠商ID不匹配: tol_vendor=3, input_vendor=4)
[DEBUG] 候選: ID=505, 規格='70*9.0*4000', 廠商ID=3, has_vendor=True, has_spec=True
[DEBUG] -> 跳過 (廠商ID不匹配: tol_vendor=3, input_vendor=4)
[DEBUG] 候選: ID=506, 規格='72*2.0*5500', 廠商ID=3, has_vendor=True, has_spec=True
[DEBUG] -> 跳過 (廠商ID不匹配: tol_vendor=3, input_vendor=4)
[DEBUG] 候選: ID=507, 規格='72*2.6*5500', 廠商ID=3, has_vendor=True, has_spec=True
[DEBUG] -> 跳過 (廠商ID不匹配: tol_vendor=3, input_vendor=4)
[DEBUG] 候選: ID=508, 規格='72*3.0*5500', 廠商ID=3, has_vendor=True, has_spec=True
[DEBUG] -> 跳過 (廠商ID不匹配: tol_vendor=3, input_vendor=4)
[DEBUG] 候選: ID=509, 規格='74.5*10.8*394', 廠商ID=3, has_vendor=True, has_spec=True
[DEBUG] -> 跳過 (廠商ID不匹配: tol_vendor=3, input_vendor=4)
[DEBUG] 候選: ID=510, 規格='74*3.5*5500', 廠商ID=3, has_vendor=True, has_spec=True
[DEBUG] -> 跳過 (廠商ID不匹配: tol_vendor=3, input_vendor=4)
[DEBUG] 候選: ID=511, 規格='75*2.5*5500', 廠商ID=3, has_vendor=True, has_spec=True
[DEBUG] -> 跳過 (廠商ID不匹配: tol_vendor=3, input_vendor=4)
[DEBUG] 候選: ID=512, 規格='76*6.8*3100', 廠商ID=3, has_vendor=True, has_spec=True
[DEBUG] -> 跳過 (廠商ID不匹配: tol_vendor=3, input_vendor=4)
[DEBUG] 候選: ID=513, 規格='80*13*2000', 廠商ID=3, has_vendor=True, has_spec=True
[DEBUG] -> 跳過 (廠商ID不匹配: tol_vendor=3, input_vendor=4)
[DEBUG] 候選: ID=514, 規格='80*14*1900', 廠商ID=3, has_vendor=True, has_spec=True
[DEBUG] -> 跳過 (廠商ID不匹配: tol_vendor=3, input_vendor=4)
[DEBUG] 候選: ID=515, 規格='82*2.3*5500', 廠商ID=3, has_vendor=True, has_spec=True
[DEBUG] -> 跳過 (廠商ID不匹配: tol_vendor=3, input_vendor=4)
[DEBUG] 候選: ID=516, 規格='82*3.3*5500', 廠商ID=3, has_vendor=True, has_spec=True
[DEBUG] -> 跳過 (廠商ID不匹配: tol_vendor=3, input_vendor=4)
[DEBUG] 候選: ID=517, 規格='82*4.3*4000', 廠商ID=3, has_vendor=True, has_spec=True
[DEBUG] -> 跳過 (廠商ID不匹配: tol_vendor=3, input_vendor=4)
[DEBUG] 候選: ID=518, 規格='82*2.6*810', 廠商ID=8, has_vendor=True, has_spec=True
[DEBUG] -> 跳過 (廠商ID不匹配: tol_vendor=8, input_vendor=4)
[DEBUG] 候選: ID=519, 規格='', 廠商ID=4, has_vendor=True, has_spec=False
[DEBUG] -> 跳過 (廠商ID不匹配: tol_vendor=4, input_vendor=4)
[DEBUG] 候選: ID=433, 規格='100*4.0*3000', 廠商ID=3, has_vendor=True, has_spec=True
[DEBUG] -> 跳過 (廠商ID不匹配: tol_vendor=3, input_vendor=4)
[DEBUG] 查詢條件: vendor_id=4, material=6061-F, spec=40*3.5*350 -> normalize=40*3.5*350
[DEBUG] 公差候選數量: 169
[DEBUG] 候選: ID=7, 規格='34*2.3*505', 廠商ID=4, has_vendor=True, has_spec=True
[DEBUG] -> 跳過 (廠商ID不匹配: tol_vendor=4, input_vendor=4)
[DEBUG] 候選: ID=8, 規格='35*2.8', 廠商ID=4, has_vendor=True, has_spec=True
[DEBUG] -> 跳過 (廠商ID不匹配: tol_vendor=4, input_vendor=4)
[DEBUG] 候選: ID=10, 規格='36*3.0*430', 廠商ID=4, has_vendor=True, has_spec=True
[DEBUG] -> 跳過 (廠商ID不匹配: tol_vendor=4, input_vendor=4)
[DEBUG] 候選: ID=11, 規格='40*3.0*410', 廠商ID=4, has_vendor=True, has_spec=True
[DEBUG] -> 跳過 (廠商ID不匹配: tol_vendor=4, input_vendor=4)
[DEBUG] 候選: ID=45, 規格='None', 廠商ID=1, has_vendor=True, has_spec=False
[DEBUG] -> 跳過 (廠商ID不匹配: tol_vendor=1, input_vendor=4)
[DEBUG] 候選: ID=54, 規格='23*2.4*370', 廠商ID=8, has_vendor=True, has_spec=True
[DEBUG] -> 跳過 (廠商ID不匹配: tol_vendor=8, input_vendor=4)
[DEBUG] 候選: ID=55, 規格='26*1.8*390', 廠商ID=8, has_vendor=True, has_spec=True
[DEBUG] -> 跳過 (廠商ID不匹配: tol_vendor=8, input_vendor=4)
[DEBUG] 候選: ID=56, 規格='28*2.0*350', 廠商ID=8, has_vendor=True, has_spec=True
[DEBUG] -> 跳過 (廠商ID不匹配: tol_vendor=8, input_vendor=4)
[DEBUG] 候選: ID=57, 規格='28.2*1.9*535', 廠商ID=8, has_vendor=True, has_spec=True
[DEBUG] -> 跳過 (廠商ID不匹配: tol_vendor=8, input_vendor=4)
[DEBUG] 候選: ID=58, 規格='28.6*4.0*615', 廠商ID=8, has_vendor=True, has_spec=True
[DEBUG] -> 跳過 (廠商ID不匹配: tol_vendor=8, input_vendor=4)
[DEBUG] 候選: ID=59, 規格='30*1.7*445', 廠商ID=8, has_vendor=True, has_spec=True
[DEBUG] -> 跳過 (廠商ID不匹配: tol_vendor=8, input_vendor=4)
[DEBUG] 候選: ID=60, 規格='31*2.0*310', 廠商ID=8, has_vendor=True, has_spec=True
[DEBUG] -> 跳過 (廠商ID不匹配: tol_vendor=8, input_vendor=4)
[DEBUG] 候選: ID=61, 規格='31.8*2.8*746', 廠商ID=8, has_vendor=True, has_spec=True
[DEBUG] -> 跳過 (廠商ID不匹配: tol_vendor=8, input_vendor=4)
[DEBUG] 候選: ID=62, 規格='33*1.8*370', 廠商ID=8, has_vendor=True, has_spec=True
[DEBUG] -> 跳過 (廠商ID不匹配: tol_vendor=8, input_vendor=4)
[DEBUG] 候選: ID=63, 規格='34*1.8*280', 廠商ID=8, has_vendor=True, has_spec=True
[DEBUG] -> 跳過 (廠商ID不匹配: tol_vendor=8, input_vendor=4)
[DEBUG] 候選: ID=64, 規格='35*2.5*290', 廠商ID=8, has_vendor=True, has_spec=True
[DEBUG] -> 跳過 (廠商ID不匹配: tol_vendor=8, input_vendor=4)
[DEBUG] 候選: ID=65, 規格='35*2.5*410', 廠商ID=8, has_vendor=True, has_spec=True
[DEBUG] -> 跳過 (廠商ID不匹配: tol_vendor=8, input_vendor=4)
[DEBUG] 候選: ID=66, 規格='35*2.6*395', 廠商ID=8, has_vendor=True, has_spec=True
[DEBUG] -> 跳過 (廠商ID不匹配: tol_vendor=8, input_vendor=4)
[DEBUG] 候選: ID=67, 規格='38*2.0*420', 廠商ID=8, has_vendor=True, has_spec=True
[DEBUG] -> 跳過 (廠商ID不匹配: tol_vendor=8, input_vendor=4)
[DEBUG] 候選: ID=68, 規格='38*2.5*380', 廠商ID=8, has_vendor=True, has_spec=True
[DEBUG] -> 跳過 (廠商ID不匹配: tol_vendor=8, input_vendor=4)
[DEBUG] 候選: ID=69, 規格='39*2.5*310', 廠商ID=8, has_vendor=True, has_spec=True
[DEBUG] -> 跳過 (廠商ID不匹配: tol_vendor=8, input_vendor=4)
[DEBUG] 候選: ID=148, 規格='40*2.4*300', 廠商ID=8, has_vendor=True, has_spec=True
[DEBUG] -> 跳過 (廠商ID不匹配: tol_vendor=8, input_vendor=4)
[DEBUG] 候選: ID=149, 規格='40*2.6*605', 廠商ID=8, has_vendor=True, has_spec=True
[DEBUG] -> 跳過 (廠商ID不匹配: tol_vendor=8, input_vendor=4)
[DEBUG] 候選: ID=168, 規格='42*2*320', 廠商ID=8, has_vendor=True, has_spec=True
[DEBUG] -> 跳過 (廠商ID不匹配: tol_vendor=8, input_vendor=4)
[DEBUG] 候選: ID=169, 規格='42*3.5*565', 廠商ID=8, has_vendor=True, has_spec=True
[DEBUG] -> 跳過 (廠商ID不匹配: tol_vendor=8, input_vendor=4)
[DEBUG] 候選: ID=170, 規格='43*2.1*300', 廠商ID=8, has_vendor=True, has_spec=True
[DEBUG] -> 跳過 (廠商ID不匹配: tol_vendor=8, input_vendor=4)
[DEBUG] 候選: ID=171, 規格='43*2.5*320', 廠商ID=8, has_vendor=True, has_spec=True
[DEBUG] -> 跳過 (廠商ID不匹配: tol_vendor=8, input_vendor=4)
[DEBUG] 候選: ID=172, 規格='44*3.6*260', 廠商ID=8, has_vendor=True, has_spec=True
[DEBUG] -> 跳過 (廠商ID不匹配: tol_vendor=8, input_vendor=4)
[DEBUG] 候選: ID=173, 規格='44*4*200', 廠商ID=8, has_vendor=True, has_spec=True
[DEBUG] -> 跳過 (廠商ID不匹配: tol_vendor=8, input_vendor=4)
[DEBUG] 候選: ID=174, 規格='44*4*295', 廠商ID=8, has_vendor=True, has_spec=True
[DEBUG] -> 跳過 (廠商ID不匹配: tol_vendor=8, input_vendor=4)
[DEBUG] 候選: ID=175, 規格='44*4*310', 廠商ID=8, has_vendor=True, has_spec=True
[DEBUG] -> 跳過 (廠商ID不匹配: tol_vendor=8, input_vendor=4)
[DEBUG] 候選: ID=176, 規格='45*2.1*550', 廠商ID=8, has_vendor=True, has_spec=True
[DEBUG] -> 跳過 (廠商ID不匹配: tol_vendor=8, input_vendor=4)
[DEBUG] 候選: ID=177, 規格='47*2.5*345', 廠商ID=8, has_vendor=True, has_spec=True
[DEBUG] -> 跳過 (廠商ID不匹配: tol_vendor=8, input_vendor=4)
[DEBUG] 候選: ID=178, 規格='48*1.8*260', 廠商ID=8, has_vendor=True, has_spec=True
[DEBUG] -> 跳過 (廠商ID不匹配: tol_vendor=8, input_vendor=4)
[DEBUG] 候選: ID=179, 規格='49*2.3*495', 廠商ID=8, has_vendor=True, has_spec=True
[DEBUG] -> 跳過 (廠商ID不匹配: tol_vendor=8, input_vendor=4)
[DEBUG] 候選: ID=180, 規格='49*2.5*450', 廠商ID=8, has_vendor=True, has_spec=True
[DEBUG] -> 跳過 (廠商ID不匹配: tol_vendor=8, input_vendor=4)
[DEBUG] 候選: ID=181, 規格='49*2.7*315', 廠商ID=8, has_vendor=True, has_spec=True
[DEBUG] -> 跳過 (廠商ID不匹配: tol_vendor=8, input_vendor=4)
[DEBUG] 候選: ID=182, 規格='51*2.5*490', 廠商ID=8, has_vendor=True, has_spec=True
[DEBUG] -> 跳過 (廠商ID不匹配: tol_vendor=8, input_vendor=4)
[DEBUG] 候選: ID=183, 規格='52*3.5*480', 廠商ID=8, has_vendor=True, has_spec=True
[DEBUG] -> 跳過 (廠商ID不匹配: tol_vendor=8, input_vendor=4)
[DEBUG] 候選: ID=184, 規格='55*2.2*355', 廠商ID=8, has_vendor=True, has_spec=True
[DEBUG] -> 跳過 (廠商ID不匹配: tol_vendor=8, input_vendor=4)
[DEBUG] 候選: ID=185, 規格='56*1.7*390', 廠商ID=8, has_vendor=True, has_spec=True
[DEBUG] -> 跳過 (廠商ID不匹配: tol_vendor=8, input_vendor=4)
[DEBUG] 候選: ID=186, 規格='58*4*470', 廠商ID=8, has_vendor=True, has_spec=True
[DEBUG] -> 跳過 (廠商ID不匹配: tol_vendor=8, input_vendor=4)
[DEBUG] 候選: ID=187, 規格='59*3*390', 廠商ID=8, has_vendor=True, has_spec=True
[DEBUG] -> 跳過 (廠商ID不匹配: tol_vendor=8, input_vendor=4)
[DEBUG] 候選: ID=188, 規格='59*3*550', 廠商ID=8, has_vendor=True, has_spec=True
[DEBUG] -> 跳過 (廠商ID不匹配: tol_vendor=8, input_vendor=4)
[DEBUG] 候選: ID=189, 規格='62*2.8*540', 廠商ID=8, has_vendor=True, has_spec=True
[DEBUG] -> 跳過 (廠商ID不匹配: tol_vendor=8, input_vendor=4)
[DEBUG] 候選: ID=190, 規格='62*3*625', 廠商ID=8, has_vendor=True, has_spec=True
[DEBUG] -> 跳過 (廠商ID不匹配: tol_vendor=8, input_vendor=4)
[DEBUG] 候選: ID=191, 規格='62*3.5*390', 廠商ID=8, has_vendor=True, has_spec=True
[DEBUG] -> 跳過 (廠商ID不匹配: tol_vendor=8, input_vendor=4)
[DEBUG] 候選: ID=192, 規格='63*2*460', 廠商ID=8, has_vendor=True, has_spec=True
[DEBUG] -> 跳過 (廠商ID不匹配: tol_vendor=8, input_vendor=4)
[DEBUG] 候選: ID=193, 規格='63*2.1*490', 廠商ID=8, has_vendor=True, has_spec=True
[DEBUG] -> 跳過 (廠商ID不匹配: tol_vendor=8, input_vendor=4)
[DEBUG] 候選: ID=194, 規格='63*2.2*470', 廠商ID=8, has_vendor=True, has_spec=True
[DEBUG] -> 跳過 (廠商ID不匹配: tol_vendor=8, input_vendor=4)
[DEBUG] 候選: ID=195, 規格='64*4*480', 廠商ID=8, has_vendor=True, has_spec=True
[DEBUG] -> 跳過 (廠商ID不匹配: tol_vendor=8, input_vendor=4)
[DEBUG] 候選: ID=196, 規格='64.5*2*540', 廠商ID=8, has_vendor=True, has_spec=True
[DEBUG] -> 跳過 (廠商ID不匹配: tol_vendor=8, input_vendor=4)
[DEBUG] 候選: ID=197, 規格='64.5*2*600', 廠商ID=8, has_vendor=True, has_spec=True
[DEBUG] -> 跳過 (廠商ID不匹配: tol_vendor=8, input_vendor=4)
[DEBUG] 候選: ID=198, 規格='64.5*2.3*380', 廠商ID=8, has_vendor=True, has_spec=True
[DEBUG] -> 跳過 (廠商ID不匹配: tol_vendor=8, input_vendor=4)
[DEBUG] 候選: ID=199, 規格='65*2.5*375', 廠商ID=8, has_vendor=True, has_spec=True
[DEBUG] -> 跳過 (廠商ID不匹配: tol_vendor=8, input_vendor=4)
[DEBUG] 候選: ID=200, 規格='67*2.2*590', 廠商ID=8, has_vendor=True, has_spec=True
[DEBUG] -> 跳過 (廠商ID不匹配: tol_vendor=8, input_vendor=4)
[DEBUG] 候選: ID=201, 規格='67*4.5*440', 廠商ID=8, has_vendor=True, has_spec=True
[DEBUG] -> 跳過 (廠商ID不匹配: tol_vendor=8, input_vendor=4)
[DEBUG] 候選: ID=202, 規格='68*2.2*395', 廠商ID=8, has_vendor=True, has_spec=True
[DEBUG] -> 跳過 (廠商ID不匹配: tol_vendor=8, input_vendor=4)
[DEBUG] 候選: ID=203, 規格='68*2.5*700', 廠商ID=8, has_vendor=True, has_spec=True
[DEBUG] -> 跳過 (廠商ID不匹配: tol_vendor=8, input_vendor=4)
[DEBUG] 候選: ID=204, 規格='68*2.5*720', 廠商ID=8, has_vendor=True, has_spec=True
[DEBUG] -> 跳過 (廠商ID不匹配: tol_vendor=8, input_vendor=4)
[DEBUG] 候選: ID=205, 規格='68*2.7*390', 廠商ID=8, has_vendor=True, has_spec=True
[DEBUG] -> 跳過 (廠商ID不匹配: tol_vendor=8, input_vendor=4)
[DEBUG] 候選: ID=9, 規格='36*2.8*500', 廠商ID=4, has_vendor=True, has_spec=True
[DEBUG] -> 跳過 (廠商ID不匹配: tol_vendor=4, input_vendor=4)
[DEBUG] 候選: ID=206, 規格='68*2.7*595', 廠商ID=8, has_vendor=True, has_spec=True
[DEBUG] -> 跳過 (廠商ID不匹配: tol_vendor=8, input_vendor=4)
[DEBUG] 候選: ID=207, 規格='71*3*450', 廠商ID=8, has_vendor=True, has_spec=True
[DEBUG] -> 跳過 (廠商ID不匹配: tol_vendor=8, input_vendor=4)
[DEBUG] 候選: ID=208, 規格='73*6*680', 廠商ID=8, has_vendor=True, has_spec=True
[DEBUG] -> 跳過 (廠商ID不匹配: tol_vendor=8, input_vendor=4)
[DEBUG] 候選: ID=209, 規格='74*2.5*440', 廠商ID=8, has_vendor=True, has_spec=True
[DEBUG] -> 跳過 (廠商ID不匹配: tol_vendor=8, input_vendor=4)
[DEBUG] 候選: ID=210, 規格='75*2*585', 廠商ID=8, has_vendor=True, has_spec=True
[DEBUG] -> 跳過 (廠商ID不匹配: tol_vendor=8, input_vendor=4)
[DEBUG] 候選: ID=211, 規格='75*4*315', 廠商ID=8, has_vendor=True, has_spec=True
[DEBUG] -> 跳過 (廠商ID不匹配: tol_vendor=8, input_vendor=4)
[DEBUG] 候選: ID=212, 規格='90*3.5*500', 廠商ID=8, has_vendor=True, has_spec=True
[DEBUG] -> 跳過 (廠商ID不匹配: tol_vendor=8, input_vendor=4)
[DEBUG] 候選: ID=213, 規格='98*4*680', 廠商ID=8, has_vendor=True, has_spec=True
[DEBUG] -> 跳過 (廠商ID不匹配: tol_vendor=8, input_vendor=4)
[DEBUG] 候選: ID=214, 規格='98*4.2*535', 廠商ID=8, has_vendor=True, has_spec=True
[DEBUG] -> 跳過 (廠商ID不匹配: tol_vendor=8, input_vendor=4)
[DEBUG] 候選: ID=215, 規格='115*4*360', 廠商ID=8, has_vendor=True, has_spec=True
[DEBUG] -> 跳過 (廠商ID不匹配: tol_vendor=8, input_vendor=4)
[DEBUG] 候選: ID=216, 規格='115*4*540', 廠商ID=8, has_vendor=True, has_spec=True
[DEBUG] -> 跳過 (廠商ID不匹配: tol_vendor=8, input_vendor=4)
[DEBUG] 候選: ID=251, 規格='69.6*67.2*143', 廠商ID=24, has_vendor=True, has_spec=True
[DEBUG] -> 跳過 (廠商ID不匹配: tol_vendor=24, input_vendor=4)
[DEBUG] 候選: ID=252, 規格='84.5*82*164.5', 廠商ID=24, has_vendor=True, has_spec=True
[DEBUG] -> 跳過 (廠商ID不匹配: tol_vendor=24, input_vendor=4)
[DEBUG] 候選: ID=253, 規格='51*2.3*585', 廠商ID=8, has_vendor=True, has_spec=True
[DEBUG] -> 跳過 (廠商ID不匹配: tol_vendor=8, input_vendor=4)
[DEBUG] 候選: ID=255, 規格='38*2.75*295', 廠商ID=8, has_vendor=True, has_spec=True
[DEBUG] -> 跳過 (廠商ID不匹配: tol_vendor=8, input_vendor=4)
[DEBUG] 候選: ID=256, 規格='34*2.5*400', 廠商ID=8, has_vendor=True, has_spec=True
[DEBUG] -> 跳過 (廠商ID不匹配: tol_vendor=8, input_vendor=4)
[DEBUG] 候選: ID=419, 規格='62*4.0*5500', 廠商ID=3, has_vendor=True, has_spec=True
[DEBUG] -> 跳過 (廠商ID不匹配: tol_vendor=3, input_vendor=4)
[DEBUG] 候選: ID=423, 規格='25*20*175', 廠商ID=1, has_vendor=True, has_spec=True
[DEBUG] -> 跳過 (廠商ID不匹配: tol_vendor=1, input_vendor=4)
[DEBUG] 候選: ID=468, 規格='48*1.6*5500', 廠商ID=3, has_vendor=True, has_spec=True
[DEBUG] -> 跳過 (廠商ID不匹配: tol_vendor=3, input_vendor=4)
[DEBUG] 候選: ID=469, 規格='48*2.0*5500', 廠商ID=3, has_vendor=True, has_spec=True
[DEBUG] -> 跳過 (廠商ID不匹配: tol_vendor=3, input_vendor=4)
[DEBUG] 候選: ID=430, 規格='130*3.0*1020', 廠商ID=7, has_vendor=True, has_spec=True
[DEBUG] -> 跳過 (廠商ID不匹配: tol_vendor=7, input_vendor=4)
[DEBUG] 候選: ID=432, 規格='100*2.5*4800', 廠商ID=3, has_vendor=True, has_spec=True
[DEBUG] -> 跳過 (廠商ID不匹配: tol_vendor=3, input_vendor=4)
[DEBUG] 候選: ID=434, 規格='100*5.0*3000', 廠商ID=3, has_vendor=True, has_spec=True
[DEBUG] -> 跳過 (廠商ID不匹配: tol_vendor=3, input_vendor=4)
[DEBUG] 候選: ID=435, 規格='110*4.5*3200', 廠商ID=3, has_vendor=True, has_spec=True
[DEBUG] -> 跳過 (廠商ID不匹配: tol_vendor=3, input_vendor=4)
[DEBUG] 候選: ID=436, 規格='115*2.2*3000', 廠商ID=3, has_vendor=True, has_spec=True
[DEBUG] -> 跳過 (廠商ID不匹配: tol_vendor=3, input_vendor=4)
[DEBUG] 候選: ID=437, 規格='120*4.0*4600', 廠商ID=3, has_vendor=True, has_spec=True
[DEBUG] -> 跳過 (廠商ID不匹配: tol_vendor=3, input_vendor=4)
[DEBUG] 候選: ID=438, 規格='19*1.6*5500', 廠商ID=3, has_vendor=True, has_spec=True
[DEBUG] -> 跳過 (廠商ID不匹配: tol_vendor=3, input_vendor=4)
[DEBUG] 候選: ID=439, 規格='25.4*1.6*5500', 廠商ID=3, has_vendor=True, has_spec=True
[DEBUG] -> 跳過 (廠商ID不匹配: tol_vendor=3, input_vendor=4)
[DEBUG] 候選: ID=440, 規格='25.4*1.8*5500', 廠商ID=3, has_vendor=True, has_spec=True
[DEBUG] -> 跳過 (廠商ID不匹配: tol_vendor=3, input_vendor=4)
[DEBUG] 候選: ID=441, 規格='25.4*2.05*5500', 廠商ID=3, has_vendor=True, has_spec=True
[DEBUG] -> 跳過 (廠商ID不匹配: tol_vendor=3, input_vendor=4)
[DEBUG] 候選: ID=442, 規格='26*2.0*5500', 廠商ID=3, has_vendor=True, has_spec=True
[DEBUG] -> 跳過 (廠商ID不匹配: tol_vendor=3, input_vendor=4)
[DEBUG] 候選: ID=443, 規格='28.6*1.8*5500', 廠商ID=3, has_vendor=True, has_spec=True
[DEBUG] -> 跳過 (廠商ID不匹配: tol_vendor=3, input_vendor=4)
[DEBUG] 候選: ID=444, 規格='28.6*2.0*5500', 廠商ID=3, has_vendor=True, has_spec=True
[DEBUG] -> 跳過 (廠商ID不匹配: tol_vendor=3, input_vendor=4)
[DEBUG] 候選: ID=445, 規格='28.6*2.3*5500', 廠商ID=3, has_vendor=True, has_spec=True
[DEBUG] -> 跳過 (廠商ID不匹配: tol_vendor=3, input_vendor=4)
[DEBUG] 候選: ID=446, 規格='31.8*1.8*5500', 廠商ID=3, has_vendor=True, has_spec=True
[DEBUG] -> 跳過 (廠商ID不匹配: tol_vendor=3, input_vendor=4)
[DEBUG] 候選: ID=447, 規格='31.8*2.05*5500', 廠商ID=3, has_vendor=True, has_spec=True
[DEBUG] -> 跳過 (廠商ID不匹配: tol_vendor=3, input_vendor=4)
[DEBUG] 候選: ID=448, 規格='31.8*2.45*5500', 廠商ID=3, has_vendor=True, has_spec=True
[DEBUG] -> 跳過 (廠商ID不匹配: tol_vendor=3, input_vendor=4)
[DEBUG] 候選: ID=449, 規格='35*1.4*5500', 廠商ID=3, has_vendor=True, has_spec=True
[DEBUG] -> 跳過 (廠商ID不匹配: tol_vendor=3, input_vendor=4)
[DEBUG] 候選: ID=450, 規格='35*1.8*5500', 廠商ID=3, has_vendor=True, has_spec=True
[DEBUG] -> 跳過 (廠商ID不匹配: tol_vendor=3, input_vendor=4)
[DEBUG] 候選: ID=451, 規格='35*2.05*5500', 廠商ID=3, has_vendor=True, has_spec=True
[DEBUG] -> 跳過 (廠商ID不匹配: tol_vendor=3, input_vendor=4)
[DEBUG] 候選: ID=452, 規格='35*2.25*5500', 廠商ID=3, has_vendor=True, has_spec=True
[DEBUG] -> 跳過 (廠商ID不匹配: tol_vendor=3, input_vendor=4)
[DEBUG] 候選: ID=453, 規格='35*2.5*5500', 廠商ID=3, has_vendor=True, has_spec=True
[DEBUG] -> 跳過 (廠商ID不匹配: tol_vendor=3, input_vendor=4)
[DEBUG] 候選: ID=454, 規格='35*2.85*5500', 廠商ID=3, has_vendor=True, has_spec=True
[DEBUG] -> 跳過 (廠商ID不匹配: tol_vendor=3, input_vendor=4)
[DEBUG] 候選: ID=455, 規格='38*1.7*5500', 廠商ID=3, has_vendor=True, has_spec=True
[DEBUG] -> 跳過 (廠商ID不匹配: tol_vendor=3, input_vendor=4)
[DEBUG] 候選: ID=456, 規格='38*2.05*5500', 廠商ID=3, has_vendor=True, has_spec=True
[DEBUG] -> 跳過 (廠商ID不匹配: tol_vendor=3, input_vendor=4)
[DEBUG] 候選: ID=457, 規格='38.1*2.3*5500', 廠商ID=3, has_vendor=True, has_spec=True
[DEBUG] -> 跳過 (廠商ID不匹配: tol_vendor=3, input_vendor=4)
[DEBUG] 候選: ID=458, 規格='39*1.6*5500', 廠商ID=3, has_vendor=True, has_spec=True
[DEBUG] -> 跳過 (廠商ID不匹配: tol_vendor=3, input_vendor=4)
[DEBUG] 候選: ID=459, 規格='39*2.0*5500', 廠商ID=3, has_vendor=True, has_spec=True
[DEBUG] -> 跳過 (廠商ID不匹配: tol_vendor=3, input_vendor=4)
[DEBUG] 候選: ID=460, 規格='41*1.9*5500', 廠商ID=3, has_vendor=True, has_spec=True
[DEBUG] -> 跳過 (廠商ID不匹配: tol_vendor=3, input_vendor=4)
[DEBUG] 候選: ID=461, 規格='41*4.2*5500', 廠商ID=3, has_vendor=True, has_spec=True
[DEBUG] -> 跳過 (廠商ID不匹配: tol_vendor=3, input_vendor=4)
[DEBUG] 候選: ID=462, 規格='44*1.8*5500', 廠商ID=3, has_vendor=True, has_spec=True
[DEBUG] -> 跳過 (廠商ID不匹配: tol_vendor=3, input_vendor=4)
[DEBUG] 候選: ID=463, 規格='44*2.0*5500', 廠商ID=3, has_vendor=True, has_spec=True
[DEBUG] -> 跳過 (廠商ID不匹配: tol_vendor=3, input_vendor=4)
[DEBUG] 候選: ID=464, 規格='44*2.5*5500', 廠商ID=3, has_vendor=True, has_spec=True
[DEBUG] -> 跳過 (廠商ID不匹配: tol_vendor=3, input_vendor=4)
[DEBUG] 候選: ID=465, 規格='45*6.0*5500', 廠商ID=3, has_vendor=True, has_spec=True
[DEBUG] -> 跳過 (廠商ID不匹配: tol_vendor=3, input_vendor=4)
[DEBUG] 候選: ID=466, 規格='46.5*3.7*5500', 廠商ID=3, has_vendor=True, has_spec=True
[DEBUG] -> 跳過 (廠商ID不匹配: tol_vendor=3, input_vendor=4)
[DEBUG] 候選: ID=467, 規格='47*4.0*5500', 廠商ID=3, has_vendor=True, has_spec=True
[DEBUG] -> 跳過 (廠商ID不匹配: tol_vendor=3, input_vendor=4)
[DEBUG] 候選: ID=470, 規格='48*2.45*5500', 廠商ID=3, has_vendor=True, has_spec=True
[DEBUG] -> 跳過 (廠商ID不匹配: tol_vendor=3, input_vendor=4)
[DEBUG] 候選: ID=471, 規格='50*1.9*5500', 廠商ID=3, has_vendor=True, has_spec=True
[DEBUG] -> 跳過 (廠商ID不匹配: tol_vendor=3, input_vendor=4)
[DEBUG] 候選: ID=472, 規格='50*3.5*5500', 廠商ID=3, has_vendor=True, has_spec=True
[DEBUG] -> 跳過 (廠商ID不匹配: tol_vendor=3, input_vendor=4)
[DEBUG] 候選: ID=473, 規格='50*6.0*5500', 廠商ID=3, has_vendor=True, has_spec=True
[DEBUG] -> 跳過 (廠商ID不匹配: tol_vendor=3, input_vendor=4)
[DEBUG] 候選: ID=474, 規格='50*8.5*450', 廠商ID=3, has_vendor=True, has_spec=True
[DEBUG] -> 跳過 (廠商ID不匹配: tol_vendor=3, input_vendor=4)
[DEBUG] 候選: ID=475, 規格='52*8.5*460', 廠商ID=3, has_vendor=True, has_spec=True
[DEBUG] -> 跳過 (廠商ID不匹配: tol_vendor=3, input_vendor=4)
[DEBUG] 候選: ID=476, 規格='53*10.5*440', 廠商ID=3, has_vendor=True, has_spec=True
[DEBUG] -> 跳過 (廠商ID不匹配: tol_vendor=3, input_vendor=4)
[DEBUG] 候選: ID=477, 規格='53*6.2*415', 廠商ID=3, has_vendor=True, has_spec=True
[DEBUG] -> 跳過 (廠商ID不匹配: tol_vendor=3, input_vendor=4)
[DEBUG] 候選: ID=478, 規格='54*1.7*5500', 廠商ID=3, has_vendor=True, has_spec=True
[DEBUG] -> 跳過 (廠商ID不匹配: tol_vendor=3, input_vendor=4)
[DEBUG] 候選: ID=479, 規格='54*6.2*5500', 廠商ID=3, has_vendor=True, has_spec=True
[DEBUG] -> 跳過 (廠商ID不匹配: tol_vendor=3, input_vendor=4)
[DEBUG] 候選: ID=480, 規格='55*6.0*5500', 廠商ID=3, has_vendor=True, has_spec=True
[DEBUG] -> 跳過 (廠商ID不匹配: tol_vendor=3, input_vendor=4)
[DEBUG] 候選: ID=481, 規格='56*2.4*5500', 廠商ID=3, has_vendor=True, has_spec=True
[DEBUG] -> 跳過 (廠商ID不匹配: tol_vendor=3, input_vendor=4)
[DEBUG] 候選: ID=482, 規格='56*4.7*5500', 廠商ID=3, has_vendor=True, has_spec=True
[DEBUG] -> 跳過 (廠商ID不匹配: tol_vendor=3, input_vendor=4)
[DEBUG] 候選: ID=483, 規格='57*1.8*5500', 廠商ID=3, has_vendor=True, has_spec=True
[DEBUG] -> 跳過 (廠商ID不匹配: tol_vendor=3, input_vendor=4)
[DEBUG] 候選: ID=484, 規格='57*9.0*415', 廠商ID=3, has_vendor=True, has_spec=True
[DEBUG] -> 跳過 (廠商ID不匹配: tol_vendor=3, input_vendor=4)
[DEBUG] 候選: ID=485, 規格='57*9.0*375', 廠商ID=3, has_vendor=True, has_spec=True
[DEBUG] -> 跳過 (廠商ID不匹配: tol_vendor=3, input_vendor=4)
[DEBUG] 候選: ID=486, 規格='58*2.5*5500', 廠商ID=3, has_vendor=True, has_spec=True
[DEBUG] -> 跳過 (廠商ID不匹配: tol_vendor=3, input_vendor=4)
[DEBUG] 候選: ID=487, 規格='58*7.5*4600', 廠商ID=3, has_vendor=True, has_spec=True
[DEBUG] -> 跳過 (廠商ID不匹配: tol_vendor=3, input_vendor=4)
[DEBUG] 候選: ID=488, 規格='58*7.5*400', 廠商ID=3, has_vendor=True, has_spec=True
[DEBUG] -> 跳過 (廠商ID不匹配: tol_vendor=3, input_vendor=4)
[DEBUG] 候選: ID=489, 規格='58*8.0*4600', 廠商ID=3, has_vendor=True, has_spec=True
[DEBUG] -> 跳過 (廠商ID不匹配: tol_vendor=3, input_vendor=4)
[DEBUG] 候選: ID=490, 規格='58*9.0*4100', 廠商ID=3, has_vendor=True, has_spec=True
[DEBUG] -> 跳過 (廠商ID不匹配: tol_vendor=3, input_vendor=4)
[DEBUG] 候選: ID=491, 規格='60*1.5*5500', 廠商ID=3, has_vendor=True, has_spec=True
[DEBUG] -> 跳過 (廠商ID不匹配: tol_vendor=3, input_vendor=4)
[DEBUG] 候選: ID=492, 規格='60*2.5*5500', 廠商ID=3, has_vendor=True, has_spec=True
[DEBUG] -> 跳過 (廠商ID不匹配: tol_vendor=3, input_vendor=4)
[DEBUG] 候選: ID=493, 規格='62.3*8.5*4100', 廠商ID=3, has_vendor=True, has_spec=True
[DEBUG] -> 跳過 (廠商ID不匹配: tol_vendor=3, input_vendor=4)
[DEBUG] 候選: ID=494, 規格='62*2.3*5500', 廠商ID=3, has_vendor=True, has_spec=True
[DEBUG] -> 跳過 (廠商ID不匹配: tol_vendor=3, input_vendor=4)
[DEBUG] 候選: ID=495, 規格='62*4.0*5500', 廠商ID=3, has_vendor=True, has_spec=True
[DEBUG] -> 跳過 (廠商ID不匹配: tol_vendor=3, input_vendor=4)
[DEBUG] 候選: ID=496, 規格='64*10.5*3000', 廠商ID=3, has_vendor=True, has_spec=True
[DEBUG] -> 跳過 (廠商ID不匹配: tol_vendor=3, input_vendor=4)
[DEBUG] 候選: ID=497, 規格='65.5*2.4*5500', 廠商ID=3, has_vendor=True, has_spec=True
[DEBUG] -> 跳過 (廠商ID不匹配: tol_vendor=3, input_vendor=4)
[DEBUG] 候選: ID=498, 規格='65*1.8*5500', 廠商ID=3, has_vendor=True, has_spec=True
[DEBUG] -> 跳過 (廠商ID不匹配: tol_vendor=3, input_vendor=4)
[DEBUG] 候選: ID=499, 規格='65*2.8*5500', 廠商ID=3, has_vendor=True, has_spec=True
[DEBUG] -> 跳過 (廠商ID不匹配: tol_vendor=3, input_vendor=4)
[DEBUG] 候選: ID=500, 規格='65*8.5*3800', 廠商ID=3, has_vendor=True, has_spec=True