識別碼,日期,擠壓機台,主機手,廠商名稱,材質,原料批號,擠壓規格,成品規格,外徑1-前-min,外徑1-前-max,外徑1-中-min,外徑1-中-max,外徑1-後-min,外徑1-後-max,外徑2-前-min,外徑2-前-max,外徑2-中-min,外徑2-中-max,外徑2-後-min,外徑2-後-max,外徑3-前-min,外徑3-前-max,外徑3-中-min,外徑3-中-max,外徑3-後-min,外徑3-後-max,外徑4-前-min,外徑4-前-max,外徑4-中-min,外徑4-中-max,外徑4-後-min,外徑4-後-max,外徑5-前-min,外徑5-前-max,外徑5-中-min,外徑5-中-max,外徑5-後-min,外徑5-後-max,外徑6-前-min,外徑6-前-max,外徑6-中-min,外徑6-中-max,外徑6-後-min,外徑6-後-max,厚度1-前-min,厚度1-前-max,厚度1-中-min,厚度1-中-max,厚度1-後-min,厚度1-後-max,厚度2-前-min,厚度2-前-max,厚度2-中-min,厚度2-中-max,厚度2-後-min,厚度2-後-max,厚度3-前-min,厚度3-前-max,厚度3-中-min,厚度3-中-max,厚度3-後-min,厚度3-後-max,厚度4-前-min,厚度4-前-max,厚度4-中-min,厚度4-中-max,厚度4-後-min,厚度4-後-max,厚度5-前-min,厚度5-前-max,厚度5-中-min,厚度5-中-max,厚度5-後-min,厚度5-後-max,厚度6-前-min,厚度6-前-max,厚度6-中-min,厚度6-中-max,厚度6-後-min,厚度6-後-max,SSMA_TimeStamp
4,2024-01-02 00:00:00,1,4,19,7005,B11,28.6*1.6,28.6*1.6,28.55,28.63,28.63,28.72,28.65,28.77,28.65,28.72,28.59,28.63,28.68,28.79,0.0,0.0,0.0,0.0,0.0,0.0,0.0,0.0,0.0,0.0,0.0,0.0,0.0,0.0,0.0,0.0,0.0,0.0,0.0,0.0,0.0,0.0,0.0,0.0,1.55,1.65,1.57,1.65,1.5,1.57,1.5,1.67,1.49,1.56,1.58,1.65,0.0,0.0,0.0,0.0,0.0,0.0,0.0,0.0,0.0,0.0,0.0,0.0,0.0,0.0,0.0,0.0,0.0,0.0,0.0,0.0,0.0,0.0,0.0,0.0,00000000000018a8
5,2024-01-02 00:00:00,1,4,7,6061,A17,34.9*1.8,34.9*1.8,34.74,34.91,34.96,35.01,34.88,34.94,34.89,34.9,34.89,34.96,34.88,34.96,0.0,0.0,0.0,0.0,0.0,0.0,0.0,0.0,0.0,0.0,0.0,0.0,0.0,0.0,0.0,0.0,0.0,0.0,0.0,0.0,0.0,0.0,0.0,0.0,1.66,1.72,1.7,1.78,1.68,1.75,1.73,1.79,1.75,1.81,1.76,1.82,0.0,0.0,0.0,0.0,0.0,0.0,0.0,0.0,0.0,0.0,0.0,0.0,0.0,0.0,0.0,0.0,0.0,0.0,0.0,0.0,0.0,0.0,0.0,0.0,00000000000018a9
6,2024-01-02 00:00:00,1,4,1,6061,A35,35*2.8,35*2.8,34.89,35.01,34.91,35.0,35.08,35.13,35.01,35.09,34.83,34.95,35.03,35.1,0.0,0.0,0.0,0.0,0.0,0.0,0.0,0.0,0.0,0.0,0.0,0.0,0.0,0.0,0.0,0.0,0.0,0.0,0.0,0.0,0.0,0.0,0.0,0.0,2.75,2.83,2.73,2.82,2.77,2.8,2.8,2.88,2.78,2.83,2.76,2.81,0.0,0.0,0.0,0.0,0.0,0.0,0.0,0.0,0.0,0.0,0.0,0.0,0.0,0.0,0.0,0.0,0.0,0.0,0.0,0.0,0.0,0.0,0.0,0.0,00000000000018aa
7,2024-01-02 00:00:00,2,1,12,7005,B9,43*4.65,43*4.65,43.15,43.21,43.1,43.15,42.81,42.95,43.08,43.11,43.06,43.11,43.04,43.13,43.09,43.13,43.5,43.12,42.98,43.08,0.0,0.0,0.0,0.0,0.0,0.0,0.0,0.0,0.0,0.0,0.0,0.0,0.0,0.0,0.0,0.0,0.0,0.0,4.61,4.73,4.63,4.71,4.63,4.75,4.64,4.72,4.7,4.78,4.6,4.72,4.62,4.69,4.65,4.76,4.65,4.76,0.0,0.0,0.0,0.0,0.0,0.0,0.0,0.0,0.0,0.0,0.0,0.0,0.0,0.0,0.0,0.0,0.0,0.0,000000000000c351
8,2024-01-02 00:00:00,2,,1,7075,B11,41*2.3,41*2.3,41.09,41.15,41.09,41.18,41.18,41.21,41.1,41.16,41.09,41.16,41.16,41.2,40.98,41.07,41.12,41.19,41.19,41.21,0.0,0.0,0.0,0.0,0.0,0.0,0.0,0.0,0.0,0.0,0.0,0.0,0.0,0.0,0.0,0.0,0.0,0.0,2.26,2.31,2.3,2.4,2.24,2.31,2.28,2.35,2.25,2.3,2.25,2.38,2.25,2.38,2.31,2.38,2.26,2.39,0.0,0.0,0.0,0.0,0.0,0.0,0.0,0.0,0.0,0.0,0.0,0.0,0.0,0.0,0.0,0.0,0.0,0.0,00000000000018ac
9,2024-01-02 00:00:00,4,,1,7075,B11,38.1*3.3,38.1*3.3,38.09,38.14,38.05,38.12,38.16,38.22,37.96,38.11,38.07,38.13,37.91,38.09,38.09,38.15,38.06,38.16,38.08,38.15,37.97,38.15,38.08,38.14,37.95,38.16,38.1,38.17,37.99,38.12,37.74,37.94,38.08,38.15,38.0,38.11,37.75,37.95,3.25,3.33,3.29,3.33,3.23,3.3,3.29,3.35,3.27,3.35,3.26,3.32,3.3,3.37,3.2,3.28,3.22,3.29,3.29,3.36,3.24,3.3,3.21,3.28,3.3,3.38,3.25,3.33,3.25,3.33,3.22,3.31,3.24,3.3,3.2,3.29,00000000000018ad
10,2024-01-02 00:00:00,5,,3,6061,B20,44*2.5,44*2.5,44.07,44.16,44.02,44.14,43.85,43.93,44.06,44.13,43.89,44.03,43.98,43.18,44.02,44.19,44.06,44.16,44.09,44.15,44.06,44.11,44.05,44.15,44.5,44.15,44.0,44.14,43.95,44.09,43.99,44.08,44.04,44.13,44.09,44.13,44.04,44.13,2.47,2.53,2.39,2.49,2.44,2.55,2.41,2.51,2.4,2.5,2.47,2.56,2.46,2.55,2.45,2.55,2.48,2.57,2.45,2.56,2.42,2.51,2.51,2.57,2.43,2.53,2.39,2.52,2.53,2.58,2.34,2.45,2.41,2.53,2.49,2.56,00000000000018ae
11,2024-01-02 00:00:00,6,,2,6061,D3,78*7.0,66.7*59,77.21,77.35,78.05,78.16,78.14,78.2,77.91,78.02,77.95,78.08,78.1,78.15,77.79,77.93,78.04,78.12,78.11,78.21,77.79,77.98,78.09,78.14,78.08,78.14,77.88,77.93,78.06,78.15,78.15,78.21,77.84,77.94,77.99,78.09,78.09,78.14,6.92,7.11,6.87,7.03,6.89,6.95,7.01,7.12,6.98,7.09,6.97,7.08,6.9,7.0,6.93,7.06,6.99,7.05,6.91,7.01,6.93,7.07,7.02,7.12,6.88,6.92,6.97,7.09,7.08,7.16,6.92,7.05,6.96,7.06,6.9,7.06,00000000000018af
12,2024-01-02 00:00:00,7,,2,6061,D30,90*8.0,80*70,89.95,90.05,89.99,90.09,89.87,89.93,89.91,90.03,89.98,90.05,89.85,89.9,89.95,90.02,89.99,90.06,89.83,89.91,89.95,90.04,89.93,90.03,89.88,89.93,89.97,90.07,89.94,90.04,89.9,89.98,89.98,90.08,89.95,90.03,89.93,90.05,7.9,8.0,8.06,8.11,7.83,7.89,7.85,8.02,8.03,8.1,7.87,7.9,7.88,8.03,8.02,8.07,7.9,8.03,7.93,8.06,8.01,8.09,7.85,8.05,7.95,8.05,8.08,8.13,7.92,8.06,7.98,8.09,8.05,8.1,7.86,8.04,00000000000018b0
13,2024-01-03 00:00:00,1,,1,6061,A15,35*2.8,35*2.8,35.05,35.15,35.02,35.13,35.1,35.18,34.93,35.06,34.93,35.08,35.18,35.22,35.09,35.18,35.1,35.21,35.16,35.25,35.08,35.17,34.9,35.0,35.14,35.2,34.85,34.96,34.99,35.08,35.16,35.25,35.06,35.13,34.97,35.06,35.09,35.15,2.73,2.83,2.75,2.84,2.76,2.84,2.72,2.8,2.83,2.89,2.74,2.85,2.77,2.82,2.78,2.86,2.79,2.88,2.78,2.85,2.75,2.83,2.77,2.82,2.85,2.9,2.87,2.93,2.75,2.81,2.81,2.88,2.88,2.95,2.77,2.89,00000000000018b1
14,2024-01-03 00:00:00,2,,9,2014,B22,47*6.2,47*6.2,47.01,47.08,47.01,47.1,47.06,47.15,47.04,47.15,47.02,47.11,46.95,47.03,46.7,47.03,46.98,47.08,47.06,47.13,47.01,47.1,47.06,47.15,46.98,47.11,46.99,47.05,47.04,47.16,47.02,47.12,47.02,47.12,47.01,47.13,46.97,47.1,6.13,6.26,6.16,6.26,6.14,6.18,6.11,6.2,6.15,6.28,6.11,6.17,6.13,6.25,6.16,6.26,6.13,6.2,6.15,6.23,6.15,6.27,6.1,6.16,6.09,6.16,6.12,6.21,6.12,6.18,6.18,6.26,6.13,6.24,6.15,6.22,00000000000018b2
15,2024-01-03 00:00:00,4,,1,7075,B11,38.1*3.3,38.1*3.3,38.03,38.16,38.04,38.15,37.97,38.11,37.98,38.12,38.05,38.16,37.9,38.1,38.05,38.15,37.95,38.12,38.18,38.22,38.1,38.17,38.08,38.16,37.98,38.11,38.03,38.12,38.26,38.13,38.1,38.17,38.07,38.13,38.06,38.15,38.04,38.16,3.21,3.35,3.19,3.29,3.21,3.29,3.28,3.41,3.33,3.43,3.25,3.32,3.28,3.43,3.28,3.42,3.28,3.35,3.33,3.39,3.3,3.39,3.29,3.36,3.36,3.4,3.31,3.36,3.33,3.4,3.31,3.41,3.22,3.2,3.26,3.32,00000000000018b3
16,2024-01-03 00:00:00,5,,2,6061,B13,64.5*46.2,54.5*46.2,64.47,64.57,64.47,64.52,64.46,64.52,64.49,64.59,64.49,64.55,64.48,64.6,64.53,64.61,64.5,64.61,64.45,64.55,64.46,64.55,64.53,64.63,64.46,64.6,64.48,64.53,64.46,64.51,64.53,64.61,64.48,64.55,64.49,64.57,64.46,64.58,6.85,7.03,6.95,7.06,6.95,7.03,6.82,7.0,6.81,6.99,6.97,7.08,6.96,7.05,6.87,6.97,6.93,7.02,6.84,7.04,6.88,6.95,6.88,6.91,6.9,6.99,6.81,6.9,6.9,6.93,6.77,6.85,6.89,6.98,6.87,6.91,00000000000018b4
17,2024-01-03 00:00:00,6,,2,6061,D3,78*7.0,66.7*59,77.81,77.9,78.01,78.09,78.09,78.16,77.83,77.93,78.16,78.2,78.19,78.22,77.88,77.95,78.09,78.16,78.15,78.2,77.14,77.85,78.1,78.15,78.05,78.13,77.78,77.98,77.98,78.13,78.11,78.16,77.79,77.92,77.95,78.08,78.14,78.18,6.94,7.06,7.01,7.1,6.95,7.06,7.14,7.23,6.98,7.08,6.94,7.09,6.95,7.09,6.97,7.15,7.03,7.15,6.92,7.13,6.95,7.12,7.04,7.18,6.95,7.17,6.88,6.98,6.85,7.09,6.89,7.07,6.97,7.1,7.06,7.16,00000000000018b5
18,2024-01-03 00:00:00,7,,2,6061,D30,90*8.0,80*70,89.97,90.02,89.98,90.05,89.91,89.99,89.86,89.98,89.95,90.01,89.87,89.94,89.88,89.98,89.93,90.0,89.93,89.99,89.93,90.03,89.97,90.06,89.98,90.05,89.85,89.95,89.93,90.05,89.97,90.06,89.91,90.1,89.91,90.07,89.93,90.01,7.93,8.04,7.85,7.92,7.85,7.95,7.95,8.05,7.86,7.97,7.83,7.91,7.88,8.02,7.91,8.03,7.81,7.89,7.88,7.94,7.98,8.06,7.84,7.9,7.93,8.06,7.93,8.01,7.83,7.93,7.95,8.08,7.95,8.05,7.87,8.02,00000000000018b6
19,2024-01-04 00:00:00,2,,23,6061,B16,40*2.2,40*2.2,40.0,40.04,39.93,40.04,40.01,40.15,39.97,4.2,39.9,40.18,40.06,40.1,39.99,40.46,40.03,40.13,40.07,40.14,39.88,39.95,39.83,39.95,40.12,40.22,39.82,39.92,39.94,40.08,40.12,40.46,39.9,40.11,39.86,40.05,40.1,40.18,2.07,2.15,2.08,2.14,2.03,2.1,2.03,2.05,2.05,2.13,2.01,2.14,2.09,2.24,2.1,2.16,2.03,2.13,2.11,2.2,2.04,2.14,2.08,2.25,2.14,2.17,2.1,2.2,2.06,2.12,2.21,2.26,2.06,2.15,2.16,2.25,00000000000018b7
20,2024-01-04 00:00:00,4,,1,7075,B11,38.1*3.3,38.1*3.3,38.1,38.18,38.31,38.42,38.1,38.18,38.12,38.36,38.14,38.19,37.76,38.08,37.97,38.13,38.12,38.16,38.11,38.18,37.98,38.15,37.99,38.16,38.15,38.2,37.99,38.13,38.1,38.17,38.11,38.18,38.12,38.16,37.98,38.15,37.78,37.95,3.32,3.41,3.26,3.41,3.35,3.42,3.38,3.45,3.22,3.33,3.25,3.35,3.32,3.48,3.23,3.38,3.31,3.37,3.29,3.35,3.28,3.39,3.27,3.35,3.31,3.39,3.28,3.38,3.31,3.4,3.36,3.43,3.29,3.36,3.29,3.38,00000000000018b8
21,2024-01-04 00:00:00,5,,2,6061,D13,64.5*7.0,54.5*46.2,64.47,64.59,64.51,64.61,64.45,64.53,64.57,64.64,64.53,64.64,64.52,64.62,64.43,64.51,64.43,64.53,64.46,64.55,64.45,64.59,64.44,64.57,64.51,64.6,64.57,64.67,64.5,64.63,64.49,64.58,64.48,64.57,64.42,64.53,64.5,64.65,6.84,6.93,6.75,6.83,6.74,7.0,6.75,6.85,6.83,6.94,6.76,6.96,6.98,7.09,6.97,7.08,6.8,6.89,6.84,6.94,7.07,7.12,6.81,7.05,6.96,7.05,7.08,7.15,6.85,7.08,6.76,6.83,7.03,7.13,6.95,7.16,00000000000018b9
22,2024-01-04 00:00:00,6,,2,6061,D50,52,42,51.96,62.03,52.19,52.21,52.06,52.08,52.13,52.48,51.3,51.4,52.13,52.23,52.07,52.48,51.52,51.6,52.17,52.28,52.03,52.1,51.24,51.31,52.11,52.23,52.04,52.13,51.31,51.58,52.39,52.46,52.14,52.4,51.14,51.31,52.11,52.39,0.0,0.0,0.0,0.0,0.0,0.0,0.0,0.0,0.0,0.0,0.0,0.0,0.0,0.0,0.0,0.0,0.0,0.0,0.0,0.0,0.0,0.0,0.0,0.0,0.0,0.0,0.0,0.0,0.0,0.0,0.0,0.0,0.0,0.0,0.0,0.0,00000000000018ba
23,2024-01-04 00:00:00,7,,3,6061,C5,115*2.2,115*2.2,115.73,115.92,114.9,115.03,114.73,115.12,115.62,115.72,115.05,115.17,114.76,114.85,115.16,115.25,114.97,115.15,114.7,114.83,114.75,114.95,114.77,114.94,114.64,114.76,114.93,115.15,114.75,114.89,114.76,114.85,115.08,115.18,114.83,114.93,114.7,114.89,2.23,2.3,2.29,2.32,2.15,2.35,2.18,2.26,2.28,2.3,2.16,2.27,2.26,2.31,2.29,2.33,2.15,2.29,2.23,2.3,2.19,2.28,2.13,2.25,2.28,2.32,2.15,2.26,2.14,2.26,2.31,2.36,2.2,2.28,2.18,2.3,00000000000018bb
24,2024-01-05 00:00:00,2,,1,6061,B16,31*4,31*4,30.87,30.99,31.04,31.17,31.02,31.12,30.79,30.86,31.06,31.2,31.04,31.14,30.78,30.87,31.05,31.16,31.06,31.13,30.8,30.98,31.05,31.2,31.04,31.15,30.81,30.92,31.06,31.15,31.08,31.17,30.79,30.89,31.07,31.25,31.07,31.16,3.96,4.03,3.96,4.14,3.95,4.08,3.95,4.08,3.92,4.06,4.01,4.13,3.95,4.04,3.97,4.08,4.05,4.14,4.0,4.15,3.96,4.06,3.95,4.09,3.96,4.8,3.92,4.05,4.04,4.17,3.99,4.08,3.94,4.08,3.91,4.03,00000000000018bc
25,2024-01-05 00:00:00,4,,1,7075,B11,38.1*3.3,38.1*3.3,38.08,38.17,38.1,38.2,38.05,38.27,38.1,38.23,38.15,38.28,37.97,28.06,38.06,38.26,38.23,38.31,37.92,38.05,38.06,38.17,38.12,38.31,38.07,38.37,38.04,38.16,38.11,38.27,37.88,38.01,38.09,38.23,38.14,38.32,37.8,38.09,3.32,3.45,3.29,3.42,3.33,3.44,3.33,3.47,3.3,3.51,3.37,3.52,3.34,3.5,3.25,3.48,3.27,3.37,3.27,3.42,3.27,3.43,3.29,3.41,3.31,3.42,3.31,3.42,3.24,3.43,3.3,3.48,3.3,3.47,3.27,3.45,00000000000018bd
27,2024-01-05 00:00:00,5,,24,6061,B19,84.5*1.25,84.5*1.25,84.41,84.51,84.38,84.46,84.51,84.85,84.03,84.14,84.36,84.66,84.28,84.43,84.13,84.37,84.26,84.38,84.82,85.37,84.09,84.36,84.23,84.41,84.16,84.32,84.26,84.41,84.06,84.29,84.38,84.57,84.29,84.38,84.13,84.31,84.22,84.44,1.28,1.39,1.27,1.47,1.27,1.36,1.34,1.46,1.3,1.44,1.3,1.46,1.25,1.38,1.3,1.43,1.24,1.46,1.26,1.37,1.31,1.42,1.33,1.48,1.32,1.45,1.26,1.44,1.37,1.53,1.29,1.42,1.3,1.39,1.32,1.47,00000000000018be
28,2024-01-05 00:00:00,6,,2,6061,D16,78*7,66.7*59,77.78,77.96,77.98,78.12,78.03,78.27,77.97,78.2,78.02,78.27,77.89,78.07,78.03,78.17,78.0,78.09,77.97,78.12,77.56,77.81,77.9,77.99,78.0,78.07,77.84,77.94,77.97,78.22,78.05,78.32,77.42,77.55,77.94,78.03,78.09,78.27,6.92,7.02,7.14,7.2,8.42,8.53,6.87,6.98,7.01,7.08,8.38,8.46,6.93,7.03,7.09,7.19,8.4,8.51,7.04,7.15,7.1,7.27,8.44,8.52,7.05,7.18,7.03,7.16,8.37,8.53,6.96,7.08,6.99,7.08,8.36,8.46,00000000000018bf
29,2024-01-08 00:00:00,1,,1,6061,A15,35*2.8,35*2.8,35.06,35.13,35.05,35.12,35.04,35.12,35.02,35.09,35.02,35.09,35.02,35.12,35.05,35.13,35.03,35.13,35.05,35.11,35.04,35.14,35.06,35.15,35.0,35.1,35.02,35.12,35.07,35.17,35.06,35.17,35.04,35.14,35.05,35.13,35.04,35.13,2.73,2.82,2.65,2.78,2.68,2.79,2.72,2.8,2.75,2.82,2.76,2.83,2.7,2.81,2.69,2.78,2.74,2.8,2.77,2.83,2.76,2.83,2.73,2.84,2.78,2.85,2.73,2.85,2.69,2.8,2.73,2.81,2.7,2.79,2.75,2.89,00000000000018c0
30,2024-01-08 00:00:00,2,,1,6066,B1,40*3.2,40*3.2,40.03,40.13,40.05,40.11,40.05,40.15,40.11,40.18,40.02,40.12,40.11,40.18,40.05,40.15,40.13,40.13,40.02,40.15,40.15,40.21,40.01,40.18,39.98,40.09,40.02,40.11,40.09,40.14,40.03,40.16,40.4,40.14,40.02,40.15,40.11,40.18,3.07,3.16,3.13,3.18,3.1,3.23,3.11,3.19,3.09,3.15,3.08,3.21,3.1,3.18,3.41,3.2,3.11,3.2,3.1,3.14,3.12,3.25,3.08,3.18,3.17,3.25,3.07,3.2,3.1,3.2,3.15,3.26,3.16,3.27,3.09,3.21,00000000000018c1
31,2024-01-08 00:00:00,4,,1,2014,B21,38.1*2.5,38.1*2.5,37.97,38.11,38.09,38.14,38.02,38.19,37.98,38.14,38.08,38.15,37.97,37.88,38.05,38.16,37.96,38.1,27.8,37.93,38.03,38.11,38.01,38.12,38.16,38.22,38.07,38.16,38.16,38.25,38.07,38.18,38.05,38.17,38.15,38.2,38.12,38.21,2.46,2.55,2.41,2.51,2.49,2.65,2.54,2.61,2.46,2.53,2.53,2.63,2.53,2.63,2.4,2.51,2.45,2.55,2.5,2.6,2.55,2.61,2.49,2.67,2.45,2.54,2.43,2.58,2.52,2.62,2.48,2.55,2.44,2.61,2.47,2.52,00000000000018c2
32,2024-01-08 00:00:00,5,,24,6061,B19,84.5*12.5,84.5*12.5,83.93,84.51,84.04,84.18,84.05,84.16,83.87,83.97,84.0,84.19,84.01,84.15,83.97,84.11,84.01,84.15,84.18,84.24,0.0,0.0,0.0,0.0,0.0,0.0,0.0,0.0,0.0,0.0,0.0,0.0,0.0,0.0,0.0,0.0,0.0,0.0,1.17,1.22,1.23,1.28,1.27,1.3,1.16,1.23,1.21,1.33,1.26,1.32,1.2,1.27,1.2,1.36,1.25,1.34,0.0,0.0,0.0,0.0,0.0,0.0,0.0,0.0,0.0,0.0,0.0,0.0,0.0,0.0,0.0,0.0,0.0,0.0,00000000000018c3
33,2024-01-08 00:00:00,5,,7,6061,B19,53*2.5,53*2.5,53.25,53.48,53.02,53.11,52.68,52.79,53.08,53.15,52.91,53.0,52.7,52.89,52.93,53.09,52.83,52.95,52.75,52.9,0.0,0.0,0.0,0.0,0.0,0.0,0.0,0.0,0.0,0.0,0.0,0.0,0.0,0.0,0.0,0.0,0.0,0.0,2.37,2.45,2.45,2.56,2.54,2.63,2.45,2.52,2.56,2.65,2.49,2.58,2.4,2.5,2.39,2.49,2.59,2.66,0.0,0.0,0.0,0.0,0.0,0.0,0.0,0.0,0.0,0.0,0.0,0.0,0.0,0.0,0.0,0.0,0.0,0.0,00000000000018c4
34,2024-01-08 00:00:00,6,,2,6061,D4,78*7.0,66.7*59,77.81,77.9,78.03,78.14,78.08,78.11,77.89,77.92,78.1,78.18,78.09,78.18,77.87,78.01,78.14,78.18,78.1,78.19,77.84,77.99,78.15,78.18,78.13,78.19,77.78,77.89,78.02,78.09,77.7,77.93,77.69,77.89,78.08,78.15,78.09,78.2,6.95,7.08,6.83,6.95,6.9,7.02,6.93,7.01,6.84,6.99,6.95,7.08,7.02,7.1,6.95,7.13,6.85,6.93,6.97,7.08,6.99,7.09,6.97,7.09,6.95,7.06,6.85,6.98,6.94,7.1,7.06,7.11,6.98,7.08,7.03,7.11,00000000000018c5
35,2024-01-08 00:00:00,7,,2,6061,D12,77*7.5,65.7*56.75,76.78,76.9,76.85,76.95,76.92,77.05,76.83,76.91,76.83,76.98,76.93,77.03,76.98,77.03,76.88,76.99,76.93,77.06,76.97,77.08,77.03,77.08,77.01,77.11,77.02,77.09,77.05,77.1,76.97,77.09,76.98,77.08,76.95,77.08,77.02,77.15,7.43,7.51,7.45,7.53,7.48,7.53,7.45,7.55,7.42,7.51,7.45,7.51,7.48,7.57,7.46,7.55,7.55,7.63,7.42,7.53,747.0,7.5,7.52,7.58,7.4,7.55,7.43,7.51,7.53,7.59,7.54,7.6,7.47,7.57,7.52,7.61,00000000000018c6
36,2024-01-09 00:00:00,1,,7,6061,A15,28.6*2.0,28.6*2.0,28.55,28.62,28.56,28.63,28.63,28.72,28.53,28.61,28.58,28.65,28.64,28.75,28.5,28.59,28.57,28.66,28.6,28.73,28.58,28.68,28.58,28.65,28.63,28.7,28.6,28.71,28.56,28.61,28.68,28.78,28.51,28.65,28.55,28.62,28.7,28.81,1.95,2.05,1.95,2.06,2.05,2.11,1.92,2.03,1.98,2.09,2.01,2.09,1.9,2.0,1.93,2.06,2.05,2.1,1.95,2.05,2.03,2.09,1.94,2.08,2.02,2.1,2.01,2.08,1.99,2.12,2.0,2.11,2.0,2.09,2.05,2.13,00000000000018c7
37,2024-01-09 00:00:00,2,,7,6061,B16,48*2.5,48*2.5,47.93,48.13,47.89,48.05,48.12,48.19,47.97,48.09,48.1,48.15,48.15,48.23,0.0,0.0,0.0,0.0,0.0,0.0,0.0,0.0,0.0,0.0,0.0,0.0,0.0,0.0,0.0,0.0,0.0,0.0,0.0,0.0,0.0,0.0,0.0,0.0,2.39,2.49,2.45,2.53,2.41,2.52,2.4,2.51,2.41,2.49,2.39,2.53,0.0,0.0,0.0,0.0,0.0,0.0,0.0,0.0,0.0,0.0,0.0,0.0,0.0,0.0,0.0,0.0,0.0,0.0,0.0,0.0,0.0,0.0,0.0,0.0,00000000000018c8
38,2024-01-09 00:00:00,2,,7,6061,B16,42*2.0,42*2.0,42.07,42.13,42.04,42.13,41.95,42.06,42.05,42.1,42.15,42.2,42.05,42.13,0.0,0.0,0.0,0.0,0.0,0.0,0.0,0.0,0.0,0.0,0.0,0.0,0.0,0.0,0.0,0.0,0.0,0.0,0.0,0.0,0.0,0.0,0.0,0.0,1.95,2.08,1.9,1.98,1.97,2.05,1.93,2.05,1.89,1.96,1.98,2.06,0.0,0.0,0.0,0.0,0.0,0.0,0.0,0.0,0.0,0.0,0.0,0.0,0.0,0.0,0.0,0.0,0.0,0.0,0.0,0.0,0.0,0.0,0.0,0.0,00000000000018c9
39,2024-01-09 00:00:00,2,,7,6061,B16,44*5.15,44*5.15,44.02,44.12,44.01,44.11,43.98,44.12,44.07,44.18,44.08,44.18,43.94,44.14,0.0,0.0,0.0,0.0,0.0,0.0,0.0,0.0,0.0,0.0,0.0,0.0,0.0,0.0,0.0,0.0,0.0,0.0,0.0,0.0,0.0,0.0,0.0,0.0,5.08,5.17,5.12,5.23,5.09,5.16,5.07,5.19,5.08,5.19,5.12,5.18,0.0,0.0,0.0,0.0,0.0,0.0,0.0,0.0,0.0,0.0,0.0,0.0,0.0,0.0,0.0,0.0,0.0,0.0,0.0,0.0,0.0,0.0,0.0,0.0,00000000000018ca
40,2024-01-09 00:00:00,4,,1,2014,B21,38.1*2.5,38.1*2.5,38.03,38.15,38.05,38.15,38.15,38.23,38.07,38.19,38.08,38.18,38.18,38.26,38.1,38.15,38.07,38.16,38.22,38.32,38.09,38.16,38.14,38.22,38.12,38.2,38.1,38.15,38.11,38.18,37.95,38.1,38.11,38.19,38.12,38.19,38.14,38.23,2.43,2.54,2.45,2.51,2.52,2.58,2.42,2.51,2.45,2.55,2.5,2.59,2.49,2.58,2.48,2.63,2.47,2.55,2.45,2.56,2.52,2.61,2.43,2.56,2.4,2.49,2.45,2.56,2.5,2.61,2.5,2.58,2.46,2.53,2.44,2.56,00000000000018cb
41,2024-01-09 00:00:00,5,,7,6061,B18,64*12.5,64.12.5,63.82,63.98,63.79,63.89,63.33,63.49,63.72,63.89,63.74,63.95,63.5,63.67,63.98,64.05,63.67,63.78,63.59,63.72,0.0,0.0,0.0,0.0,0.0,0.0,0.0,0.0,0.0,0.0,0.0,0.0,0.0,0.0,0.0,0.0,0.0,0.0,12.41,12.56,12.37,12.47,12.41,12.53,12.39,12.48,12.36,12.54,12.45,12.55,12.43,12.54,12.33,12.42,12.47,12.57,0.0,0.0,0.0,0.0,0.0,0.0,0.0,0.0,0.0,0.0,0.0,0.0,0.0,0.0,0.0,0.0,0.0,0.0,00000000000018cc
42,2024-01-09 00:00:00,5,,3,6061,B19,44*2.5,44*2.5,43.97,44.08,44.02,44.15,43.43,44.09,43.95,44.09,44.01,44.1,43.53,43.66,43.99,44.09,44.05,44.19,43.46,43.56,0.0,0.0,0.0,0.0,0.0,0.0,0.0,0.0,0.0,0.0,0.0,0.0,0.0,0.0,0.0,0.0,0.0,0.0,2.42,2.51,2.45,2.53,2.55,2.6,2.4,2.53,2.34,2.45,2.45,2.55,2.47,2.55,2.35,2.42,2.54,2.64,0.0,0.0,0.0,0.0,0.0,0.0,0.0,0.0,0.0,0.0,0.0,0.0,0.0,0.0,0.0,0.0,0.0,0.0,00000000000018cd
43,2024-01-09 00:00:00,6,,2,6061,D2,78*7.0,66.7*59,77.65,77.75,78.11,78.18,78.05,78.12,77.63,77.82,78.1,78.15,78.07,78.13,77.94,78.06,78.08,78.16,78.16,78.23,77.75,77.94,78.13,78.2,78.13,78.2,77.85,77.92,78.01,78.11,78.15,78.23,77.65,77.79,78.02,78.11,78.14,78.21,6.93,7.08,6.95,7.03,6.96,7.1,6.95,7.1,6.9,7.07,6.9,7.09,6.94,7.05,6.86,7.04,6.91,7.09,6.96,7.08,6.93,7.12,6.98,7.12,6.94,7.07,6.83,6.91,6.85,6.97,7.03,7.12,6.92,7.06,7.05,7.13,00000000000018ce
44,2024-01-09 00:00:00,7,,2,6061,D12,77*7.5,65.7*56.75,76.76,76.85,76.84,76.9,76.85,77.05,76.83,76.95,76.89,76.93,76.82,76.92,76.75,76.89,76.95,77.05,76.89,76.98,76.87,76.9,76.9,77.03,76.85,76.93,76.8,76.9,76.95,77.11,76.95,77.05,76.91,77.07,76.87,76.96,76.9,77.03,7.45,7.51,7.39,7.47,7.42,7.49,7.47,7.53,7.41,7.49,7.48,7.51,7.42,7.51,7.44,7.533,7.38,7.47,7.45,7.52,7.37,7.48,7.35,7.45,7.38,7.46,7.56,7.63,7.46,7.63,7.38,7.47,7.33,7.48,7.48,7.55,00000000000018cf
45,2024-01-10 00:00:00,1,,7,6061,A15,21*2.0,21*2.0,21.03,21.09,21.04,21.09,21.08,21.12,21.05,21.1,21.08,21.14,21.09,21.13,21.02,21.08,21.06,21.12,21.07,21.11,0.0,0.0,0.0,0.0,0.0,0.0,0.0,0.0,0.0,0.0,0.0,0.0,0.0,0.0,0.0,0.0,0.0,0.0,1.98,2.08,1.97,2.06,1.95,2.07,1.9,1.97,1.93,2.0,1.91,2.02,1.93,2.05,1.92,2.03,1.98,2.08,0.0,0.0,0.0,0.0,0.0,0.0,0.0,0.0,0.0,0.0,0.0,0.0,0.0,0.0,0.0,0.0,0.0,0.0,00000000000018d0
46,2024-01-10 00:00:00,1,,1,6061,A17,35*2.5,35*2.5,35.02,35.1,35.05,35.12,35.1,35.18,35.04,35.12,35.09,35.13,35.1,35.15,35.02,35.11,35.1,35.17,35.13,35.2,0.0,0.0,0.0,0.0,0.0,0.0,0.0,0.0,0.0,0.0,0.0,0.0,0.0,0.0,0.0,0.0,0.0,0.0,2.45,2.53,2.46,2.56,2.43,2.49,2.39,2.52,2.42,2.5,2.45,2.55,2.48,2.55,2.43,2.53,2.4,2.5,0.0,0.0,0.0,0.0,0.0,0.0,0.0,0.0,0.0,0.0,0.0,0.0,0.0,0.0,0.0,0.0,0.0,0.0,00000000000018d1
47,2024-01-10 00:00:00,2,,1,7075,B11,41*2.3,41*2.3,41.0,41.09,41.08,41.15,41.13,41.2,40.95,41.06,41.09,41.12,41.15,41.25,40.91,41.07,41.03,41.11,41.09,41.17,40.93,41.08,41.09,41.13,41.05,41.12,40.0,41.11,41.07,41.12,41.12,41.2,40.01,41.1,41.09,41.16,41.05,41.16,2.28,2.35,2.21,2.28,2.26,2.33,2.25,2.31,2.23,2.31,2.27,2.32,2.29,2.37,2.25,2.33,2.22,2.29,2.27,2.33,2.28,2.36,2.25,2.35,2.27,2.35,2.32,2.41,2.23,2.31,2.3,2.41,2.29,2.45,2.24,2.31,00000000000018d2
48,2024-01-10 00:00:00,4,,1,2014,B21,38.1*2.5,38.1*2.5,38.08,38.13,38.13,38.19,37.71,37.91,38.1,38.19,38.15,38.21,38.08,38.13,38.05,38.11,38.08,38.17,37.75,37.98,38.03,38.1,38.12,38.18,38.03,38.15,38.01,38.13,38.09,38.17,37.9,38.07,37.98,38.08,38.1,38.18,37.95,38.13,2.43,2.5,2.45,2.52,2.47,2.55,2.48,2.56,2.45,2.54,2.46,2.6,2.45,2.55,2.48,2.6,2.37,2.5,2.53,2.62,2.46,2.53,2.4,2.49,2.48,2.65,2.48,2.57,2.43,2.5,2.49,2.51,2.41,2.55,2.55,2.65,00000000000018d3
49,2024-01-10 00:00:00,5,,3,6061,B19,74*3.5,74*3.5,73.86,73.95,73.9,74.1,74.09,74.16,73.83,74.03,73.88,73.95,74.11,74.17,73.9,74.05,73.82,73.98,73.93,74.08,73.95,74.09,74.0,74.08,73.97,74.1,73.81,73.93,73.99,74.09,74.04,74.11,73.97,74.12,73.9,74.09,74.12,74.19,3.32,3.52,3.48,3.59,3.53,3.6,3.43,3.58,3.44,3.56,3.54,3.61,3.3,3.48,3.34,3.53,3.5,3.58,3.45,3.62,3.4,3.5,3.49,3.57,3.5,3.58,3.51,3.59,3.53,3.62,3.41,3.52,3.45,3.57,3.55,3.63,00000000000018d4
50,2024-01-10 00:00:00,6,,2,6061,D2,78*7.0,66.7*59,77.34,77.45,77.97,78.09,78.09,78.15,77.6,77.78,77.98,78.1,78.13,78.2,77.86,78.0,78.09,78.16,78.14,78.22,77.71,77.85,78.03,78.11,78.1,78.18,77.76,77.89,78.11,78.18,78.09,78.23,77.74,77.86,78.12,78.19,78.12,78.2,6.95,7.09,6.9,7.03,7.03,7.1,6.96,7.13,6.86,7.01,7.01,7.11,6.97,7.08,6.97,7.08,7.04,7.13,7.01,7.1,6.95,7.09,6.92,7.08,6.89,7.09,7.05,7.1,6.9,7.13,6.97,7.1,6.93,7.08,6.91,7.12,00000000000018d5
51,2024-01-10 00:00:00,7,,3,6061,C5,110*4.5,110*4.5,109.94,110.06,109.81,109.98,109.85,109.91,110.03,110.08,109.87,110.04,109.88,109.93,109.99,110.1,110.16,110.25,109.95,110.11,109.98,110.09,110.15,110.23,109.96,110.09,109.96,110.08,109.86,110.05,109.92,110.05,109.93,110.05,109.95,110.12,109.95,110.1,4.45,4.53,4.4,4.48,4.55,4.63,4.42,4.49,4.46,4.55,4.54,4.65,4.49,4.55,4.5,4.6,4.43,4.53,4.55,4.62,4.53,4.62,4.5,4.59,4.53,4.61,4.45,4.53,4.4,4.5,4.48,4.58,4.46,4.56,4.44,4.53,00000000000018d6
52,2024-01-11 00:00:00,1,,1,6061,A17,35*2.5,35*2.5,35.08,35.16,35.07,35.15,35.03,35.12,34.9,35.03,35.05,35.12,35.04,35.14,35.09,35.13,34.96,35.08,34.87,34.91,34.98,35.14,35.09,35.14,34.97,35.09,35.06,35.16,35.08,35.15,34.95,35.06,35.05,35.13,35.05,35.16,35.0,35.12,2.43,2.56,2.45,2.58,2.49,2.6,2.41,2.51,2.44,2.53,2.43,2.52,2.4,2.52,2.53,2.65,2.51,2.62,2.42,2.53,2.48,2.58,2.54,2.63,2.45,2.55,2.43,2.49,2.53,2.65,2.5,2.57,2.45,2.55,2.5,2.57,00000000000018d7
53,2024-01-11 00:00:00,2,,1,7075,B11,41*2.3,41*2.3,41.02,41.1,41.05,41.12,41.02,41.11,40.49,40.62,41.08,41.16,41.09,41.18,40.56,40.68,41.07,41.15,41.07,41.13,40.37,40.48,41.03,41.1,40.57,40.68,40.93,41.03,41.04,41.13,40.66,40.89,40.86,40.95,41.03,41.11,40.53,40.65,2.24,2.37,2.2,2.28,2.24,2.31,2.18,2.29,2.22,2.3,2.28,2.39,2.23,2.32,2.18,2.26,2.17,2.26,2.22,2.3,2.2,2.3,2.24,2.34,2.18,2.28,2.19,2.27,2.21,2.29,2.2,2.26,2.17,2.24,2.23,2.31,00000000000018d8
54,2024-01-11 00:00:00,4,,1,2014,B21,38.1*2.5,38.1*2.5,38.05,38.15,38.1,38.17,37.98,38.12,38.1,38.17,38.11,38.18,38.11,38.17,38.08,38.18,38.1,38.15,38.05,38.12,38.05,38.16,38.12,38.2,38.09,38.18,38.07,38.17,38.1,38.21,38.11,38.22,37.99,38.1,37.98,38.11,37.92,38.15,2.43,2.52,2.41,2.5,2.4,2.49,2.51,2.63,2.46,2.56,2.5,2.6,2.48,2.58,2.51,2.58,2.53,2.63,2.55,2.64,2.53,2.63,2.4,2.48,2.18,2.54,2.49,2.66,2.45,2.58,2.51,2.59,2.5,2.59,2.47,2.55,00000000000018d9
55,2024-01-11 00:00:00,5,,3,6061,B18,50*3.5,50*3.5,49.94,50.04,49.95,50.08,49.75,49.84,49.85,49.98,49.93,50.03,49.74,49.9,49.77,49.88,49.78,49.89,49.77,49.91,49.83,49.92,49.95,50.11,40.12,50.12,50.03,50.14,4.86,4.98,50.02,50.16,50.0,50.09,50.04,50.11,50.04,50.14,3.45,3.53,3.39,3.49,3.45,3.52,3.41,3.49,3.37,3.46,3.43,3.54,3.39,3.47,3.44,3.51,3.42,3.5,3.45,3.51,3.47,3.56,3.4,3.5,3.48,3.55,3.49,3.57,3.42,3.55,3.41,3.49,3.39,3.45,3.43,3.53,00000000000018da
56,2024-01-11 00:00:00,6,,2,6061,D3,78*7.0,66.7*59,77.71,77.87,77.85,77.96,77.69,77.85,77.61,77.82,77.9,78.05,78.1,78.19,77.77,77.89,78.02,78.12,78.1,78.22,77.7,77.9,78.05,78.16,78.02,78.16,77.69,77.85,78.03,78.1,78.05,78.17,77.76,77.87,78.02,78.11,78.06,78.16,6.83,6.95,7.02,7.11,6.97,7.11,6.89,7.0,6.95,7.09,6.89,6.99,6.84,7.06,7.0,7.15,6.95,7.1,6.86,7.0,7.02,7.17,7.05,7.13,6.98,7.1,6.88,6.98,7.07,7.18,7.03,7.18,6.93,7.08,6.9,7.08,00000000000018db
57,2024-01-11 00:00:00,7,,3,6061,C4,110*4.5,110*4.5,110.21,110.35,109.93,110.03,109.7,109.94,110.12,110.18,109.7,109.85,109.82,110.02,110.08,110.15,109.83,110.06,109.78,109.92,0.0,0.0,0.0,0.0,0.0,0.0,0.0,0.0,0.0,0.0,0.0,0.0,0.0,0.0,0.0,0.0,0.0,0.0,4.46,4.56,4.45,4.58,4.55,4.65,4.38,4.48,4.41,4.5,4.56,4.66,4.43,4.52,4.43,4.54,4.53,4.64,0.0,0.0,0.0,0.0,0.0,0.0,0.0,0.0,0.0,0.0,0.0,0.0,0.0,0.0,0.0,0.0,0.0,0.0,00000000000018dc
58,2024-01-11 00:00:00,7,,2,6061,D30,78*8.0,66.5*56.75,77.92,78.05,77.9,77.98,77.93,78.05,77.95,78.08,77.95,78.06,77.92,78.03,77.93,78.03,78.09,78.15,77.9,78.02,0.0,0.0,0.0,0.0,0.0,0.0,0.0,0.0,0.0,0.0,0.0,0.0,0.0,0.0,0.0,0.0,0.0,0.0,8.03,8.11,7.91,8.03,8.02,8.12,8.06,8.15,7.82,7.89,7.92,8.05,8.01,8.1,7.9,7.98,7.85,7.98,0.0,0.0,0.0,0.0,0.0,0.0,0.0,0.0,0.0,0.0,0.0,0.0,0.0,0.0,0.0,0.0,0.0,0.0,00000000000018dd
59,2024-01-15 00:00:00,1,,1,6061,A17,35*2.5,35*2.5,34.96,35.1,35.04,35.13,35.04,35.15,34.95,35.11,35.04,35.12,35.01,35.1,34.85,34.99,35.06,35.19,35.05,35.13,34.88,34.92,35.05,35.18,35.1,35.17,35.04,35.15,35.04,35.15,35.08,35.18,35.01,35.16,35.02,35.13,35.07,35.17,2.53,2.63,2.43,2.52,2.45,2.5,2.45,2.5,2.5,2.58,2.47,2.55,2.49,3.59,2.38,2.48,2.46,2.53,2.5,2.62,2.41,2.54,2.43,2.5,2.47,2.55,2.39,2.48,2.38,2.49,2.49,2.57,2.42,2.53,2.41,2.5,00000000000018de
60,2024-01-15 00:00:00,2,,3,6061,B15,35*2.85,35*2.85,35.02,35.1,35.05,35.13,35.03,35.11,35.02,35.12,35.01,35.1,35.01,35.15,35.08,35.15,35.09,35.17,35.09,35.17,35.04,35.14,35.1,35.18,35.15,35.21,35.05,35.13,35.04,35.15,35.05,35.18,35.01,35.12,35.03,35.12,35.05,35.15,2.71,2.81,2.7,2.8,2.75,2.82,2.74,2.83,2.76,2.81,2.71,2.86,2.75,2.87,2.78,2.88,2.7,2.86,2.75,2.86,2.73,2.89,2.77,2.87,2.76,2.87,2.69,2.81,2.72,2.8,2.74,2.85,2.76,2.83,2.74,2.86,00000000000018df
61,2024-01-15 00:00:00,4,,1,2014,B21,38.1*2.5,38.1*2.5,38.05,38.13,38.07,38.15,38.16,38.26,38.08,38.18,38.15,38.2,37.94,38.18,38.1,38.16,38.1,38.19,37.83,37.95,37.99,38.09,38.06,38.16,38.13,38.25,38.05,38.13,38.14,38.19,38.12,38.23,38.11,38.18,38.05,38.11,37.89,37.95,2.47,2.56,2.46,2.55,2.47,2.57,2.51,2.63,2.45,2.5,2.53,2.62,2.54,2.62,2.39,2.46,2.4,2.51,2.5,2.6,2.5,2.59,2.55,2.64,2.46,2.59,2.49,2.6,2.42,2.54,2.47,2.56,2.53,2.62,2.41,2.55,00000000000018e0
62,2024-01-15 00:00:00,5,,3,6061,B19,74*3.5,74*3.5,73.92,74.05,73.98,74.08,74.06,74.12,74.0,74.15,73.95,74.06,74.03,74.13,73.9,74.12,73.97,74.1,74.1,74.21,73.89,73.92,74.04,74.15,73.95,74.08,73.88,73.96,74.11,74.17,74.02,74.1,74.05,74.11,74.04,74.14,74.07,74.16,3.43,3.52,3.5,3.58,3.46,3.52,3.46,3.53,3.51,3.6,3.45,3.54,3.45,3.55,3.54,3.63,3.42,3.49,3.5,3.58,3.51,3.57,3.39,3.5,3.46,3.5,3.45,3.51,3.41,3.53,3.45,3.49,3.48,3.57,3.42,3.55,00000000000018e1
63,2024-01-15 00:00:00,6,,2,6061,D4,53*5.5,44*36.7,53.02,53.12,53.09,53.15,53.03,53.11,52.96,53.15,53.04,53.13,53.11,53.18,52.92,53.03,53.01,53.1,53.04,53.11,52.12,53.2,53.1,53.22,53.06,53.12,52.98,53.17,53.01,53.12,53.09,53.2,52.97,53.18,53.04,53.14,53.01,53.09,5.43,5.57,5.38,5.52,5.43,5.56,5.41,5.52,5.46,5.56,5.51,5.59,5.42,5.61,5.5,5.58,5.4,5.53,5.41,5.59,5.37,5.49,5.46,5.56,5.47,5.56,5.35,5.48,5.45,5.58,5.49,5.6,5.44,5.58,5.43,5.57,00000000000018e2
64,2024-01-15 00:00:00,7,,2,6061,D30,78*8.0,66.5*56.75,77.75,77.83,77.86,77.91,77.85,77.93,77.86,77.9,77.85,77.9,77.84,77.96,77.88,77.92,77.88,77.95,77.86,77.95,77.95,78.08,77.85,77.98,77.83,77.98,77.89,77.96,77.81,77.9,77.81,77.92,77.93,78.06,77.87,78.02,77.8,77.93,7.76,7.89,7.82,7.95,7.97,8.08,7.85,8.06,7.86,7.99,7.86,7.97,7.75,7.85,7.85,7.97,7.84,7.91,8.05,8.13,7.9,7.99,7.83,7.92,8.03,8.14,7.84,7.96,7.8,7.9,8.06,8.15,7.85,7.92,7.92,8.05,00000000000018e3
65,2024-01-16 00:00:00,1,,7,6061,A15,21*2.0,21*2.0,21.09,21.14,21.05,21.1,21.03,21.09,21.08,21.15,21.03,21.08,21.01,21.07,21.04,21.09,21.06,21.11,21.04,21.12,0.0,0.0,0.0,0.0,0.0,0.0,0.0,0.0,0.0,0.0,0.0,0.0,0.0,0.0,0.0,0.0,0.0,0.0,1.96,2.09,1.93,2.05,2.001,2.11,1.95,2.05,1.94,2.06,1.95,2.07,1.94,2.05,1.97,2.1,1.99,2.06,0.0,0.0,0.0,0.0,0.0,0.0,0.0,0.0,0.0,0.0,0.0,0.0,0.0,0.0,0.0,0.0,0.0,0.0,00000000000018e4
66,2024-01-16 00:00:00,1,,7,6061,A17,36*2.0,36*2.0,36.05,36.15,36.04,36.12,36.16,36.24,35.98,36.07,36.09,36.15,36.1,36.18,35.04,36.13,36.09,36.12,36.15,36.23,0.0,0.0,0.0,0.0,0.0,0.0,0.0,0.0,0.0,0.0,0.0,0.0,0.0,0.0,0.0,0.0,0.0,0.0,2.07,2.14,2.08,2.15,1.95,2.08,1.95,2.08,1.94,2.1,1.93,2.06,2.01,2.13,2.02,2.11,1.97,2.09,0.0,0.0,0.0,0.0,0.0,0.0,0.0,0.0,0.0,0.0,0.0,0.0,0.0,0.0,0.0,0.0,0.0,0.0,00000000000018e5
67,2024-01-16 00:00:00,2,,3,6061,B15,35*2.85,35*2.85,34.99,35.13,35.02,35.1,35.08,35.17,35.05,35.16,35.05,35.15,35.03,35.14,34.97,35.14,35.04,35.13,35.06,35.18,0.0,0.0,0.0,0.0,0.0,0.0,0.0,0.0,0.0,0.0,0.0,0.0,0.0,0.0,0.0,0.0,0.0,0.0,2.7,2.84,2.69,2.78,2.68,2.81,2.74,2.87,2.75,2.86,2.78,2.87,2.77,2.89,2.78,2.88,2.75,2.86,0.0,0.0,0.0,0.0,0.0,0.0,0.0,0.0,0.0,0.0,0.0,0.0,0.0,0.0,0.0,0.0,0.0,0.0,00000000000018e6
69,2024-01-16 00:00:00,2,,25,6061,B16,31.8*2.0,31.8*2.0,31.75,31.83,31.86,31.9,31.78,31.89,31.77,31.85,31.78,31.88,31.73,31.81,31.73,31.82,31.76,31.89,31.75,31.86,0.0,0.0,0.0,0.0,0.0,0.0,0.0,0.0,0.0,0.0,0.0,0.0,0.0,0.0,0.0,0.0,0.0,0.0,1.95,2.05,1.93,2.03,1.9,2.05,2.05,2.11,1.95,2.06,2.0,2.08,2.01,2.1,2.04,2.1,2.03,2.09,0.0,0.0,0.0,0.0,0.0,0.0,0.0,0.0,0.0,0.0,0.0,0.0,0.0,0.0,0.0,0.0,0.0,0.0,00000000000018e7
70,2024-01-16 00:00:00,4,,1,2014,B21,38.1*2.5,38.1*2.5,37.87,37.92,37.95,38.09,37.95,38.15,38.08,38.19,38.08,38.21,37.9,38.1,38.09,38.2,38.09,38.2,37.8,38.06,38.04,38.11,38.07,38.15,37.94,38.09,37.75,37.83,38.08,38.13,37.88,37.93,38.02,38.1,38.08,38.16,37.85,37.9,2.42,2.56,2.45,2.54,2.49,2.57,2.51,2.6,2.46,2.55,2.55,2.65,2.57,2.64,2.44,2.52,2.56,2.64,2.43,2.5,2.47,2.56,2.52,2.63,2.44,2.53,2.45,2.53,2.51,2.6,2.48,2.58,2.43,2.51,2.43,2.55,00000000000018e8
71,2024-01-16 00:00:00,5,,7,6061,B19,53*2.5,53*2.5,52.77,53.03,52.88,52.94,52.95,53.12,52.93,53.09,52.89,52.96,53.06,53.15,0.0,0.0,0.0,0.0,0.0,0.0,0.0,0.0,0.0,0.0,0.0,0.0,0.0,0.0,0.0,0.0,0.0,0.0,0.0,0.0,0.0,0.0,0.0,0.0,2.41,2.51,2.47,2.55,2.45,2.52,2.38,2.48,2.55,2.59,2.43,2.51,0.0,0.0,0.0,0.0,0.0,0.0,0.0,0.0,0.0,0.0,0.0,0.0,0.0,0.0,0.0,0.0,0.0,0.0,0.0,0.0,0.0,0.0,0.0,0.0,00000000000018e9
72,2024-01-16 00:00:00,5,,3,6061,B18,72*2.0,72*2.0,72.06,72.16,72.05,72.12,72.08,72.15,72.04,72.15,72.01,72.1,72.05,72.13,0.0,0.0,0.0,0.0,0.0,0.0,0.0,0.0,0.0,0.0,0.0,0.0,0.0,0.0,0.0,0.0,0.0,0.0,0.0,0.0,0.0,0.0,0.0,0.0,2.01,2.09,2.05,2.11,1.98,2.08,1.95,2.06,2.03,2.1,1.95,2.06,0.0,0.0,0.0,0.0,0.0,0.0,0.0,0.0,0.0,0.0,0.0,0.0,0.0,0.0,0.0,0.0,0.0,0.0,0.0,0.0,0.0,0.0,0.0,0.0,00000000000018ea
73,2024-01-16 00:00:00,5,,3,6061,B18,57*3.0,57*3.0,57.1,57.15,57.08,57.13,56.92,57.05,57.09,57.16,57.04,57.11,57.05,57.14,0.0,0.0,0.0,0.0,0.0,0.0,0.0,0.0,0.0,0.0,0.0,0.0,0.0,0.0,0.0,0.0,0.0,0.0,0.0,0.0,0.0,0.0,0.0,0.0,2.95,3.05,3.01,3.14,2.84,2.98,2.91,3.09,2.91,3.04,3.04,3.11,0.0,0.0,0.0,0.0,0.0,0.0,0.0,0.0,0.0,0.0,0.0,0.0,0.0,0.0,0.0,0.0,0.0,0.0,0.0,0.0,0.0,0.0,0.0,0.0,00000000000018eb
74,2024-01-16 00:00:00,6,,2,6061,D4,78*7.0,66.7*59,77.68,77.78,78.0,78.15,77.95,78.07,77.85,77.91,78.06,78.16,78.05,78.13,77.68,77.8,78.05,78.12,78.09,78.2,77.73,77.85,78.03,78.14,78.08,78.16,77.85,77.94,78.02,78.16,78.06,78.15,77.72,77.85,78.03,78.17,78.13,78.22,7.03,7.09,6.94,7.06,6.9,7.1,7.01,7.1,6.93,7.08,6.98,7.13,6.95,7.05,6.92,7.06,7.08,7.18,6.94,7.08,6.95,7.1,7.05,7.15,6.91,6.99,6.91,7.07,6.95,7.16,6.89,7.06,6.89,6.99,6.9,7.14,00000000000018ec
75,2024-01-16 00:00:00,7,,2,6061,D30,78*8.0,66.5*56.75,77.94,78.09,78.04,78.11,77.9,78.05,77.91,78.02,77.98,78.06,78.09,78.16,78.03,78.09,77.99,78.07,78.01,78.09,78.06,78.16,77.92,78.05,78.0,78.09,77.98,78.06,77.94,78.07,78.02,78.15,77.95,78.05,77.95,78.05,77.97,78.18,7.95,8.06,7.85,7.92,8.0,8.08,7.87,7.94,7.89,7.98,8.06,8.12,7.94,8.05,8.0,8.08,7.98,8.09,7.95,8.06,7.95,8.06,8.01,8.08,7.9,8.03,7.93,8.03,7.92,8.05,7.83,7.93,7.87,7.95,7.9,8.02,00000000000018ed
76,2024-01-17 00:00:00,1,,7,6061,A17,34.9*1.8,34.9*1.8,34.87,34.99,34.88,34.95,34.89,34.96,34.88,34.95,34.85,34.95,34.87,34.98,34.88,34.9,34.83,34.93,34.9,35.04,0.0,0.0,0.0,0.0,0.0,0.0,0.0,0.0,0.0,0.0,0.0,0.0,0.0,0.0,0.0,0.0,0.0,0.0,1.69,1.78,1.66,1.78,1.68,1.78,1.68,1.75,1.68,1.79,1.75,1.82,1.65,1.73,1.69,1.83,1.65,1.77,0.0,0.0,0.0,0.0,0.0,0.0,0.0,0.0,0.0,0.0,0.0,0.0,0.0,0.0,0.0,0.0,0.0,0.0,00000000000018ee
77,2024-01-17 00:00:00,1,,25,6061,A17,25.4*1.8,25.4*1.8,25.42,25.49,25.4,25.48,25.44,25.57,25.24,25.35,25.39,25.42,25.28,25.38,25.38,25.45,25.41,25.49,25.44,25.53,0.0,0.0,0.0,0.0,0.0,0.0,0.0,0.0,0.0,0.0,0.0,0.0,0.0,0.0,0.0,0.0,0.0,0.0,1.77,1.87,1.69,1.78,1.75,1.81,1.8,1.9,1.67,1.75,1.84,1.92,1.82,1.89,1.73,1.83,1.77,1.85,0.0,0.0,0.0,0.0,0.0,0.0,0.0,0.0,0.0,0.0,0.0,0.0,0.0,0.0,0.0,0.0,0.0,0.0,00000000000018ef
78,2024-01-17 00:00:00,2,,25,6061,B16,31.8*2.0,31.8*2.0,31.89,31.94,31.9,31.98,31.93,31.98,31.88,31.91,31.89,31.94,31.9,31.99,31.85,31.9,31.88,31.96,31.85,31.95,31.83,31.93,31.85,31.96,31.87,31.94,31.8,31.91,31.86,31.93,31.88,31.99,31.85,31.95,31.88,31.97,31.86,31.93,1.95,2.05,1.92,2.03,1.91,2.02,1.9,2.01,1.96,2.06,1.86,1.91,1.96,2.03,1.95,2.07,1.9,1.99,1.88,1.94,1.92,2.04,1.96,2.05,1.92,2.03,1.89,2.0,1.85,1.91,1.9,1.98,1.93,2.02,1.93,2.05,00000000000018f0
79,2024-01-17 00:00:00,4,,26,6061,B19,44.5*5.75,44.5*5.75,44.53,44.6,44.53,44.65,44.5,44.59,44.5,44.58,44.63,44.76,44.55,44.64,44.47,44.57,44.51,44.59,44.47,44.53,0.0,0.0,0.0,0.0,0.0,0.0,0.0,0.0,0.0,0.0,0.0,0.0,0.0,0.0,0.0,0.0,0.0,0.0,5.66,5.76,5.67,5.84,5.68,5.76,5.67,5.73,5.65,5.78,5.63,5.83,5.68,5.76,5.63,5.76,5.68,5.73,0.0,0.0,0.0,0.0,0.0,0.0,0.0,0.0,0.0,0.0,0.0,0.0,0.0,0.0,0.0,0.0,0.0,0.0,00000000000018f1
80,2024-01-17 00:00:00,4,,3,6061,A18,44*2.5,44*2.5,43.97,44.08,44.07,44.16,44.09,44.19,44.09,44.15,44.09,44.18,44.11,44.22,44.01,44.1,43.97,44.13,44.1,44.2,0.0,0.0,0.0,0.0,0.0,0.0,0.0,0.0,0.0,0.0,0.0,0.0,0.0,0.0,0.0,0.0,0.0,0.0,2.37,2.48,2.46,2.58,2.38,2.51,2.45,2.55,2.43,2.56,2.35,2.49,2.36,2.48,2.38,2.48,2.37,2.53,0.0,0.0,0.0,0.0,0.0,0.0,0.0,0.0,0.0,0.0,0.0,0.0,0.0,0.0,0.0,0.0,0.0,0.0,00000000000018f2
81,2024-01-17 00:00:00,5,,7,6061,B18,57*3.0,57*3.0,56.92,57.18,57.08,57.12,56.93,57.06,57.09,57.12,56.93,57.03,56.95,57.08,57.1,57.15,56.95,57.06,56.98,57.06,0.0,0.0,0.0,0.0,0.0,0.0,0.0,0.0,0.0,0.0,0.0,0.0,0.0,0.0,0.0,0.0,0.0,0.0,2.85,2.96,2.89,2.99,2.92,3.07,2.83,2.95,2.96,3.05,2.97,3.13,2.95,3.04,2.98,3.09,2.94,3.1,0.0,0.0,0.0,0.0,0.0,0.0,0.0,0.0,0.0,0.0,0.0,0.0,0.0,0.0,0.0,0.0,0.0,0.0,00000000000018f3
82,2024-01-17 00:00:00,5,,3,6061,C2,41*4.2,41*4.2,41.13,41.25,41.06,41.11,41.02,41.13,41.09,41.11,41.09,41.22,40.96,41.07,41.15,41.27,41.05,41.14,41.07,41.14,0.0,0.0,0.0,0.0,0.0,0.0,0.0,0.0,0.0,0.0,0.0,0.0,0.0,0.0,0.0,0.0,0.0,0.0,4.13,4.24,4.15,4.21,4.14,4.27,4.14,4.26,4.16,4.23,4.11,4.21,4.12,4.21,4.22,4.29,4.15,4.23,0.0,0.0,0.0,0.0,0.0,0.0,0.0,0.0,0.0,0.0,0.0,0.0,0.0,0.0,0.0,0.0,0.0,0.0,00000000000018f4
83,2024-01-17 00:00:00,6,,2,6061,D2,64.5*7.0,54*46.35,64.34,64.45,64.51,64.61,64.48,64.53,64.5,64.58,64.48,64.56,64.47,64.52,64.46,64.5,64.52,64.6,64.45,64.56,64.38,64.49,64.48,64.58,64.43,64.53,64.35,64.46,64.49,64.61,64.55,64.66,64.44,64.53,64.48,64.56,64.57,64.67,6.93,7.06,6.96,7.09,6.83,7.02,6.96,7.08,6.82,6.94,6.86,7.04,6.84,6.95,6.84,6.93,6.88,6.94,6.82,6.92,6.8,6.94,6.83,6.95,6.85,7.0,6.91,6.99,6.85,7.03,6.86,6.95,6.92,7.03,6.86,7.05,00000000000018f5
84,2024-01-17 00:00:00,7,,2,6061,D33,78*8.0,66.5*56.75,77.82,77.9,77.92,78.08,77.86,77.95,77.86,77.95,78.03,78.09,77.8,77.91,77.95,78.06,77.96,78.03,77.88,78.03,77.93,78.03,77.98,78.06,77.83,77.9,77.95,78.08,77.74,77.89,77.85,77.93,77.86,77.95,77.75,77.86,77.86,77.95,7.79,8.05,8.02,8.12,7.94,8.04,7.89,7.92,8.0,8.09,7.8,7.93,7.76,8.02,7.93,8.05,7.82,7.95,7.9,8.1,8.0,8.08,7.79,7.85,8.0,8.09,8.03,8.09,7.78,7.89,8.01,8.1,7.89,7.91,7.85,7.98,00000000000018f6
85,2024-01-18 00:00:00,1,,25,6061,A17,25.4*1.8,25.4*1.8,25.33,25.46,25.32,25.43,25.31,25.42,25.35,25.48,25.38,25.45,25.38,25.47,25.28,25.35,25.35,25.49,25.38,25.46,0.0,0.0,0.0,0.0,0.0,0.0,0.0,0.0,0.0,0.0,0.0,0.0,0.0,0.0,0.0,0.0,0.0,0.0,1.75,1.86,1.73,1.85,1.72,1.85,1.69,1.78,1.71,1.83,1.7,1.78,1.76,1.83,1.75,1.86,1.74,1.85,0.0,0.0,0.0,0.0,0.0,0.0,0.0,0.0,0.0,0.0,0.0,0.0,0.0,0.0,0.0,0.0,0.0,0.0,00000000000018f7
86,2024-01-18 00:00:00,1,,25,6061,B19,28.6*1.8,28.6*1.8,28.61,28.68,28.63,28.68,28.6,28.71,28.65,28.75,28.66,28.78,28.61,28.73,28.68,28.76,28.64,28.73,28.65,28.76,0.0,0.0,0.0,0.0,0.0,0.0,0.0,0.0,0.0,0.0,0.0,0.0,0.0,0.0,0.0,0.0,0.0,0.0,1.8,1.87,1.73,1.85,1.8,1.91,1.73,1.88,1.74,1.86,1.73,1.83,1.76,1.86,1.71,1.81,1.75,1.86,0.0,0.0,0.0,0.0,0.0,0.0,0.0,0.0,0.0,0.0,0.0,0.0,0.0,0.0,0.0,0.0,0.0,0.0,00000000000018f8
87,2024-01-18 00:00:00,2,,25,6061,B16,31.8*1.8,31.8*1.8,31.88,31.92,31.85,31.93,31.85,31.95,31.86,31.9,31.86,31.95,31.88,31.98,31.85,31.91,31.84,31.93,31.85,31.97,31.83,31.9,31.83,31.9,31.84,31.9,31.78,31.85,31.82,31.89,31.86,31.93,31.79,31.86,31.8,31.88,31.88,32.06,1.75,1.86,1.73,1.85,1.77,1.85,1.76,1.85,1.65,1.79,1.73,1.83,1.75,1.81,1.66,1.82,1.72,1.82,1.73,1.83,1.63,1.79,1.67,1.78,1.75,1.87,1.75,1.88,1.75,1.86,1.77,1.89,1.78,1.89,1.77,1.88,00000000000018f9
88,2024-01-18 00:00:00,4,,1,2014,B21,38.1*2.5,38.1*2.5,38.06,38.13,38.09,38.16,38.13,38.19,38.1,38.17,38.05,38.11,37.75,37.86,38.02,38.13,38.08,38.19,37.8,37.97,38.07,38.11,38.06,38.12,37.68,37.82,38.11,38.18,38.09,38.18,37.78,37.89,38.05,38.13,38.02,38.1,37.97,38.09,2.43,2.52,2.45,2.53,2.48,2.58,2.45,2.56,2.42,2.5,2.45,2.55,2.41,2.49,2.43,2.53,2.43,2.55,2.4,2.5,2.41,2.5,2.42,2.52,2.5,2.59,2.44,2.56,2.46,2.56,2.46,2.56,2.48,2.58,2.55,2.62,00000000000018fa
89,2024-01-18 00:00:00,5,,7,6061,B18,50.8*2.4,50.8*2.4,50.73,50.83,50.88,50.92,50.72,50.89,50.72,50.85,50.76,50.84,50.84,50.92,50.77,50.87,50.84,50.93,50.79,50.88,0.0,0.0,0.0,0.0,0.0,0.0,0.0,0.0,0.0,0.0,0.0,0.0,0.0,0.0,0.0,0.0,0.0,0.0,2.33,2.45,2.37,2.45,2.36,2.48,2.35,2.47,2.35,2.43,2.34,2.43,2.32,2.43,2.41,2.48,2.33,2.46,0.0,0.0,0.0,0.0,0.0,0.0,0.0,0.0,0.0,0.0,0.0,0.0,0.0,0.0,0.0,0.0,0.0,0.0,00000000000018fb
90,2024-01-18 00:00:00,5,,25,6061,B9,62*10,62*10,62.13,62.21,61.86,61.99,62.16,62.2,62.11,62.22,62.1,62.15,62.07,62.19,61.87,61.98,61.78,61.99,62.05,62.17,0.0,0.0,0.0,0.0,0.0,0.0,0.0,0.0,0.0,0.0,0.0,0.0,0.0,0.0,0.0,0.0,0.0,0.0,10.03,10.12,9.99,10.06,9.91,10.05,10.11,1.018,9.9,10.04,10.05,10.09,10.01,10.09,10.15,10.24,10.08,10.13,0.0,0.0,0.0,0.0,0.0,0.0,0.0,0.0,0.0,0.0,0.0,0.0,0.0,0.0,0.0,0.0,0.0,0.0,00000000000018fc
91,2024-01-18 00:00:00,6,,3,6061,A48,74*3.5,74*3.5,74.01,74.11,73.9,74.05,74.09,74.18,73.99,74.08,73.98,74.08,73.89,73.95,73.95,74.06,73.95,74.08,74.11,74.21,74.08,74.14,73.9,74.06,74.09,74.15,73.98,74.09,73.91,74.05,74.07,74.16,74.03,74.13,73.95,74.1,74.01,74.18,3.47,3.56,3.5,3.61,3.6,3.71,3.5,3.61,3.4,3.5,3.51,3.63,3.46,3.62,3.52,3.65,3.42,3.58,3.49,3.58,3.44,3.53,3.51,3.62,3.43,3.53,3.45,3.59,3.46,3.58,3.42,3.57,3.49,3.65,3.55,3.66,00000000000018fd
92,2024-01-18 00:00:00,7,,2,6061,D33,78*8.0,66.5*56.75,77.85,77.95,77.86,77.96,78.01,78.11,78.07,78.13,77.85,77.95,77.92,78.09,77.88,77.96,77.94,78.06,77.74,77.86,77.87,77.91,77.77,77.88,77.85,77.96,77.97,78.1,78.01,78.12,77.75,77.84,77.83,77.9,7.71,7.86,77.73,77.85,7.95,8.12,7.93,8.09,7.93,8.05,7.85,7.93,8.03,8.11,8.0,8.08,7.93,8.02,7.97,8.1,7.9,8.05,7.79,7.89,7.9,8.03,7.85,7.96,7.93,8.11,7.95,8.11,7.93,8.08,7.9,8.05,7.84,8.04,7.88,7.98,00000000000018fe
93,2024-01-22 00:00:00,1,,25,6061,,28.6*1.8,28.6*1.8,28.55,28.62,28.66,28.73,28.66,28.75,28.68,28.75,28.68,28.79,28.67,28.78,28.56,28.65,28.63,28.7,28.54,28.63,0.0,0.0,0.0,0.0,0.0,0.0,0.0,0.0,0.0,0.0,0.0,0.0,0.0,0.0,0.0,0.0,0.0,0.0,1.75,1.84,1.73,1.81,1.78,1.86,1.73,1.82,1.77,1.86,1.72,1.85,1.72,1.8,1.72,1.81,1.75,1.84,0.0,0.0,0.0,0.0,0.0,0.0,0.0,0.0,0.0,0.0,0.0,0.0,0.0,0.0,0.0,0.0,0.0,0.0,00000000000018ff
94,2024-01-22 00:00:00,1,,3,6061,A17,19*1.6,19*1.6,19.05,19.11,19.07,19.13,19.1,19.16,19.01,19.1,19.04,19.1,19.09,19.14,19.05,19.12,19.05,19.13,19.1,19.15,0.0,0.0,0.0,0.0,0.0,0.0,0.0,0.0,0.0,0.0,0.0,0.0,0.0,0.0,0.0,0.0,0.0,0.0,1.5,1.66,1.57,1.6,1.56,1.6,1.53,1.63,1.54,1.64,1.58,1.67,1.47,1.58,1.66,1.73,1.55,1.63,0.0,0.0,0.0,0.0,0.0,0.0,0.0,0.0,0.0,0.0,0.0,0.0,0.0,0.0,0.0,0.0,0.0,0.0,0000000000001901
95,2024-01-22 00:00:00,2,,4,6061,B16,34*2.3,34*2.3,33.98,34.06,33.88,33.92,34.13,34.17,34.1,34.18,33.91,34.03,34.17,34.21,34.08,34.12,34.03,34.09,34.15,35.2,33.92,34.07,34.01,34.1,34.12,34.19,34.04,34.08,34.05,34.16,34.19,34.22,34.03,34.11,34.07,34.18,34.16,34.21,2.3,2.37,2.31,2.39,2.25,2.35,2.23,2.31,2.27,2.38,2.23,2.31,2.3,2.37,2.24,2.35,2.34,2.42,2.32,2.4,2.23,2.3,2.38,2.45,2.28,2.35,2.3,2.41,2.29,2.37,2.32,2.43,2.25,2.38,2.28,2.38,0000000000001902
96,2024-01-22 00:00:00,4,,1,2014,B21,38.1*2.5,38.1*2.5,38.09,38.16,38.07,38.13,38.09,38.18,38.07,38.14,38.03,38.11,37.84,37.95,38.06,38.13,38.1,38.17,37.91,38.01,38.05,38.14,38.11,38.19,37.74,37.94,38.1,38.18,38.06,38.16,37.98,38.1,38.05,38.12,38.09,38.15,37.96,38.09,2.48,2.56,2.41,2.5,2.43,2.51,2.43,2.49,2.46,2.53,2.46,2.55,2.42,2.48,2.46,2.56,2.47,2.51,2.48,2.57,2.45,2.55,2.49,2.53,2.48,2.54,2.52,2.61,2.5,2.6,3.46,2.53,2.47,2.58,2.45,2.53,0000000000001903
97,2024-01-22 00:00:00,5,,25,6061,B20,55*1.6,55*1.6,54.93,55.1,54.82,54.98,55.04,55.16,55.0,55.14,54.9,55.04,54.73,55.11,54.45,54.65,54.95,55.09,54.75,54.96,0.0,0.0,0.0,0.0,0.0,0.0,0.0,0.0,0.0,0.0,0.0,0.0,0.0,0.0,0.0,0.0,0.0,0.0,1.5,1.57,1.48,1.58,1.65,1.7,1.55,1.61,1.45,1.57,1.53,1.67,1.53,1.58,1.454,1.65,1.62,1.73,0.0,0.0,0.0,0.0,0.0,0.0,0.0,0.0,0.0,0.0,0.0,0.0,0.0,0.0,0.0,0.0,0.0,0.0,0000000000001904
98,2024-01-22 00:00:00,5,,26,6061,B18,81*19,81*19,80.79,80.89,80.94,81.05,81.13,81.2,80.84,80.91,80.93,81.08,80.78,80.98,80.83,80.92,81.02,81.13,80.77,8.089,0.0,0.0,0.0,0.0,0.0,0.0,0.0,0.0,0.0,0.0,0.0,0.0,0.0,0.0,0.0,0.0,0.0,0.0,18.77,18.89,18.85,19.04,18.82,18.93,18.91,19.03,19.02,19.11,18.94,19.07,18.95,19.04,18.83,18.96,18.87,18.96,0.0,0.0,0.0,0.0,0.0,0.0,0.0,0.0,0.0,0.0,0.0,0.0,0.0,0.0,0.0,0.0,0.0,0.0,0000000000001905
99,2024-01-22 00:00:00,6,,3,6061,A46,74*3.5,74*3.5,73.9,74.03,74.09,74.13,74.11,74.24,74.03,74.13,74.1,74.17,74.07,74.16,74.07,74.14,74.01,74.1,74.16,74.24,73.96,74.07,73.95,74.06,74.06,74.14,74.02,74.13,73.99,74.05,74.05,74.15,74.0,74.11,73.91,74.04,73.84,73.92,3.38,3.45,3.45,3.54,3.46,3.58,3.43,3.55,3.37,3.48,3.47,3.6,3.56,3.6,3.42,3.51,3.34,3.48,3.55,3.61,3.35,3.43,3.5,3.62,3.45,3.56,3.51,3.6,3.45,3.56,3.47,3.57,3.48,3.58,3.51,3.62,0000000000001906
100,2024-01-22 00:00:00,7,,2,6061,D18,77*7.5,65.7*56.75,76.98,77.05,76.91,77.04,76.85,76.96,76.82,76.95,76.77,76.86,76.98,77.09,76.87,76.9,76.85,76.93,76.81,76.92,76.78,76.89,76.9,77.05,76.86,76.93,76.85,76.93,76.92,77.03,76.88,76.95,76.91,77.05,76.97,77.09,76.85,76.98,7.43,7.52,7.4,7.49,7.45,7.53,7.39,7.47,7.47,7.53,7.44,7.52,7.43,7.55,7.42,7.52,7.45,7.55,7.37,7.46,7.41,7.51,7.38,7.53,7.45,7.52,7.43,7.5,7.42,7.49,7.5,7.6,7.39,7.52,7.43,7.5,0000000000001907
101,2024-01-23 00:00:00,1,,3,6061,A17,19*1.6,19*1.6,19.1,19.15,19.11,19.15,19.12,19.18,19.1,19.13,19.1,19.14,19.05,19.11,19.11,19.15,19.13,19.2,19.1,19.16,19.12,19.16,19.15,19.21,19.08,19.18,19.08,19.14,19.08,19.18,19.06,19.12,19.05,19.11,19308.0,19.17,19.1,19.2,1.57,1.63,1.58,1.65,1.56,1.61,1.55,1.62,1.58,1.64,1.58,1.62,1.49,1.57,1.57,1.63,1.6,1.68,1.55,1.6,1.56,1.66,1.54,1.61,1.5,1.59,1.58,1.63,1.56,1.6,1.55,1.66,1.56,1.6,1.51,1.58,0000000000001908
102,2024-01-23 00:00:00,2,,6,6061,B16,30*2.0,30*2.0,29.9,30.04,29.96,30.03,30.05,30.1,29.93,30.01,29.98,30.04,30.12,30.21,30.0,30.05,29.95,30.03,30.1,30.16,29.96,30.03,29.97,30.05,30.09,30.15,29.97,30.08,29.99,30.09,30.11,31.09,30.0,30.1,29.93,30.0,30.1,30.17,1.93,2.05,1.92,2.05,1.99,2.07,1.92,2.05,1.9,1.99,1.95,2.05,1.91,2.04,1.99,2.11,1.93,2.05,1.92,2.02,1.95,2.05,1.91,1.99,1.92,2.04,1.91,2.03,1.9,2.02,1.94,2.06,1.91,2.08,1.94,2.06,0000000000001909
103,2024-01-23 00:00:00,4,,1,6061,B21,38.1*2.5,38.1*2.5,38.04,38.14,38.12,38.23,37.78,37.95,38.06,38.13,38.1,38.2,37.7,37.86,38.03,38.11,38.09,38.13,37.83,38.91,38.1,38.15,38.12,38.25,37.75,37.95,38.07,38.12,38.1,38.18,37.77,37.85,37.99,38.1,38.1,38.15,37.87,38.0,2.35,2.46,2.55,2.62,2.48,2.53,2.45,2.53,2.48,2.56,2.43,2.49,2.5,2.6,2.43,2.54,2.46,2.53,2.52,2.63,2.44,2.5,2.45,2.5,2.48,2.55,2.47,2.56,2.44,2.51,2.55,2.63,2.47,2.57,2.47,2.54,000000000000190a
104,2024-01-23 00:00:00,5,,24,6061,,84.5*12.5,84.5*12.5,83.93,84.11,84.1,84.18,83.84,84.09,83.98,84.51,83.93,84.1,83.86,83.98,83.76,83.85,84.15,84.2,83.85,83.96,83.84,84.07,84.18,84.24,83.97,84.11,84.1,84.16,84.17,84.22,83.92,84.08,84.07,84.13,84.2,84.36,83.8,83.92,1.25,1.3,1.23,1.38,1.3,1.36,1.18,1.26,1.22,1.3,1.27,1.37,1.23,1.31,1.24,1.36,1.3,1.36,1.25,1.33,1.23,1.31,1.28,1.39,1.27,1.32,1.27,1.32,1.29,1.3,1.25,1.35,1.24,1.3,1.21,1.26,000000000000190b
105,2024-01-23 00:00:00,6,,3,6061,A46,74*3.5,74*3.5,74.01,74.09,73.95,74.06,74.1,74.16,73.98,74.06,73.96,74.09,74.09,74.14,73.95,74.03,73.92,74.02,74.06,74.15,73.97,74.05,73.94,74.04,74.05,74.13,73.98,74.09,73.91,74.02,74.07,74.17,74.07,74.16,73.95,74.01,74.04,74.16,3.45,3.53,3.41,3.49,3.55,3.64,3.51,3.58,3.48,3.59,3.45,3.58,3.43,3.49,3.41,3.52,3.46,3.57,3.52,3.6,3.45,3.59,3.53,3.61,3.53,3.61,3.44,3.51,3.48,3.63,3.5,3.6,3.45,3.57,3.46,3.56,000000000000190c
106,2024-01-23 00:00:00,7,,2,6061,D27,77*7.5,65.7*56.75,77.02,77.07,77.08,77.11,76.99,77.06,77.03,77.09,77.01,77.08,77.03,77.08,77.0,77.08,76.87,76.93,76.98,77.05,77.02,77.09,76.79,76.89,77.04,77.14,76.89,76.96,76.93,77.0,76.92,77.02,76.87,77.08,76.96,77.02,76.89,76.93,7.39,7.48,7.4,7.51,7.45,7.52,7.41,7.49,7.47,7.53,7.5,7.58,7.38,7.47,7.37,7.48,7.33,7.51,7.43,7.56,7.32,7.4,7.35,7.46,7.35,7.47,7.46,7.51,7.38,7.49,7.34,7.44,7.43,7.51,7.42,7.5,000000000000190d
107,2024-01-24 00:00:00,1,,1,6061,,35*3.2,35*3.2,34.94,35.06,34.99,35.11,35.02,35.11,34.97,35.09,35.06,35.1,35.02,35.12,34.92,35.02,35.02,35.11,35.08,35.15,35.06,35.15,35.02,35.13,35.0,35.08,34.95,35.06,35.06,35.12,35.02,35.11,34.97,35.07,35.02,35.1,35.05,35.14,3.13,3.25,3.14,3.2,3.11,3.18,3.21,3.28,3.19,3.24,3.11,3.19,3.19,3.26,3.17,3.24,3.15,3.21,3.21,3.32,3.18,3.26,3.16,3.21,3.19,3.29,3.17,3.24,3.15,3.24,3.19,3.3,3.12,3.2,3.12,3.22,000000000000190e
108,2024-01-24 00:00:00,2,,7,6061,B16,31.8*2.0,31.8*2.0,31.8,31.89,31.87,31.92,31.82,31.92,31.78,31.85,31.85,31.93,31.88,31.96,0.0,0.0,31.89,31.98,31.79,31.85,0.0,0.0,31.86,31.93,31.85,31.95,0.0,0.0,31.83,31.89,31.91,32.01,0.0,0.0,31.76,31.83,31.99,32.06,1.96,2.04,2.01,2.09,1.85,1.9,1.9,1.98,1.88,1.92,1.86,1.95,1.96,2.0,1.88,1.95,1.88,1.98,1.88,1.92,1.89,1.91,1.82,1.91,1.83,1.9,1.86,1.93,1.87,1.93,1.87,1.95,1.85,1.91,1.83,1.9,000000000000190f
109,2024-01-24 00:00:00,4,,1,2014,B21,38.1*2.5,38.1*2.5,38.06,38.14,38.11,38.17,37.64,37.8,38.0,38.09,38.12,38.18,38.07,38.16,37.94,38.03,38.1,38.16,38.08,38.15,38.06,38.12,38.05,38.11,37.9,38.03,37.94,38.1,38.09,38.14,37.71,37.91,37.96,38.06,38.12,38.17,37.7,37.89,2.5,2.57,2.452,2.52,2.49,2.58,2.52,2.59,2.47,2.51,2.42,2.49,2.45,2.53,2.42,2.48,2.41,2.5,2.52,2.6,2.43,2.5,2.5,2.59,2.5,2.59,2.45,2.58,2.46,2.56,2.54,2.6,2.46,2.55,2.43,2.53,0000000000001910
110,2024-01-24 00:00:00,5,,24,6061,B9,84.5*1.25,84.5*1.25,84.33,84.42,83.9,84.42,84.24,84.38,84.23,84.3,84.96,85.05,84.22,84.35,84.33,84.41,84.32,84.45,84.35,84.46,84.36,84.46,83.96,84.23,84.33,84.4,84.1,84.2,83.95,83.46,84.32,84.41,84.17,84.23,83.99,84.18,84.38,84.48,1.23,1.29,1.23,1.31,1.3,1.37,1.34,1.45,1.25,1.35,1.36,1.4,1.26,1.35,1.24,1.29,1.35,1.41,1.28,1.36,1.22,1.28,1.27,1.35,1.29,1.37,1.23,1.29,1.28,1.38,1.23,1.3,1.25,1.32,1.29,1.4,0000000000001911
111,2024-01-24 00:00:00,6,,2,6061,D4,78*7.0,66.7*59,77.7,77.82,78.11,78.17,78.1,78.16,77.78,77.85,78.0,78.06,78.03,78.12,77.66,77.88,78.02,78.08,78.01,78.09,77.77,77.89,78.03,78.14,78.0,78.08,77.72,77.85,78.02,78.07,78.02,78.11,77.8,77.9,78.04,78.12,78.01,78.1,6.91,7.03,6.9,7.01,6.94,7.06,7.0,7.06,6.85,6.93,6.94,7.05,7.03,7.14,7.03,7.12,7.01,7.1,6.97,7.09,6.94,7.05,7.08,7.13,6.92,7.06,6.91,7.04,6.95,7.03,6.99,7.08,6.96,7.08,7.0,7.08,0000000000001912
112,2024-01-24 00:00:00,7,,3,6061,C4,115*2.2,115*2.2,114.8,114.86,114.71,114.94,114.76,114.91,114.75,114.85,114.82,114.96,114.82,114.89,114.95,115.08,114.75,114.86,114.81,114.88,114.82,114.89,114.67,114.77,114.8,114.87,114.77,114.85,114.89,115.04,114.79,114.91,114.84,114.95,114.91,114.99,114.79,114.99,2.22,2.28,2.22,2.29,2.28,2.34,2.21,2.26,2.19,2.26,2.25,2.31,2.25,2.31,2.27,2.31,2.26,2.31,2.27,2.35,2.26,2.31,2.18,2.26,2.17,2.23,2.28,2.3,2.17,2.25,2.22,2.26,2.27,2.31,2.24,2.3,0000000000001913
113,2024-01-25 00:00:00,1,,1,6061,,35*3.2,35*3.2,34.97,35.05,35.06,35.13,35.05,35.13,34.99,35.08,35.02,35.11,35.02,35.1,34.92,34.99,35.04,35.13,35.04,35.14,35.01,35.09,35.06,35.15,35.04,35.1,34.86,34.91,35.04,35.11,35.02,35.12,35.04,35.15,35.06,35.14,35.11,35.14,3.13,3.18,3.12,3.17,3.17,3.22,3.14,3.23,3.15,3.25,3.15,3.2,3.16,3.21,3.18,3.24,3.18,3.23,3.18,3.25,3.14,3.17,3.17,3.22,3.23,3.31,3.11,3.18,3.17,3.23,2.27,2.32,3.17,3.22,3.14,3.21,0000000000001914
114,2024-01-25 00:00:00,2,,7,6061,B17,36*2.0,36*2.0,35.95,36.05,36.01,36.1,35.98,36.12,36.05,36.11,36.03,36.13,35.99,36.16,35.89,36.02,35.84,35.95,35.91,36.03,35.88,35.91,35.89,35.99,35.84,35.96,35.85,35.9,35.05,36.15,35.96,36.0,35.84,35.89,36.01,36.12,35.93,36.05,1.89,1.95,1.85,1.92,1.96,2.05,1.92,2.03,1.84,1.95,1.86,1.97,1.95,2.06,1.97,2.03,1.9,2.0,1.9,2.0,1.97,2.05,1.98,2.09,1.94,2.03,1.89,1.95,1.99,2.11,1.93,2.02,1.9,1.98,1.91,2.02,0000000000001915
115,2024-01-25 00:00:00,4,,1,7075,B11,38.1*3.0,38.1*3.0,38.04,38.11,38.12,38.18,37.84,37.93,38.08,38.15,38.09,38.13,37.87,37.94,38.07,38.11,38.1,38.18,37.89,37.99,38.07,38.19,38.1,38.19,37.77,37.85,37.94,38.11,38.09,38.17,37.98,38.13,38.09,38.19,38.07,38.15,37.95,38.15,2.93,3.02,2.99,3.07,2.91,3.11,2.91,3.01,2.93,3.01,2.87,2.95,2.95,3.03,2.9,2.98,2.92,3.05,2.95,3.0,2.98,3.05,2.85,2.97,2.87,2.95,2.91,3.02,2.89,2.98,2.89,3.0,2.98,3.09,2.97,3.08,0000000000001916
116,2024-01-25 00:00:00,5,,3,6061,B8,50*3.5,50*3.5,50.04,50.11,49.9,50.05,49.9,49.9,50.09,50.14,49.92,50.09,49.79,49.93,50.05,50.16,49.95,50.12,49.86,49.9,50.1,50.18,49.9,49.98,49.77,49.85,50.05,50.13,50.01,50.1,49.88,49.91,50.08,50.16,50.03,50.11,49.89,50.01,3.56,3.61,3.5,3.58,3.55,3.62,3.49,3.6,3.48,3.57,3.58,3.64,3.46,3.55,3.55,3.62,3.55,3.61,3.5,3.57,3.53,3.6,3.54,3.63,3.42,3.54,3.45,3.55,3.55,3.65,3.45,3.53,3.41,3.49,3.49,3.61,0000000000001917
117,2024-01-25 00:00:00,6,,2,6061,D4,78*7.0,78*7.0,77.61,77.77,78.09,78.13,77.93,78.09,77.59,77.75,78.09,77.12,78.11,78.17,77.78,77.87,78.11,78.18,78.12,78.15,77.35,77.46,78.02,78.08,78.15,78.2,77.74,77.81,78.12,78.19,78.08,78.14,77.66,77.82,78.11,78.16,78.05,78.16,6.88,7.11,6.77,7.05,7.06,7.11,6.9,7.09,6.98,7.06,6.92,7.05,7.01,7.08,6.99,7.13,7.0,7.07,6.99,7.07,6.87,6.95,7.1,7.17,6.94,7.06,6.89,6.96,6.94,7.03,6.93,7.05,7.07,7.15,6.91,6.99,0000000000001918
118,2024-01-25 00:00:00,7,,3,6061,G1,100*2.5,100*2.5,99.98,100.08,99.84,99.95,99.9,100.03,99.97,100.05,99.89,99.98,99.88,99.94,99.89,99.99,100.03,100.11,99.79,99.9,99.92,99.98,99.94,100.05,99.99,100.11,99.94,100.05,99.73,99.86,99.97,100.06,99.91,100.03,99.89,99.98,99.83,99.94,2.51,2.58,2.56,2.65,2.62,2.69,2.58,2.62,2.55,2.63,2.65,2.72,2.59,2.64,2.56,2.61,2.56,2.65,2.49,2.56,2.47,2.56,2.65,2.71,2.59,2.66,2.56,2.7,2.58,2.65,2.61,2.69,2.48,2.57,2.53,2.59,0000000000001919
119,2024-01-29 00:00:00,1,,1,6061,B19,35*2.8,35*2.8,35.03,35.11,35.08,35.16,34.88,35.01,35.05,35.12,34.97,35.05,34.98,35.06,3498.0,35.05,35.0,35.08,34.83,34.95,35.02,35.1,35.01,35.11,35.01,35.12,35.07,35.15,35.03,35.15,35.0,35.08,34.99,35.06,34.99,35.08,34.97,35.07,2.67,2.82,2.69,2.75,2.71,2.8,2.68,2.73,2.78,2.83,2.73,2.83,2.67,2.79,2.68,2.76,2.71,2.82,2.65,2.76,2.65,2.77,2.8,2.86,2.68,2.75,2.7,2.78,2.64,2.73,2.65,2.73,2.66,2.73,2.75,2.86,000000000000191a
120,2024-01-29 00:00:00,2,,7,6061,B16,42*2.5,42*2.5,42.01,42.09,42.06,42.12,42.12,42.2,42.07,42.16,42.05,42.13,42.18,42.24,42.11,42.19,42.08,42.17,42.1,42.18,42.03,42.12,42.05,42.16,42.13,42.2,42.11,42.18,42.1,42.17,42.09,42.16,42.1,42.16,42.08,42.18,42.06,42.15,2.38,2.49,2.45,2.53,2.4,2.5,2.4,2.49,2.42,2.49,2.42,2.53,2.46,2.57,2.41,2.52,2.5,2.57,2.42,2.51,2.46,2.53,2.41,2.53,2.39,2.52,2.43,2.51,2.4,2.49,2.41,2.55,2.42,2.5,2.46,2.55,000000000000191b
121,2024-01-29 00:00:00,4,,1,7075,D11,38.1*3.0,38.1*3.0,38.04,38.15,38.05,38.16,37.72,37.88,38.09,38.18,38.1,38.18,37.7,37.81,38.06,38.16,38.09,38.15,37.77,37.89,38.05,38.11,38.08,38.16,37.88,37.95,38.09,38.18,38.1,38.17,37.79,37.96,38.05,38.11,38.05,38.12,37.75,37.89,2.96,3.01,2.87,2.96,2.89,2.96,2.91,2.99,2.89,2.98,2.89,3.0,2.94,3.03,2.97,3.05,2.88,2.98,3.01,3.08,2.9,2.98,2.92,3.03,2.84,2.9,2.93,3.02,2.88,2.93,2.89,3.01,2.93,3.03,2.94,3.08,000000000000191c
122,2024-01-29 00:00:00,5,,7,6061,B9,57*3.0,57*3.0,57.09,57.16,57.02,57.13,59.68,57.08,57.11,57.17,57.02,57.12,57.11,57.15,57.01,57.11,57.01,57.09,56.95,57.12,56.97,57.06,57.06,57.11,56.89,56.98,57.06,57.12,56.98,57.06,57.03,57.14,57.07,57.12,57.08,57.15,56.9,56.99,2.95,3.06,2.93,3.03,2.91,3.0,2.98,3.08,2.92,3.04,2.89,2.95,2.84,2.96,2.98,3.08,2.92,3.06,2.93,3.05,2.97,3.05,2.97,3.09,2.85,2.98,2.93,3.03,2.96,3.08,2.86,2.92,2.96,3.05,2.94,3.0,000000000000191d
123,2024-01-29 00:00:00,7,,2,6061,D35,77*7.5,65.7*56.75,76.86,76.9,77.04,77.16,76.85,76.92,76.98,77.06,77.03,77.1,76.83,76.95,77.01,77.07,76.84,76.9,76.81,76.9,76.84,76.9,77.06,77.17,76.87,76.92,76.92,77.13,77.05,77.14,77.02,77.11,76.88,77.95,76.97,77.11,76.98,77.13,7.36,7.45,7.4,7.49,7.31,7.45,7.46,7.51,7.42,7.52,7.43,7.5,7.45,7.55,7.34,7.46,7.4,7.56,7.37,7.48,7.36,7.45,7.38,7.47,7.35,7.47,7.38,7.47,7.39,7.48,7.41,7.5,7.41,7.53,7.44,7.55,000000000000191e
124,2024-01-30 00:00:00,1,,1,6061,A17,35*2.8,35*2.8,35.05,35.11,35.03,35.12,35.01,35.09,35.06,35.15,35.03,35.13,35.05,35.11,35.01,35.09,35.02,35.08,35.09,35.17,35.06,35.14,35.01,35.1,35.08,35.16,35.1,35.09,35.03,35.12,35.06,35.1,35.02,35.1,35.03,35.13,35.05,35.13,2.76,2.82,2.71,2.79,2.8,2.87,2.66,2.75,2.72,2.81,2.78,2.87,2.73,2.83,2.72,2.83,2.78,2.86,2.75,2.86,2.7,2.78,2.69,2.75,2.71,2.8,2.69,2.85,2.81,2.89,2.68,2.78,2.68,2.83,2.78,2.84,000000000000191f
125,2024-01-30 00:00:00,2,,7,6061,B16,42*2.5,42*2.5,42.06,42.11,42.03,42.12,42.13,42.19,42.09,42.18,42.1,42.2,42.09,42.15,42.03,42.09,42.05,42.15,42.12,42.23,42.05,42.12,42.04,42.16,42.15,42.26,42.07,42.17,42.05,42.17,42.07,42.18,42.02,42.47,42.11,42.19,42.13,42.25,2.43,2.5,2.46,2.52,2.48,2.57,2.45,2.56,2.47,2.58,2.5,2.59,2.42,2.48,2.47,2.58,2.48,2.6,2.4,2.49,2.44,2.56,2.44,2.52,2.45,2.5,2.43,2.53,2.42,2.51,2.43,2.49,2.4,2.5,2.46,2.58,0000000000001920
126,2024-01-30 00:00:00,4,,1,7075,B11,38.1*3.3,38.1*3.3,38.05,38.11,38.1,38.16,37.74,37.98,38.04,38.1,38.09,38.12,37.68,37.78,38.09,38.13,38.06,35.13,37.9,38.09,38.09,38.1,38.1,38.19,37.82,38.08,38.08,38.12,38.11,38.16,37.85,38.09,38.06,38.12,38.09,38.15,37.75,37.96,3.24,3.34,3.21,3.29,3.25,3.3,3.21,3.31,3.22,3.29,3.24,3.33,3.26,3.33,3.29,3.36,3.21,3.31,3.26,3.32,3.22,3.33,3.31,3.37,3.26,3.34,3.23,3.31,3.25,3.35,3.28,3.38,3.21,3.3,3.2,3.28,0000000000001921
127,2024-01-30 00:00:00,5,,2,6061,D13,78*7.0,78*7.0,77.92,78.0,77.89,77.95,77.87,77.9,77.97,78.06,77.87,77.9,77.91,78.01,77.93,78.01,77.94,78.0,77.92,78.03,77.35,77.53,76.58,76.73,77.89,77.95,77.3,77.45,77.65,76.78,77.93,78.05,77.38,77.46,77.63,77.7,77.95,78.09,6.9,7.04,6.84,6.92,6.95,7.04,6.91,7.01,6.98,7.05,6.98,7.09,6.96,7.05,6.98,7.04,6.86,6.98,6.81,6.93,6.83,6.99,6.81,6.93,6.8,6.88,6.81,6.9,6.79,6.9,6.83,6.9,6.83,6.92,6.83,6.95,0000000000001922
128,2024-01-30 00:00:00,7,,2,6061,D35,77*7.5,65.7*56.75,76.87,76.93,76.9,76.97,76.89,76.93,76.88,76.95,76.99,77.05,76.86,76.9,76.88,76.98,76.98,77.08,76.87,76.9,0.0,0.0,0.0,0.0,0.0,0.0,0.0,0.0,0.0,0.0,0.0,0.0,0.0,0.0,0.0,0.0,0.0,0.0,7.35,7.42,7.42,7.55,7.38,7.47,7.36,7.49,7.33,7.45,7.36,7.4,7.5,7.57,7.32,7.45,7.43,7.53,0.0,0.0,0.0,0.0,0.0,0.0,0.0,0.0,0.0,0.0,0.0,0.0,0.0,0.0,0.0,0.0,0.0,0.0,0000000000001923
129,2024-01-30 00:00:00,7,,17,6061,C4,120*6.0,120*6.0,119.96,120.06,119.69,119.75,119.71,119.81,119.95,120.0,119.7,119.83,119.68,119.79,119.86,119.93,119.89,119.95,119.93,120.03,0.0,0.0,0.0,0.0,0.0,0.0,0.0,0.0,0.0,0.0,0.0,0.0,0.0,0.0,0.0,0.0,0.0,0.0,2.9,2.96,6.1,6.14,6.05,6.12,6.02,6.1,5.92,6.06,6.0,6.08,6.05,6.13,5.89,6.0,5.95,6.06,0.0,0.0,0.0,0.0,0.0,0.0,0.0,0.0,0.0,0.0,0.0,0.0,0.0,0.0,0.0,0.0,0.0,0.0,0000000000001924
130,2024-01-31 00:00:00,1,,1,6061,A17,35*2.8,35*2.8,35.04,35.11,35.05,35.13,35.15,35.24,35.09,35.15,35.08,35.18,35.07,35.12,35.02,35.09,35.04,35.1,35.05,35.11,35.01,35.07,35.02,35.09,35.07,35.18,35.02,35.09,35.01,35.08,35.1,35.15,35.04,35.1,35.08,35.15,35.09,35.13,2.72,2.77,2.69,2.78,2.74,2.81,2.78,2.82,2.73,2.8,2.73,2.82,2.69,2.75,2.71,2.8,2.71,2.8,2.68,2.72,2.7,2.79,2.75,2.85,2.7,2.78,2.77,2.83,2.76,2.88,2.77,2.81,2.67,2.77,2.72,2.79,0000000000001925
131,2024-01-31 00:00:00,2,,7,6061,B17,38.1*2.8,38.1*2.8,37.92,38.08,37.97,38.11,38.13,38.18,37.95,38.15,37.94,38.1,38.1,38.16,38.01,38.17,37.93,38.09,38.11,38.16,38.07,38.15,38.07,38.13,38.07,38.13,37.94,38.06,38.08,38.15,38.11,38.17,38.01,38.08,37.94,38.05,38.13,38.17,2.74,2.84,2.8,2.88,2.67,2.75,2.77,2.83,2.74,2.87,2.7,2.78,2.75,2.8,2.76,2.81,2.67,2.7,2.79,2.88,2.77,3.83,2.72,2.85,2.8,2.87,2.75,2.88,2.69,2.73,2.73,2.81,2.73,2.81,2.75,2.83,0000000000001926
132,2024-01-31 00:00:00,4,,1,6066,B2,40*3.2,40*3.2,39.98,40.06,40.08,40.12,40.09,40.16,39.99,40.07,40.14,40.21,40.05,40.11,40.02,40.07,40.05,40.1,40.1,40.18,39.96,40.06,40.05,40.11,40.08,40.15,39.93,40.08,40.03,40.09,40.05,40.13,40.03,40.12,40.04,40.1,40.18,40.2,3.2,3.27,3.2,3.28,3.16,3.24,3.19,3.24,3.17,3.26,3.22,3.32,3.18,3.29,3.15,3.25,3.18,3.26,3.2,3.27,3.13,3.24,3.16,3.24,3.22,3.29,3.12,3.22,3.17,3.33,3.23,3.28,3.15,3.28,3.14,3.28,0000000000001927
133,2024-01-31 00:00:00,5,,2,6061,D13,78*7.0,66.7*59,76.89,77.08,78.05,78.1,77.91,78.02,76.92,77.09,78.03,78.09,77.95,78.05,77.78,77.85,77.98,78.08,77.9,78.04,77.75,77.83,78.05,78.1,77.89,77.95,76.81,76.93,78.0,78.08,77.81,77.9,76.83,76.91,78.01,78.07,77.8,77.9,7.13,7.18,6.82,6.93,6.96,7.09,7.08,7.14,6.97,7.05,6.8,7.01,6.87,7.06,6.87,7.0,6.87,7.02,6.96,7.05,6.89,6.93,6.94,7.05,6.98,7.07,6.9,7.0,6.82,6.93,6.91,7.08,6.88,6.91,6.87,6.98,0000000000001928
134,2024-01-31 00:00:00,7,,2,6061,D37,90*8.0,80*70,89.77,89.88,89.81,89.89,90.01,90.06,89.75,89.87,89.76,89.85,89.97,90.02,89.83,89.9,89.77,89.9,89.84,89.9,89.8,89.91,89.8,89.91,89.81,89.89,89.78,89.9,89.84,89.93,89.98,90.07,89.8,89.9,89.95,90.05,89.87,89.98,7.78,7.87,7.81,7.89,7.87,7.92,7.87,7.96,7.75,7.85,7.75,7.89,7.92,8.01,7.75,8.05,7.74,7.86,7.86,7.91,7.89,7.99,7.87,7.96,7.87,7.95,7.9,8.04,7.8,7.93,7.8,7.98,7.99,8.08,7.76,7.85,0000000000001929
135,2024-02-01 00:00:00,1,,3,6061,A17,19*1.6,19*1.6,19.08,19.13,19.1,19.15,19.12,19.17,19.09,19.14,19.1,19.14,19.13,19.2,19.05,19.1,19.06,19.12,19.11,19.16,19.03,19.08,19.1,19.13,19.13,19.22,19.07,19.15,19.09,19.15,19.05,19.1,19.16,19.2,19.14,19.18,19.15,19.19,1.53,1.6,1.54,1.61,1.54,1.64,1.6,1.67,1.55,1.64,1.45,1.55,1.6,1.68,1.55,1.58,1.55,1.69,1.52,1.58,1.57,1.66,1.53,1.6,1.54,1.62,1.58,1.62,1.58,1.63,1.53,1.63,1.51,1.57,1.52,1.58,000000000000192a
136,2024-02-01 00:00:00,2,,19,6061,B15/B17,38*2.7,38*2.7,38.02,38.04,38.01,38.05,38.05,38.11,37.97,38.05,38.04,38.13,38.09,38.14,38.1,38.15,38.05,38.1,38.1,38.18,0.0,0.0,0.0,0.0,0.0,0.0,0.0,0.0,0.0,0.0,0.0,0.0,0.0,0.0,0.0,0.0,0.0,0.0,2.66,2.73,2.68,2.76,2.65,2.73,2.63,2.72,2.62,2.71,2.66,2.78,2.67,2.77,2.65,2.73,2.64,2.75,0.0,0.0,0.0,0.0,0.0,0.0,0.0,0.0,0.0,0.0,0.0,0.0,0.0,0.0,0.0,0.0,0.0,0.0,000000000000192b
137,2024-02-01 00:00:00,2,,3,6061,,35*2.85,35*2.85,35.05,35.12,35.01,35.07,35.04,35.15,35.0,35.09,34.99,35.09,35.07,35.13,35.02,35.1,34.96,35.03,35.04,35.13,0.0,0.0,0.0,0.0,0.0,0.0,0.0,0.0,0.0,0.0,0.0,0.0,0.0,0.0,0.0,0.0,0.0,0.0,2.77,2.83,2.72,2.8,2.77,2.8,2.74,2.79,2.78,2.82,2.78,2.88,2.75,2.85,2.73,2.81,2.74,2.79,0.0,0.0,0.0,0.0,0.0,0.0,0.0,0.0,0.0,0.0,0.0,0.0,0.0,0.0,0.0,0.0,0.0,0.0,000000000000192c
138,2024-02-01 00:00:00,4,,1,6066,B2,40*2.0,40*2.0,40.0,40.06,40.07,40.14,40.04,40.13,39.96,40.01,40.01,40.06,40.11,40.16,39.75,39.88,40.14,40.2,40.09,40.15,39.78,39.87,40.09,40.16,40.07,40.13,39.96,40.02,40.07,40.15,40.15,40.2,40.06,40.16,40.09,40.18,40.09,40.13,3.25,3.29,3.13,3.19,3.13,3.23,3.14,3.22,3.17,3.25,3.15,3.25,3.2,3.29,3.22,3.29,3.28,3.35,3.26,3.32,3.18,3.24,3.15,3.21,3.29,3.33,3.15,3.22,3.16,3.23,3.27,3.35,3.11,3.2,3.13,3.22,000000000000192d
139,2024-02-01 00:00:00,5,,2,6061,D12,78*7.0,66.7*59,77.89,78.02,76.88,76.97,78.02,78.1,77.88,77.99,76.92,77.05,77.95,78.06,77.95,78.08,76.85,76.95,77.93,78.0,78.02,78.09,76.94,77.09,77.94,78.02,78.01,78.06,76.87,76.95,78.01,78.06,78.04,78.1,76.8,76.89,77.94,78.03,6.85,6.97,7.05,7.12,6.81,6.98,6.87,6.93,7.06,7.14,6.78,6.83,6.87,6.91,7.13,7.18,6.87,6.93,6.85,6.91,6.96,7.06,6.85,6.91,6.89,6.99,6.95,7.05,6.72,6.88,6.87,6.95,6.92,7.03,6.89,6.96,000000000000192e
140,2024-02-01 00:00:00,7,,2,6061,D35,78*7.0,66.7*59,78.02,78.09,77.95,78.06,78.09,78.13,77.95,78.06,78.03,78.1,78.0,78.07,78.0,78.07,78.02,78.1,77.91,78.05,78.06,78.12,78.03,78.08,77.89,77.95,78.05,78.13,78.0,78.06,77.86,77.93,78.03,78.11,77.95,78.05,77.91,78.03,6.87,6.95,7.0,7.06,6.97,7.02,6.94,7.05,6.97,7.07,6.82,6.91,6.89,6.98,6.92,7.05,6.88,6.95,6.86,6.91,6.96,7.08,6.85,6.9,6.84,6.9,6.77,6.83,6.87,6.93,6.88,6.98,6.75,6.85,6.83,6.9,000000000000192f
141,2024-02-02 00:00:00,1,,3,6061,A15,19*1.6,19*1.6,19.14,19.17,19.09,19.13,19.11,19.15,19.1,19.14,19.07,19.11,19.1,19.13,19.08,19.11,19.12,19.18,19.09,19.16,19.13,19.17,19.1,19.14,19.13,19.18,19.09,19.14,19.12,19.17,19.12,19.15,19.1,19.13,19.11,19.13,19.11,19.14,1.53,1.63,1.55,1.64,1.56,1.65,1.51,1.58,1.53,1.61,1.54,1.62,1.57,1.66,1.55,1.65,1.52,1.62,1.58,1.66,1.51,1.58,1.57,1.67,1.59,1.68,1.5,1.57,1.58,1.65,1.56,1.6,1.53,1.63,1.53,1.62,0000000000001930
142,2024-02-02 00:00:00,2,,3,6061,B17,35*2.85,35*2.85,35.03,35.08,35.05,35.13,35.02,35.1,35.03,35.07,35.02,35.09,35.05,35.15,34.95,35.03,35.04,35.14,34.95,35.08,35.07,35.11,35.06,35.16,35.01,35.06,35.05,35.15,35.03,35.12,35.0,35.05,35.09,35.18,35.05,35.14,35.01,35.07,2.69,2.83,2.8,2.88,2.76,2.83,2.82,2.88,2.76,2.89,2.78,2.84,2.84,2.89,2.73,2.84,2.8,2.85,2.75,2.86,2.7,2.8,2.79,2.86,2.72,2.81,2.79,2.89,2.87,2.91,2.84,2.88,2.77,2.83,2.75,2.9,0000000000001931
143,2024-02-02 00:00:00,4,,1,7075,B11,38.1*3.3,38.1*3.3,38.06,38.11,38.09,38.15,37.75,37.88,38.09,38.15,38.09,38.17,37.8,37.89,38.11,38.19,38.12,38.19,37.89,38.02,38.1,38.15,38.12,38.18,37.78,37.9,38.02,38.08,38.11,38.15,37.88,37.94,38.06,38.14,38.08,38.14,37.9,37.98,3.29,3.35,3.21,3.28,3.32,3.38,3.24,3.3,3.26,3.3,3.22,3.29,3.27,3.33,3.25,3.31,3.27,3.35,3.22,3.28,3.3,3.35,3.17,3.24,3.3,3.37,3.24,3.3,3.34,3.4,3.21,3.27,3.23,3.28,3.24,3.31,0000000000001932
144,2024-02-02 00:00:00,5,,3,6061,B9,58*9.0,58*9.0,57.29,57.36,57.95,58.07,58.06,58.15,57.37,57.59,57.98,58.14,58.0,58.1,57.34,57.48,57.96,58.09,58.02,58.07,0.0,0.0,0.0,0.0,0.0,0.0,0.0,0.0,0.0,0.0,0.0,0.0,0.0,0.0,0.0,0.0,0.0,0.0,9.2,9.29,8.91,9.14,9.01,9.13,9.17,9.23,8.9,9.1,8.94,9.08,9.12,9.19,8.82,8.9,8.98,9.06,0.0,0.0,0.0,0.0,0.0,0.0,0.0,0.0,0.0,0.0,0.0,0.0,0.0,0.0,0.0,0.0,0.0,0.0,0000000000001933
145,2024-02-02 00:00:00,5,,7,6061,B18,50.8*2.4,50.8*2.4,50.94,51.05,50.87,51.03,50.98,51.03,50.87,50.95,50.86,50.9,50.88,51.01,50.81,50.92,50.57,50.91,50.83,51.0,0.0,0.0,0.0,0.0,0.0,0.0,0.0,0.0,0.0,0.0,0.0,0.0,0.0,0.0,0.0,0.0,0.0,0.0,2.38,2.41,2.36,2.42,2.27,2.38,2.33,2.46,2.32,2.39,2.3,2.39,2.31,2.45,2.35,2.41,2.29,2.37,0.0,0.0,0.0,0.0,0.0,0.0,0.0,0.0,0.0,0.0,0.0,0.0,0.0,0.0,0.0,0.0,0.0,0.0,0000000000001934
146,2024-02-02 00:00:00,7,,2,6061,C4,110*4.5,110*4.5,110.03,110.09,110.02,110.06,110.09,110.14,110.04,110.11,110.09,110.15,110.08,110.15,110.05,110.1,110.01,110.06,110.12,110.18,109.8,109.89,109.78,109.89,110.08,110.12,109.22,109.29,109.8,109.93,110.1,110.15,109.46,109.58,109.71,109.8,110.12,110.17,4.45,4.5,4.45,4.53,4.41,4.49,4.58,4.62,4.55,4.61,4.46,4.51,4.48,4.51,4.53,4.6,4.48,4.58,4.46,4.55,4.41,4.48,4.59,4.67,4.38,4.42,4.47,4.51,4.55,4.6,4.39,4.45,4.49,4.55,4.59,4.64,0000000000001935
147,2024-02-05 00:00:00,1,,1,6061,A15,35*2.5,35*2.5,35.06,35.15,35.07,35.18,35.09,35.15,35.0,35.06,35.05,35.11,35.08,35.16,34.97,35.04,35.02,35.09,35.03,35.14,35.12,35.19,34.96,35.02,34.98,35.06,34.96,35.02,34.99,35.06,34.97,35.03,34.99,35.08,35.04,35.11,35.03,35.09,2.45,2.55,2.42,2.48,2.48,2.53,2.47,2.57,2.45,2.53,2.56,2.61,2.5,2.58,2.43,2.5,2.44,2.5,2.47,2.58,2.46,2.55,2.47,2.53,2.41,2.49,2.43,2.5,2.46,2.51,2.45,2.52,2.44,2.53,2.48,2.57,0000000000001936
148,2024-02-05 00:00:00,2,,3,6061,B17,35*2.85,35*2.85,35.02,35.08,35.01,35.07,35.02,35.09,34.98,35.09,35.03,35.1,35.0,35.07,35.0,35.1,35.07,35.14,35.03,35.1,34.99,35.06,34.97,35.05,35.04,35.12,34.97,35.05,35.01,35.05,35.05,35.14,34.99,35.08,35.0,35.06,35.07,35.16,2.75,2.88,2.72,2.81,2.69,2.81,2.72,2.83,2.7,2.78,2.73,2.82,2.65,2.76,2.62,2.73,2.75,2.86,2.74,2.86,2.69,2.75,2.71,2.8,2.75,2.89,2.65,2.78,2.7,2.79,2.73,2.84,2.63,2.76,2.72,2.81,0000000000001937
149,2024-02-05 00:00:00,4,,1,7075,B11,38.1*3.3,38.1*3.3,38.1,38.15,38.14,38.24,37.84,37.93,38.03,38.08,38.1,38.14,37.89,37.97,38.09,38.13,38.14,38.15,37.83,37.9,38.12,38.18,38.05,38.1,37.85,37.92,38.1,38.17,38.1,38.15,37.9,38.03,38.11,38.19,38.09,38.13,37.85,37.92,3.19,3.25,3.23,3.29,3.29,3.35,3.25,3.31,3.22,3.27,3.22,3.29,3.27,3.35,3.24,3.32,3.2,3.28,3.24,3.33,3.25,3.3,3.27,3.35,3.23,3.28,3.2,3.28,3.28,3.32,3.28,3.33,3.25,3.33,3.26,3.34,0000000000001938
150,2024-02-05 00:00:00,5,,24,6061,B9,84.5*1.25,84.5*1.25,83.84,83.95,83.77,83.88,83.78,83.84,83.77,83.9,84.01,84.09,83.93,84.03,83.88,83.97,84.07,84.13,84.1,84.16,83.96,84.07,83.85,83.93,83.77,83.89,84.07,84.13,84.02,84.08,84.11,84.18,84.09,84.16,84.05,84.11,84.09,84.15,1.17,1.25,1.18,1.24,1.23,1.28,1.16,1.23,1.15,1.21,1.25,1.31,1.18,1.27,1.18,1.25,1.22,1.28,1.28,1.32,1.21,1.27,1.25,1.31,1.2,1.26,1.23,1.3,1.19,1.24,1.22,1.28,1.25,1.32,1.26,1.34,0000000000001939
151,2024-02-05 00:00:00,6,,2,6061,D6,78*7.0,78*7.0,77.61,77.87,78.02,78.07,77.87,78.12,77.78,78.05,78.01,78.1,78.07,78.15,77.72,77.89,78.02,78.11,78.05,78.13,77.86,78.05,78.04,78.12,78.11,78.18,77.81,77.9,78.05,78.12,78.08,78.13,77.76,77.85,78.06,78.13,78.11,78.17,7.0,7.07,6.99,7.1,7.03,7.13,6.87,6.92,6.92,7.05,7.08,7.11,6.88,6.95,6.98,7.07,6.97,7.08,6.97,7.06,7.0,7.08,6.98,7.08,6.96,7.07,6.85,7.01,7.03,7.1,6.91,7.02,6.8,6.92,7.05,7.15,000000000000193a
152,2024-02-05 00:00:00,7,,3,6061,C4,110*4.5,110*4.5,109.94,110.04,109.99,110.04,109.8,109.91,110.03,110.08,109.97,110.02,109.9,109.98,110.04,110.09,110.01,110.05,109.98,110.05,109.97,110.03,110.05,110.1,109.71,109.85,109.97,110.05,110.03,110.09,109.75,109.8,109.98,110.06,110.0,110.05,109.93,109.99,4.42,4.52,4.43,4.48,4.49,4.58,4.47,4.56,4.45,4.51,4.45,4.59,4.5,4.57,4.42,4.48,4.44,4.51,4.51,4.56,4.44,4.53,4.42,4.5,4.41,4.49,4.5,4.57,4.44,4.53,4.43,4.52,4.49,4.59,4.43,4.5,000000000000193b
153,2024-02-06 00:00:00,1,,1,6061,A17,35*2.5,35*2.5,34.98,35.03,35.08,35.13,34.89,34.94,35.08,35.15,35.04,35.1,34.98,35.04,35.02,35.08,35.07,35.16,35.06,35.11,35.03,35.11,35.09,35.17,34.98,35.03,35.05,35.15,35.04,35.09,34.97,35.02,35.07,35.12,35.02,35.08,34.99,35.1,2.43,2.49,2.5,2.55,2.49,2.57,2.49,2.54,2.47,2.52,2.48,2.55,2.42,2.49,2.5,2.56,2.52,2.57,2.41,2.48,2.44,2.5,2.54,2.62,2.45,2.5,2.49,2.53,2.57,2.64,2.42,2.49,2.45,2.52,2.59,2.66,000000000000193c
154,2024-02-06 00:00:00,2,,3,6061,B17,35*2.85,35*2.85,35.05,35.11,35.03,35.09,35.09,35.2,35.07,35.14,35.08,35.15,35.05,35.1,35.08,35.13,35.03,35.1,35.02,35.07,35.02,35.09,35.0,35.06,35.03,35.08,35.03,35.11,35.06,35.17,35.1,35.21,35.04,35.1,35.08,35.2,35.04,35.09,2.74,2.8,2.8,2.87,0.0,0.0,2.81,2.88,2.75,2.84,0.0,0.0,2.75,2.81,2.78,2.86,0.0,0.0,2.67,2.73,2.68,2.77,0.0,0.0,2.78,2.84,2.69,2.79,0.0,0.0,2.76,2.86,2.79,2.85,0.0,0.0,000000000000193d
155,2024-02-06 00:00:00,4,,1,7075,B11,38.1*3.3,38.1*3.3,38.04,38.1,38.03,38.11,38.11,38.16,38.05,38.12,38.1,38.15,38.05,38.12,38.01,38.08,38.06,38.11,37.86,37.96,38.03,38.1,38.02,38.07,38.11,38.19,38.08,38.13,38.07,38.1,38.0,38.06,38.09,38.15,38.12,38.18,37.93,38.03,3.28,3.33,3.21,3.28,3.22,3.31,3.21,3.27,3.28,3.32,3.23,3.31,3.25,3.33,3.21,3.3,3.27,3.38,3.28,3.37,3.23,3.28,3.26,3.37,3.25,3.31,3.29,3.34,3.21,3.28,3.29,3.39,3.19,3.25,3.2,3.26,000000000000193e
156,2024-02-06 00:00:00,5,,26,6061,B23,62*13.5,62*13.5,61.91,61.99,61.91,61.98,61.89,61.95,61.88,61.91,61.97,62.06,61.9,61.98,62.02,62.08,61.81,61.9,62.03,62.09,62.04,62.1,61.8,61.89,62.0,62.08,62.07,62.12,61.88,61.95,62.03,62.11,61.97,62.0,61.9,61.98,62.0,62.06,13.31,13.49,13.23,13.39,13.28,13.33,13.39,13.51,13.28,13.42,13.27,13.35,13.31,13.43,13.3,13.43,13.51,13.57,13.32,13.44,13.31,13.39,13.49,13.52,13.41,13.5,13.36,13.46,13.53,13.57,13.48,13.53,13.3,13.4,13.26,13.35,0000000000001881
157,2024-02-06 00:00:00,6,,2,6061,D49,72*8.5,58*45.7,77.29,77.35,78.08,78.16,78.09,78.15,77.33,77.51,78.02,78.08,78.06,78.13,77.25,77.33,78.01,78.06,78.16,78.21,77.29,77.37,78.05,78.12,78.11,78.18,77.69,77.8,78.02,78.08,78.1,78.17,77.78,77.89,78.05,78.11,78.16,78.25,7.05,7.12,6.91,7.05,7.0,7.06,6.96,7.03,6.89,6.96,6.99,7.06,7.0,7.1,6.92,7.01,6.98,7.03,6.88,7.04,6.99,7.04,6.99,7.06,7.01,7.07,6.91,7.05,7.03,7.1,6.99,7.08,7.0,7.09,6.97,7.16,0000000000001882
158,2024-02-06 00:00:00,7,,3,6061,C3,110*4.5,110*4.5,110.02,110.07,110.03,110.11,109.98,110.04,110.0,110.06,109.73,109.8,109.93,110.01,109.82,109.91,109.97,110.02,109.95,110.03,109.99,110.05,109.85,109.93,109.99,110.06,110.08,110.13,109.98,110.05,109.75,109.82,109.84,109.9,109.9,109.98,109.88,109.94,4.47,4.52,4.48,4.52,4.53,4.65,4.53,4.59,4.49,4.55,4.5,4.58,4.5,4.56,4.41,4.48,4.49,4.54,4.46,4.51,4.42,4.47,4.39,4.45,4.45,4.5,4.44,4.5,4.4,4.47,4.46,4.53,4.43,4.48,4.43,4.51,0000000000001883
159,2024-02-19 00:00:00,1,,1,6061,A17,35*2.5,35*2.5,35.03,35.1,35.04,35.12,35.01,35.06,35.07,35.14,35.06,35.13,34.88,34.94,35.02,35.09,35.03,35.1,34.98,35.04,35.1,35.16,35.05,35.11,35.08,35.17,35.1,35.15,35.07,35.13,35.06,35.15,35.01,35.1,35.07,35.14,34.88,34.95,2.45,2.5,2.5,2.56,2.52,2.58,2.47,2.56,2.43,2.49,2.56,2.63,2.41,2.49,2.47,2.52,2.5,2.6,2.43,2.48,2.48,2.55,2.43,2.49,2.46,2.53,2.44,2.5,2.41,2.47,2.42,2.5,2.41,2.49,2.5,2.58,0000000000001884
160,2024-02-19 00:00:00,2,,3,6061,B17,44*2.5,44*2.5,43.9,44.03,44.03,44.09,44.14,44.2,44.08,44.14,43.97,44.03,43.85,43.92,43.76,43.89,43.95,44.01,43.9,43.98,44.04,44.09,44.09,44.11,44.07,44.15,44.07,44.13,44.16,44.21,44.12,44.19,44.05,44.1,44.1,44.18,44.1,44.15,2.42,2.5,2.47,2.52,2.43,2.49,2.47,2.54,2.38,2.44,2.45,2.51,2.45,2.53,2.4,2.48,2.42,2.48,2.41,2.47,2.42,2.51,2.4,2.47,2.47,2.51,2.48,2.55,2.36,2.44,2.42,2.49,2.45,2.56,2.39,2.46,0000000000001885
161,2024-02-19 00:00:00,4,,1,7075,B11,38.1*3.3,38.1*3.3,38.08,38.12,38.05,38.1,37.8,37.89,38.07,38.11,38.11,38.15,37.78,37.85,38.08,38.16,38.12,38.18,37.96,38.05,38.1,38.18,38.11,38.16,37.82,37.89,38.02,38.08,38.13,38.2,37.78,37.85,38.09,38.18,38.01,38.09,38.12,38.21,3.25,3.3,3.22,3.29,3.2,3.26,3.24,3.32,3.27,3.32,3.24,3.29,3.29,3.35,3.24,3.3,3.22,3.28,3.27,3.33,3.22,3.28,3.21,3.29,3.24,3.3,3.19,3.25,3.23,3.28,3.2,3.28,3.27,3.35,3.2,3.3,0000000000001886
162,2024-02-19 00:00:00,5,,26,6061,B23,62*13.5,62*13.5,61.92,62.0,61.98,62.05,61.88,61.9,61.83,61.9,62.02,62.09,61.97,62.03,61.92,61.98,62.05,62.12,61.9,61.98,61.89,61.95,61.97,62.03,61.97,62.03,61.85,61.92,62.0,62.06,61.89,61.98,61.92,62.05,61.98,62.05,62.03,62.09,13.37,13.43,13.44,13.5,13.38,13.44,13.46,13.51,13.48,13.53,13.34,13.41,13.35,13.41,13.45,13.5,13.41,13.48,13.37,13.47,13.4,13.47,13.42,13.49,13.4,13.47,13.46,13.51,13.39,13.45,13.42,13.49,13.47,13.54,13.4,13.46,0000000000001887
163,2024-02-19 00:00:00,6,,2,6061,D49,78*7.0,66.7*59,77.41,77.61,77.93,78.07,78.08,78.14,77.85,77.93,78.02,78.1,78.05,78.12,77.76,77.83,77.98,78.05,78.15,78.21,77.88,77.95,78.08,78.15,78.04,78.1,77.93,78.02,78.05,78.15,78.08,78.15,77.98,78.05,78.0,78.09,78.03,78.09,7.09,7.19,6.93,7.01,6.9,6.98,7.01,7.1,6.98,7.09,6.97,7.05,7.05,7.13,6.84,6.93,6.93,6.98,6.98,7.06,6.9,6.97,7.01,7.08,7.05,7.16,6.93,7.01,6.82,6.9,7.04,7.12,6.87,6.9,6.9,7.0,0000000000001888
164,2024-02-19 00:00:00,7,,2,6061,D31,78*8.0,66.5*56.75,77.9,77.98,77.93,78.0,77.95,78.05,77.88,77.94,77.88,77.94,77.86,77.92,77.96,78.02,77.83,77.9,77.85,77.96,77.85,77.92,77.84,77.91,78.01,78.08,78.03,78.09,77.91,78.02,77.9,77.98,77.96,78.04,77.96,78.04,77.96,78.0,7.93,8.02,7.93,7.99,7.96,8.01,7.8,7.89,7.95,8.03,7.9,7.98,7.9,7.98,7.98,8.08,7.94,8.03,80.0,8.06,7.99,8.05,7.81,7.89,8.04,8.1,7.94,8.03,7.87,7.95,8.03,8.09,7.96,8.05,7.85,7.93,0000000000001889
165,2024-02-20 00:00:00,1,,1,6061,A17,35*2.8,35*2.8,35.05,35.11,35.05,35.1,35.04,35.08,35.03,35.08,35.06,35.11,35.08,35.13,35.07,35.15,35.02,35.08,35.03,35.09,35.04,35.12,35.05,35.12,35.1,35.16,35.08,35.15,35.06,35.14,35.05,35.1,34.98,35.05,35.02,35.09,35.03,35.09,2.75,2.83,2.73,2.8,2.76,2.82,2.7,2.79,2.72,2.78,2.81,2.85,2.69,2.7,2.7,2.77,2.77,2.82,2.67,2.73,2.74,2.83,2.78,2.84,2.77,2.83,2.68,2.75,2.67,2.78,2.66,2.77,2.77,2.84,2.68,2.76,000000000000188a
166,2024-02-20 00:00:00,2,,7,6061,B17,38.1*2.0,38.1*2.0,38.16,38.19,38.11,38.19,38.09,38.17,38.08,38.14,38.07,38.15,38.11,38.16,38.12,38.17,38.05,38.11,38.1,38.19,0.0,0.0,0.0,0.0,0.0,0.0,0.0,0.0,0.0,0.0,0.0,0.0,0.0,0.0,0.0,0.0,0.0,0.0,1.9,1.98,1.87,1.93,1.88,1.97,1.95,2.03,1.89,1.98,1.9,1.98,1.89,1.95,2.01,2.06,1.85,1.96,0.0,0.0,0.0,0.0,0.0,0.0,0.0,0.0,0.0,0.0,0.0,0.0,0.0,0.0,0.0,0.0,0.0,0.0,000000000000188b
167,2024-02-20 00:00:00,2,,7,6061,B17,38.1*2.0,38.1*2.0,38.16,38.19,38.11,38.19,383.09,38.17,38.08,38.14,38.07,38.15,38.11,38.16,38.12,38.17,38.05,38.11,38.1,38.19,0.0,0.0,0.0,0.0,0.0,0.0,0.0,0.0,0.0,0.0,0.0,0.0,0.0,0.0,0.0,0.0,0.0,0.0,1.9,1.98,1.87,1.93,1.88,1.97,1.95,2.03,1.89,1.98,1.9,1.98,1.89,1.95,2.01,2.06,1.85,1.96,0.0,0.0,0.0,0.0,0.0,0.0,0.0,0.0,0.0,0.0,0.0,0.0,0.0,0.0,0.0,0.0,0.0,0.0,000000000000188c
168,2024-02-20 00:00:00,2,,7,6061,B17,50.8*2.0,50.8*2.0,50.75,50.8,50.87,50.93,50.88,51.02,50.98,51.06,50.88,50.95,50.76,50.86,50.92,50.98,50.86,50.92,50.95,51.01,0.0,0.0,0.0,0.0,0.0,0.0,0.0,0.0,0.0,0.0,0.0,0.0,0.0,0.0,0.0,0.0,0.0,0.0,1.95,2.01,1.95,2.0,1.94,2.02,1.97,2.03,1.94,2.01,1.96,2.06,2.0,2.09,1.9,1.98,1.99,2.06,0.0,0.0,0.0,0.0,0.0,0.0,0.0,0.0,0.0,0.0,0.0,0.0,0.0,0.0,0.0,0.0,0.0,0.0,00000000000018a3
169,2024-02-20 00:00:00,4,,27,2014,B21,31*3.8,31*3.8,31.05,31.1,31.09,31.15,31.12,31.17,31.13,31.19,31.12,31.19,31.13,31.18,31.05,31.12,31.15,31.21,31.14,31.25,31.06,31.13,31.11,31.16,31.13,31.19,31.09,31.16,31.15,31.22,31.19,31.24,31.08,31.14,31.11,31.15,31.13,31.2,3.63,3.68,3.78,3.83,3.74,3.8,3.75,3.81,3.73,3.8,3.72,3.82,3.69,3.77,3.77,3.89,3.7,3.78,3.78,3.85,3.69,3.75,3.75,3.81,3.79,3.84,3.7,3.78,3.7,3.79,3.73,3.8,3.76,3.82,3.75,3.83,00000000000018a4
170,2024-02-20 00:00:00,5,,26,6061,B23,62*13.5,62*13.5,61.78,61.86,62.07,62.11,61.95,62.06,61.75,61.82,62.01,62.08,61.93,62.01,61.77,61.84,62.0,62.07,61.91,61.98,61.73,61.8,61.98,62.03,61.9,61.96,61.77,61.85,62.03,62.09,61.95,62.02,61.85,61.97,62.05,62.1,61.92,62.0,13.29,13.35,13.35,13.45,13.28,13.35,13.45,13.55,13.29,13.36,13.32,13.45,13.47,13.56,13.36,13.44,13.56,13.62,13.3,13.38,13.38,13.46,13.48,13.55,13.44,13.5,13.36,13.43,13.46,13.53,13.48,13.55,13.43,13.49,13.39,13.45,00000000000018a5
171,2024-02-20 00:00:00,6,,2,6061,D3,78*7.0,66.7*59,77.85,77.92,78.1,78.18,78.09,78.16,77.78,77.85,78.07,78.14,78.05,78.12,77.75,77.82,78.02,78.08,77.88,77.95,77.83,77.9,78.04,78.11,78.0,78.08,77.95,78.03,78.02,78.1,78.05,78.12,77.85,77.98,78.12,78.18,78.09,78.15,7.05,7.11,6.98,7.05,6.93,7.04,6.97,7.04,6.89,6.94,7.0,7.06,6.99,7.06,6.9,6.98,6.95,7.02,6.95,7.04,6.94,7.01,6.98,7.1,7.03,7.09,6.78,6.85,6.91,6.98,7.08,7.16,7.0,7.09,6.85,7.06,00000000000018a6
172,2024-02-20 00:00:00,7,,2,6061,D40,74*8.0,60*50.6,73.99,74.05,73.86,73.95,73.8,73.89,73.85,73.92,73.88,73.97,73.86,73.95,73.9,73.98,73.93,74.0,73.83,73.9,73.82,73.99,73.95,74.04,73.87,73.98,73.88,74.01,73.84,73.9,73.88,73.95,73.77,73.83,73.91,74.03,73.85,73.92,7.9,7.97,7.92,8.0,7.85,7.9,7.93,7.99,7.99,8.05,7.81,7.89,7.92,8.0,7.95,8.03,7.91,7.98,7.89,7.94,7.82,7.88,7.95,8.03,7.93,8.01,7.85,7.92,7.98,8.05,7.98,8.04,7.95,8.05,7.93,8.0,00000000000018a7
173,2024-02-21 00:00:00,1,,1,6061,B19,35*2.8,35*2.8,35.06,35.12,35.09,35.14,35.07,35.12,35.03,35.09,35.1,35.16,35.05,35.11,35.06,35.14,35.04,35.13,35.03,35.09,35.08,35.19,35.08,35.14,35.11,35.17,35.13,35.18,35.06,35.12,35.1,35.18,35.1,35.16,35.07,35.14,35.09,35.17,2.73,2.78,2.71,2.78,2.76,2.81,2.76,2.82,2.73,2.8,2.7,2.79,2.75,2.8,2.68,2.73,2.69,2.75,2.7,2.79,2.75,2.81,2.71,2.78,2.74,2.82,2.7,2.79,2.75,2.82,2.73,2.8,2.71,2.79,2.74,2.85,000000000000193f
174,2024-02-21 00:00:00,2,,3,6061,B17,35*2.85,35*2.85,35.03,35.1,35.06,35.13,35.08,35.15,35.02,35.09,35.07,35.15,35.09,35.15,35.07,35.13,35.02,35.09,35.07,35.16,35.08,35.15,35.03,35.11,35.08,35.14,35.03,35.09,35.1,35.15,35.07,35.17,35.01,35.08,35.12,35.18,35.06,35.12,2.77,2.82,2.75,2.8,2.79,2.86,2.72,2.79,2.73,2.78,2.78,2.86,2.78,2.84,2.79,2.85,2.76,2.81,2.75,2.8,2.77,2.83,2.77,2.85,2.76,2.85,2.77,2.85,2.82,2.87,2.72,2.78,2.81,2.87,2.69,2.76,0000000000001940
175,2024-02-21 00:00:00,4,,1,7075,B21,38.1*2.5,38.1*2.5,38.05,38.12,38.1,38.16,37.97,38.04,38.01,38.09,38.08,38.14,37.88,37.95,38.0,38.08,38.09,38.16,37.86,37.91,37.88,37.95,38.13,38.19,37.85,37.95,37.99,38.07,38.09,38.15,38.0,38.08,37.82,37.89,38.03,38.1,37.92,38.0,2.43,2.5,2.52,2.57,2.38,2.43,2.5,2.58,2.48,2.53,2.46,2.53,2.42,2.48,2.41,2.49,2.4,2.47,2.45,2.52,2.49,2.56,2.45,2.56,2.44,2.5,2.45,2.55,2.45,2.51,2.47,2.54,2.43,2.49,2.41,2.48,0000000000001941
176,2024-02-21 00:00:00,5,,26,6061,C2,63*10.5,63*10.5,62.88,62.95,62.93,63.04,63.06,63.13,62.95,63.02,62.95,63.03,63.03,63.09,62.99,63.05,62.99,63.05,62.93,62.98,0.0,0.0,0.0,0.0,0.0,0.0,0.0,0.0,0.0,0.0,0.0,0.0,0.0,0.0,0.0,0.0,0.0,0.0,10.25,10.33,10.27,10.34,10.53,10.58,10.37,10.43,10.23,10.29,10.57,10.62,10.24,10.3,10.47,10.53,10.49,10.54,0.0,0.0,0.0,0.0,0.0,0.0,0.0,0.0,0.0,0.0,0.0,0.0,0.0,0.0,0.0,0.0,0.0,0.0,0000000000001942
177,2024-02-21 00:00:00,5,,3,6061,B19,60*2.5,60*2.5,60.15,60.21,60.21,60.27,59.98,60.07,60.17,60.26,60.15,60.23,60.02,60.08,59.97,60.02,60.17,60.23,60.04,60.09,0.0,0.0,0.0,0.0,0.0,0.0,0.0,0.0,0.0,0.0,0.0,0.0,0.0,0.0,0.0,0.0,0.0,0.0,2.36,2.46,2.49,2.53,2.44,2.54,2.52,2.58,2.5,2.57,2.45,2.51,2.45,2.52,2.44,2.51,2.46,2.52,0.0,0.0,0.0,0.0,0.0,0.0,0.0,0.0,0.0,0.0,0.0,0.0,0.0,0.0,0.0,0.0,0.0,0.0,0000000000001943
178,2024-02-21 00:00:00,6,,2,6061,D03,78*7.0,66.7*59,77.97,78.03,78.08,78.13,78.09,78.15,78.77,77.92,78.06,78.11,78.07,78.12,77.89,77.95,78.03,78.09,78.05,78.11,77.85,77.9,78.05,78.12,78.09,78.16,77.86,77.92,78.0,78.05,78.06,78.12,77.77,77.85,78.05,78.1,78.07,78.15,6.87,6.93,6.99,7.07,6.91,7.0,6.9,6.98,6.95,7.02,7.0,7.06,6.89,6.95,6.94,7.02,6.91,6.98,6.91,6.97,6.96,7.03,7.05,7.1,6.86,6.93,6.9,7.01,7.0,7.05,6.98,7.07,7.01,7.08,6.95,7.05,0000000000001944
179,2024-02-21 00:00:00,7,,2,6061,D41,74*8.0,60*50.6,73.88,73.93,73.79,73.87,73.73,73.8,73.9,73.99,73.75,73.8,73.85,73.92,73.8,73.89,73.81,73.87,73.65,73.72,73.85,73.91,73.85,73.92,73.71,73.78,73.88,73.92,73.92,74.03,73.66,73.72,73.82,73.89,73.98,74.06,73.73,73.8,7.89,7.95,7.9,7.98,7.92,7.98,7.87,7.93,7.96,8.02,7.95,8.02,7.97,8.06,7.92,8.0,7.91,7.99,7.9,7.98,7.88,7.93,7.89,7.95,7.96,8.03,7.9,7.98,7.97,8.04,7.95,7.99,7.93,8.01,7.89,7.97,0000000000001951
180,2024-02-22 00:00:00,1,,7,6061,A15,21*2.0,21*2.0,21.06,21.1,21.03,21.09,21.09,21.15,21.08,21.12,21.1,21.15,21.1,21.17,21.1,21.15,21.08,21.14,21.11,21.19,0.0,0.0,0.0,0.0,0.0,0.0,0.0,0.0,0.0,0.0,0.0,0.0,0.0,0.0,0.0,0.0,0.0,0.0,2.01,2.06,1.93,1.99,1.91,1.96,1.99,2.05,1.95,2.01,1.95,2.03,1.95,2.03,1.94,2.02,1.9,1.99,0.0,0.0,0.0,0.0,0.0,0.0,0.0,0.0,0.0,0.0,0.0,0.0,0.0,0.0,0.0,0.0,0.0,0.0,0000000000001952
181,2024-02-22 00:00:00,1,,7,6061,A18,28.6*2.0,28.6*2.0,28.6,28.68,28.68,28.73,28.66,28.71,28.65,28.7,28.69,28.76,28.63,28.69,28.69,28.75,28.62,28.68,28.68,28.76,0.0,0.0,0.0,0.0,0.0,0.0,0.0,0.0,0.0,0.0,0.0,0.0,0.0,0.0,0.0,0.0,0.0,0.0,1.94,2.01,2.01,2.06,1.99,2.06,2.0,2.07,2.0,2.08,1.97,2.04,1.93,2.0,1.92,1.98,1.98,2.03,0.0,0.0,0.0,0.0,0.0,0.0,0.0,0.0,0.0,0.0,0.0,0.0,0.0,0.0,0.0,0.0,0.0,0.0,0000000000001953
182,2024-02-22 00:00:00,2,,3,6061,B17,35*2.85,35*2.85,35.02,35.08,35.06,35.14,35.06,35.13,35.09,35.15,35.03,35.09,35.1,35.16,35.04,35.1,35.08,35.14,35.08,35.15,35.0,35.06,35.06,35.13,35.12,35.19,35.03,35.1,35.05,35.12,35.11,35.17,35.03,35.1,35.05,35.12,35.11,35.17,2.74,2.82,2.69,2.75,2.78,2.83,2.79,2.85,2.77,2.83,2.75,2.8,2.72,2.8,2.72,2.78,2.79,2.86,2.78,2.85,2.75,2.81,2.75,2.85,2.75,2.8,2.82,2.87,2.76,2.85,2.75,2.8,2.82,2.87,2.76,2.85,0000000000001954
183,2024-02-22 00:00:00,4,,2,6061,B2,40.5*4.25,40.5*4.25,40.52,40.58,40.5,40.57,40.51,40.58,40.55,40.6,40.52,40.58,40.55,40.61,40.32,40.39,40.46,40.51,40.44,40.52,40.58,40.63,40.43,40.5,40.48,40.55,40.58,40.61,40.55,40.6,40.5,40.59,40.55,40.6,40.53,40.58,40.53,40.58,4.16,4.22,4.2,4.26,4.22,4.28,4.24,4.31,4.19,4.24,4.2,4.26,4.18,4.23,4.17,4.22,4.22,4.27,4.17,4.22,4.21,4.27,4.23,4.3,4.2,4.28,4.25,4.32,4.21,4.28,4.15,4.21,4.18,4.24,4.19,4.26,0000000000001955
184,2024-02-22 00:00:00,5,,3,6061,J2,74*3.5,74*3.5,74.1,74.14,74.15,74.2,74.01,74.08,74.11,74.16,73.92,74.04,73.89,73.96,74.14,74.23,73.95,74.06,74.03,74.1,74.08,74.13,74.11,74.18,73.95,74.02,74.06,74.11,74.07,74.14,73.97,74.06,74.05,74.12,74.08,74.15,73.98,74.08,3.49,3.54,3.44,3.51,3.4,3.46,3.46,3.51,3.45,3.5,3.48,3.53,3.5,3.55,3.42,3.48,3.44,3.5,3.42,3.47,3.38,3.44,3.47,3.52,3.49,3.54,3.48,3.55,3.45,3.51,3.41,3.49,3.35,3.41,3.42,3.49,0000000000001956
185,2024-02-22 00:00:00,6,,2,6061,D3,78*7.0,66.7*59,77.85,77.92,78.09,78.14,78.12,78.19,77.89,77.96,78.06,78.13,78.16,78.22,77.77,77.84,78.05,78.12,78.14,78.2,77.76,77.85,78.02,78.09,78.16,78.23,77.87,77.94,77.98,78.05,78.08,78.14,77.79,77.86,78.01,78.09,78.04,78.11,6.96,7.06,7.02,7.1,6.99,7.08,6.99,7.07,6.93,6.99,6.91,6.98,6.84,6.91,6.95,7.02,7.02,7.08,7.01,7.07,6.89,6.96,6.83,6.9,7.03,7.1,6.88,6.95,6.95,7.0,6.91,6.98,6.86,6.91,6.97,7.04,0000000000001957
186,2024-02-22 00:00:00,7,,3,6061,J1,110*4.5,110*4.5,109.98,110.04,110.04,110.09,110.01,110.09,109.89,109.96,110.08,110.13,110.02,110.08,110.02,110.07,109.78,109.85,109.98,110.03,109.85,109.91,109.95,110.02,110.03,110.08,110.08,110.13,110.1,110.07,109.93,110.01,110.06,110.11,110.03,110.1,109.98,110.05,4.47,4.52,4.37,4.43,4.42,4.49,4.42,4.48,4.41,4.46,4.4,4.47,4.45,4.49,4.36,4.42,4.49,4.58,4.42,4.5,4.43,4.49,4.5,4.6,4.4,4.47,4.37,4.44,4.49,4.57,4.48,4.54,4.45,4.53,4.51,4.6,0000000000001958
187,2024-02-23 00:00:00,1,,1,6061,,35*3.2,35*3.2,35.02,35.08,35.06,35.12,35.03,35.09,35.03,35.1,35.08,38.14,35.05,35.12,35.04,35.11,35.1,35.15,35.08,35.16,35.01,35.07,35.05,35.11,35.11,35.17,35.0,35.05,35.09,35.16,35.12,35.19,35.05,35.1,35.06,35.1,35.15,35.2,3.12,3.18,3.09,3.14,3.15,3.21,3.18,3.23,3.15,3.22,3.16,3.23,3.19,3.24,3.2,3.26,3.19,3.25,3.14,3.18,3.11,3.17,3.18,3.24,3.15,3.22,3.12,3.2,3.2,3.26,3.11,3.17,3.14,3.22,3.21,3.28,0000000000001959
188,2024-02-23 00:00:00,2,,3,6061,B17,44*2.5,44*2.5,44.04,44.09,44.08,44.14,44.03,44.1,44.09,44.14,44.05,44.11,44.1,44.17,43.98,44.05,44.09,44.16,44.07,44.14,44.03,44.09,44.0,44.08,44.11,44.16,44.1,44.16,43.91,43.98,44.02,44.09,44.12,44.18,43.95,44.02,44.05,44.12,2.45,2.53,2.37,2.43,2.45,2.52,2.39,2.45,2.4,2.49,2.36,2.43,2.43,2.5,2.42,2.48,2.38,2.45,2.46,2.53,2.39,2.45,2.44,2.51,2.36,2.42,2.37,2.43,2.41,2.48,2.4,2.48,2.43,2.5,2.46,2.55,000000000000195a
189,2024-02-23 00:00:00,4,,1,2014,B21,38.1*2.5,38.1*2.5,38.04,38.11,38.09,38.16,38.04,38.1,38.6,38.13,38.07,38.13,37.98,38.04,38.1,38.16,38.09,38.15,37.99,38.05,38.04,38.1,38.06,38.12,37.95,38.02,38.05,38.12,38.05,38.11,37.96,38.04,38.1,38.18,38.09,38.16,38.1,38.17,2.43,2.49,2.46,2.52,2.46,2.5,2.48,2.56,2.4,2.46,2.49,2.59,2.5,2.56,2.47,2.54,2.55,2.61,2.56,2.63,2.49,2.57,2.53,2.6,2.51,2.57,2.46,2.52,2.44,2.5,2.41,2.48,2.43,2.49,2.48,2.56,000000000000195b
190,2024-02-23 00:00:00,5,,24,6061,J2,84.5*1.25,84.5*1.25,84.39,84.49,84.31,84.39,83.97,84.04,84.36,84.43,83.82,83.9,84.37,84.43,84.46,84.52,84.45,84.54,83.97,84.04,84.48,84.52,84.35,84.42,83.98,84.06,84.47,84.54,84.4,84.48,84.0,84.14,84.39,84.43,84.35,84.41,83.95,84.02,1.21,1.26,1.2,1.26,1.25,1.3,1.2,1.25,1.22,1.28,1.16,1.21,1.23,1.29,1.17,1.23,1.15,1.22,1.16,1.22,1.19,1.24,1.23,1.3,1.18,1.26,1.22,1.28,1.26,1.32,1.15,1.21,1.15,1.23,1.21,1.29,000000000000195c
191,2024-02-23 00:00:00,6,,2,6061,D3,78*7.0,66.7*59,77.89,77.96,78.01,78.08,77.95,78.02,77.86,77.92,78.05,78.11,78.12,78.2,78.02,78.11,78.09,78.16,78.1,78.15,77.8,77.89,77.97,78.04,78.09,78.16,78.16,78.21,77.98,78.05,78.12,78.18,77.83,78.9,78.1,78.16,78.11,78.17,6.92,7.0,7.06,7.11,6.93,6.99,6.9,6.98,6.81,6.9,7.03,7.1,6.93,7.0,6.89,6.95,7.05,7.11,6.81,6.88,6.97,7.03,6.99,7.05,6.94,7.02,7.01,7.09,6.97,7.03,7.08,7.15,6.85,6.93,7.02,7.1,000000000000195d
192,2024-02-23 00:00:00,7,,2,6061,D44,74*8.0,60*50.6,73.81,73.89,73.77,73.84,73.72,73.8,73.76,73.83,73.75,73.81,73.77,73.83,73.8,73.87,73.79,73.86,73.75,73.85,73.83,73.9,73.75,73.82,73.72,73.78,73.78,73.95,73.81,73.89,73.77,73.82,73.85,73.95,73.75,73.82,73.89,73.96,7.89,7.96,7.92,8.0,7.87,7.92,7.9,7.97,7.96,8.03,7.9,7.98,7.87,7.93,7.9,7.99,7.95,8.02,7.9,7.96,7.93,8.0,7.94,8.01,7.88,7.95,7.88,7.94,7.82,8.0,7.96,8.02,7.86,7.93,7.99,8.06,000000000000195e
193,2024-02-26 00:00:00,1,,1,6061,,35*3.2,35*3.2,35.06,35.12,35.08,35.15,35.1,35.19,35.05,35.1,35.07,35.13,35.07,35.13,35.03,35.1,35.06,35.12,35.09,35.16,35.07,35.14,35.02,35.09,35.07,35.12,35.04,35.1,35.11,35.18,35.08,35.18,35.04,35.09,35.1,35.16,35.08,35.14,3.2,3.26,3.22,3.28,3.19,3.25,3.15,3.2,3.19,3.25,3.16,3.21,35.16,3.22,3.19,3.27,3.14,3.19,3.13,3.2,3.15,3.21,3.13,3.17,3.19,3.25,3.18,3.26,3.2,3.27,3.2,3.26,3.13,3.18,3.22,3.29,000000000000195f
194,2024-02-26 00:00:00,2,,3,6061,B17,44*2.5,44*2.5,44.07,44.12,44.03,44.08,44.14,44.2,44.03,44.09,44.1,44.15,44.1,44.15,44.09,44.15,44.08,44.16,44.12,44.18,44.06,44.11,44.05,44.12,44.04,44.11,44.08,44.15,44.02,44.09,44.05,44.12,44.05,44.11,44.06,44.12,44.06,44.13,2.44,2.51,2.38,2.44,2.37,2.43,2.5,2.57,2.42,2.47,2.44,2.52,2.42,2.48,2.45,2.5,2.4,2.49,2.46,2.52,2.5,2.57,2.48,2.56,2.42,2.48,2.52,2.59,2.47,2.54,2.43,2.5,2.49,2.54,2.5,2.58,0000000000001960
195,2024-02-26 00:00:00,4,,9,2014,B21,44*5.7,44*5.7,44.04,44.1,44.06,44.12,43.94,44.01,44.06,44.11,44.07,44.12,43.73,43.81,44.03,44.09,44.06,44.11,43.91,43.99,44.12,44.18,44.02,44.09,43.95,44.02,43.94,44.0,43.99,44.06,44.08,44.15,44.03,44.08,44.1,44.18,44.0,44.08,5.55,5.62,5.7,5.76,5.57,5.64,5.58,5.67,5.66,5.72,5.54,5.6,5.6,5.68,5.68,5.74,5.69,5.76,5.62,5.7,5.64,5.71,5.6,5.68,5.59,5.65,5.66,5.7,5.63,5.71,5.61,5.69,5.7,5.77,5.59,5.66,0000000000001961
196,2024-02-26 00:00:00,5,,24,6061,J2,84.5*1.25,84.5*1.25,84.15,84.22,84.5,84.57,84.18,84.25,83.97,84.05,84.45,84.5,84.41,84.49,84.53,84.59,84.51,84.58,84.37,84.42,84.48,84.54,84.38,84.44,84.43,84.49,84.46,84.52,84.46,84.5,83.95,84.0,84.45,84.5,84.48,84.56,84.45,84.52,1.16,1.23,1.22,1.27,1.2,1.2,1.19,1.25,1.19,1.24,1.23,1.3,1.2,1.26,1.16,1.21,1.21,1.28,1.22,1.28,1.24,1.29,1.22,1.27,1.25,1.31,1.21,1.27,1.25,1.32,1.18,1.25,1.2,1.26,1.24,1.33,0000000000001962
197,2024-02-26 00:00:00,6,,2,6061,D11,78*7.0,66.7*59,77.79,77.86,78.1,78.15,78.09,78.15,77.8,77.89,78.06,78.13,78.11,78.17,77.97,78.04,78.01,78.07,78.12,78.18,77.98,78.05,78.08,78.14,78.05,78.12,77.94,78.01,78.02,78.08,78.07,78.15,77.95,78.03,78.05,78.12,78.03,78.11,6.88,6.95,6.99,7.05,7.11,7.16,7.06,7.12,6.87,6.94,7.06,7.12,7.0,7.05,6.95,7.01,7.03,7.09,6.9,6.98,6.95,7.0,6.84,6.91,6.96,7.03,6.98,7.05,6.93,7.0,6.84,6.91,6.87,6.95,6.9,6.97,0000000000001999
198,2024-02-26 00:00:00,7,,2,6061,D38,78*8.0,66.5*56.75,77.86,77.93,77.87,77.95,77.76,77.83,77.9,77.98,77.85,77.92,77.73,77.8,77.75,77.81,77.77,77.84,77.8,77.88,77.9,77.98,77.92,78.0,77.85,77.91,77.95,78.02,77.88,77.95,77.89,77.97,77.98,78.05,77.93,78.01,77.92,77.99,7.92,7.99,7.98,8.05,7.83,7.9,8.01,8.08,7.85,7.91,7.89,7.96,8.03,8.1,7.88,7.95,7.9,7.95,8.05,7.12,7.92,8.0,7.85,7.9,7.9,7.98,8.03,8.11,7.95,8.02,7.93,8.0,8.05,7.13,7.98,8.05,000000000000199a
199,2024-02-27 00:00:00,1,,1,6061,,35*3.2,35*3.2,35.01,35.09,35.08,35.14,35.06,35.13,35.07,35.14,35.09,35.16,35.04,35.1,35.1,35.15,35.05,35.11,35.05,35.12,35.06,35.12,35.1,35.15,35.03,35.09,35.05,35.11,35.03,35.08,35.02,35.09,35.0,35.07,35.04,35.12,35.07,35.13,3.19,3.24,3.15,3.21,3.17,3.23,3.16,3.23,3.2,3.26,3.14,3.2,3.14,3.21,3.16,3.22,3.16,3.21,3.2,3.25,3.14,3.2,3.15,3.23,3.15,3.22,3.17,3.24,3.18,3.25,3.13,3.19,3.18,3.23,3.15,3.22,000000000000199b
200,2024-02-27 00:00:00,2,,7,6061,B17,50.8*2.0,50.8*2.0,50.76,50.82,50.63,50.7,50.78,50.85,50.64,50.7,50.65,50.72,50.77,50.83,50.66,50.73,50.73,50.79,50.76,50.83,50.79,50.84,50.78,50.84,50.79,50.84,50.8,50.88,50.76,50.82,50.81,50.87,50.81,50.89,50.68,50.74,50.82,50.89,1.97,2.02,1.95,2.0,1.93,1.98,1.95,2.0,1.88,1.95,1.9,1.96,1.97,2.04,1.9,1.99,1.85,1.9,2.0,2.06,1.93,2.0,1.98,2.05,1.99,2.05,1.96,2.03,1.97,2.03,1.94,2.01,1.98,2.06,1.88,1.93,000000000000199c
201,2024-02-27 00:00:00,4,,1,2014,B21,38.1*2.5,38.1*2.5,38.0,38.06,38.05,38.11,37.87,27.93,38.05,38.12,38.09,38.15,37.79,37.86,38.08,38.14,38.02,38.09,38.09,38.16,38.04,38.1,38.05,38.1,37.78,37.85,38.05,38.14,38.08,38.16,37.98,38.04,38.05,38.1,38.12,38.19,38.02,38.08,2.43,2.48,2.5,2.56,2.37,2.44,2.51,2.57,2.52,2.58,2.51,2.56,2.52,2.6,2.5,255.0,2.42,2.47,2.45,2.5,2.52,2.57,2.44,2.51,2.56,2.63,2.43,2.5,2.41,2.47,2.53,2.59,2.48,2.55,2.4,2.48,000000000000199d
202,2024-02-27 00:00:00,5,,7,6061,B9,58*1.8,58*1.8,57.87,57.92,57.86,57.93,57.76,57.83,57.89,57.96,57.99,58.06,57.73,57.79,58.02,58.08,58.03,58.09,57.75,57.82,0.0,0.0,0.0,0.0,0.0,0.0,0.0,0.0,0.0,0.0,0.0,0.0,0.0,0.0,0.0,0.0,0.0,0.0,1.7,1.78,1.78,1.83,1.72,1.78,1.76,1.82,1.75,1.8,1.75,1.81,1.79,1.86,1.79,1.85,1.77,1.84,0.0,0.0,0.0,0.0,0.0,0.0,0.0,0.0,0.0,0.0,0.0,0.0,0.0,0.0,0.0,0.0,0.0,0.0,000000000000199e
203,2024-02-27 00:00:00,7,,2,6061,D47,78*8.0,66.5*56.75,77.69,77.75,77.71,77.78,77.83,77.9,77.62,77.7,77.88,77.95,77.85,77.92,77.75,77.82,77.85,77.91,77.88,77.94,77.73,77.79,77.86,77.93,77.89,77.96,77.88,77.96,77.99,78.06,77.97,78.04,77.77,77.84,78.06,78.12,77.94,78.01,7.75,7.82,7.96,8.03,78.95,8.01,7.85,7.92,7.98,8.04,8.02,8.08,7.77,7.83,7.95,8.07,7.9,7.99,7.93,7.99,7.95,8.03,7.81,7.88,7.99,8.06,7.98,8.05,7.9,7.98,8.0,8.08,7.99,8.07,7.88,7.95,000000000000199f
204,2024-02-28 00:00:00,1,,1,6061,,35*2.8,35*2.8,35.08,35.13,35.09,35.14,35.1,35.15,35.03,35.1,35.07,35.12,35.09,35.16,35.05,35.11,35.06,35.12,35.07,35.11,35.01,35.1,35.06,35.11,35.11,35.18,35.04,35.11,35.08,35.15,35.1,35.16,35.09,35.16,35.1,35.16,35.14,35.19,2.65,2.72,2.72,2.78,2.78,2.83,2.77,2.82,2.75,2.82,2.75,2.8,2.79,2.85,2.67,2.74,2.77,2.82,2.7,2.79,2.74,2.8,2.74,2.81,2.73,2.79,2.68,2.75,2.7,2.8,2.78,2.85,2.7,2.78,2.69,2.76,00000000000019a0
205,2024-02-28 00:00:00,2,,7,6061,B17,36*2.0,36*2.0,36.03,36.09,36.09,36.14,36.12,36.18,36.06,36.11,36.1,36.16,36.07,36.13,35.99,36.04,36.08,36.13,36.09,36.16,35.96,36.02,36.04,36.1,36.13,36.2,36.01,36.09,36.05,36.11,36.15,36.22,36.0,36.08,36.06,36.12,36.08,36.15,2.0,2.05,1.89,1.95,1.87,1.93,1.91,1.96,1.92,1.98,1.94,2.02,1.95,2.02,2.01,2.09,1.9,1.98,2.0,2.06,1.98,2.03,2.01,2.08,1.97,2.03,1.93,2.0,1.93,2.0,1.9,1.95,1.9,1.98,1.95,2.05,00000000000019a1
206,2024-02-28 00:00:00,4,,1,2014,B23,38.1*2.5,38.1*2.5,38.12,38.17,38.11,38.16,38.09,38.14,38.09,38.16,38.07,38.14,37.89,37.97,38.02,38.09,38.1,38.16,37.85,37.91,38.01,38.06,38.09,38.15,37.87,37.96,38.06,38.11,38.12,38.18,38.0,38.07,38.12,38.19,38.1,38.15,38.09,38.15,2.46,2.52,2.49,2.54,2.45,2.53,2.52,2.57,2.48,2.52,2.49,2.55,2.53,2.6,2.5,2.57,2.55,2.62,2.43,2.48,2.44,2.5,2.54,2.61,2.51,2.58,2.47,2.53,2.48,2.54,2.49,2.58,2.44,2.49,2.55,2.63,00000000000019a2
207,2024-02-28 00:00:00,5,,3,6061,B21,74*3.5,74*3.5,74.06,74.11,73.96,74.03,73.96,74.03,74.09,74.15,74.07,74.14,73.91,73.98,74.07,74.13,74.1,74.16,74.01,74.09,74.12,74.17,73.83,73.9,74.03,74.1,74.09,74.15,74.0,74.06,74.07,74.14,74.05,74.11,74.05,74.11,74.14,74.19,3.35,3.41,3.47,3.52,3.4,3.49,3.38,3.45,3.38,3.43,3.39,3.45,3.5,3.56,3.43,3.49,3.49,3.55,3.42,3.48,3.4,3.48,3.43,3.49,3.39,3.44,3.46,3.52,3.5,3.58,3.45,3.53,3.49,3.55,3.45,3.51,00000000000019a3
208,0202-02-28 00:00:00,6,,2,6061,D16,78*7.0,66.7*59,77.89,77.95,78.14,78.19,78.05,78.11,78.01,78.08,78.05,78.12,78.09,78.15,77.94,78.01,78.06,78.12,78.14,78.2,77.96,78.03,78.03,78.09,78.08,78.13,77.88,77.96,78.07,78.12,78.15,78.21,77.87,77.92,78.08,78.15,78.06,78.12,6.9,6.98,6.96,7.02,6.9,6.96,6.88,6.94,6.97,7.05,6.95,7.03,6.99,7.05,7.0,7.08,7.01,7.06,7.0,7.05,6.88,6.95,6.96,7.03,6.87,6.92,6.85,6.91,6.93,7.0,6.9,6.97,6.97,7.04,7.02,7.08,00000000000019a4
209,2024-02-28 00:00:00,7,,3,6061,J1,110*4.5,110*4.5,109.92,110.01,109.95,110.02,110.02,110.1,110.06,110.11,109.82,109.89,109.79,109.84,109.89,109.95,110.1,110.15,109.94,110.02,109.88,109.92,110.05,110.11,109.88,109.93,109.97,110.02,110.04,110.1,109.99,110.06,110.04,110.09,109.98,110.04,110.02,110.09,4.47,4.52,4.39,4.44,4.37,4.42,4.41,4.47,4.4,4.49,4.5,4.57,4.43,4.48,4.46,4.5,4.45,4.52,4.5,4.55,4.43,4.49,4.46,4.55,4.38,4.45,4.5,4.58,4.47,4.53,4.43,4.48,4.53,4.61,4.54,4.6,00000000000019a5
210,2024-02-29 00:00:00,1,,3,6061,A18,19*1.6,19*1.6,19.04,19.1,19.09,19.15,19.11,19.16,19.1,19.15,19.05,19.1,19.09,19.15,19.11,19.16,19.07,19.13,19.05,19.1,19.11,19.15,19.06,19.12,19.12,19.18,19.12,19.19,19.1,19.16,19.1,19.16,19.08,19.13,19.09,19.15,19.05,19.11,1.51,1.57,1.52,1.58,1.51,1.59,1.57,1.63,1.54,1.6,1.6,1.65,1.46,1.52,1.5,1.58,1.58,1.64,1.52,1.56,1.57,1.62,1.53,1.59,1.51,1.6,1.55,1.6,1.55,1.6,1.51,1.58,1.53,1.59,1.56,1.61,00000000000019a6
211,2024-02-29 00:00:00,2,,3,6061,B17,44*2.5,44*2.5,44.06,44.11,44.11,44.16,44.13,44.18,44.03,44.08,44.07,44.12,44.01,44.08,44.08,44.14,44.03,44.09,44.04,44.1,44.07,44.12,44.1,44.14,44.1,44.15,44.02,44.08,44.12,44.17,44.09,44.15,44.05,44.1,44.07,44.13,44.08,44.15,2.41,2.46,2.44,2.5,2.43,2.49,2.47,2.52,2.46,2.52,2.46,2.52,2.44,2.52,2.39,2.44,2.4,2.47,2.4,2.46,2.36,2.42,2.37,2.43,2.46,2.51,2.43,2.48,2.42,2.48,2.48,2.55,2.45,2.51,2.46,2.53,00000000000019a7
212,2024-02-29 00:00:00,4,,1,2014,B23,38.1*2.5,38.1*2.5,38.03,38.1,38.09,38.14,38.1,38.16,37.96,38.02,38.05,38.1,38.11,38.18,37.98,38.05,38.07,38.13,38.08,38.16,38.02,38.08,38.05,38.12,38.1,38.18,38.05,38.1,38.09,38.13,38.12,38.17,38.06,38.12,38.1,38.14,38.05,38.11,2.43,2.49,2.41,2.47,2.49,2.56,2.5,2.55,2.51,2.58,2.44,2.5,2.49,2.56,2.46,2.51,2.38,2.44,2.48,2.54,2.43,2.5,2.48,2.55,2.51,2.59,2.47,2.52,2.49,2.56,2.55,2.61,2.45,2.5,2.46,2.52,00000000000019a8
213,2024-02-29 00:00:00,5,,2,6061,D14,78*7.0,66.7*59,77.96,78.03,77.97,78.03,77.78,77.84,78.06,78.12,78.09,78.14,77.8,77.88,78.02,78.09,78.0,78.06,77.92,77.98,77.86,77.92,77.9,78.0,77.77,77.85,77.9,77.98,77.87,77.94,77.89,77.95,77.95,78.01,77.93,77.99,77.95,78.06,7.0,7.06,6.98,7.05,6.85,6.91,6.99,7.04,6.95,7.01,6.92,7.0,6.93,7.0,7.0,7.06,6.99,7.05,6.83,6.89,6.87,6.94,6.89,6.95,6.88,6.95,7.03,7.09,6.96,7.01,6.95,7.02,7.06,7.12,6.98,7.06,00000000000019a9
214,2024-02-29 00:00:00,6,,2,6061,D10,75*6.5,64.5*56.75,74.89,74.96,75.07,75.13,75.1,75.16,74.79,74.85,75.06,75.14,75.18,75.23,75.01,75.09,75.11,75.17,75.13,75.18,74.76,74.82,75.08,75.13,75.16,75.21,74.77,74.84,75.09,75.15,75.15,75.2,74.95,75.02,75.1,75.16,75.17,75.23,6.37,6.42,6.34,6.4,6.47,6.53,6.33,6.4,6.53,6.59,6.46,6.51,6.35,6.42,6.48,6.53,6.47,6.52,6.44,6.51,6.37,6.43,6.45,6.53,6.41,6.48,6.36,6.42,6.48,6.55,6.43,6.5,6.43,6.5,6.45,6.52,00000000000019aa
215,2024-02-29 00:00:00,7,,3,6061,J1,110*4.5,110*4.5,110.01,110.07,110.0,110.05,110.05,110.11,110.05,110.1,109.97,110.03,110.07,110.13,110.0,110.06,109.99,110.05,109.98,110.05,0.0,0.0,0.0,0.0,0.0,0.0,0.0,0.0,0.0,0.0,0.0,0.0,0.0,0.0,0.0,0.0,0.0,0.0,4.43,4.48,4.41,4.48,4.47,4.52,4.45,4.52,4.46,4.51,4.44,4.5,4.47,4.53,4.5,4.57,4.42,4.49,0.0,0.0,0.0,0.0,0.0,0.0,0.0,0.0,0.0,0.0,0.0,0.0,0.0,0.0,0.0,0.0,0.0,0.0,00000000000019ab
216,2024-02-29 00:00:00,7,,3,6061,G1,100*2.5,100*2.5,100.06,100.11,100.04,100.1,99.95,100.02,99.54,99.61,100.03,100.08,100.04,100.09,99.78,99.84,100.07,100.12,100.06,100.12,0.0,0.0,0.0,0.0,0.0,0.0,0.0,0.0,0.0,0.0,0.0,0.0,0.0,0.0,0.0,0.0,0.0,0.0,2.46,2.51,2.43,2.5,2.4,2.49,2.47,2.53,2.47,2.55,2.44,2.51,2.44,2.49,2.52,2.58,2.46,2.52,0.0,0.0,0.0,0.0,0.0,0.0,0.0,0.0,0.0,0.0,0.0,0.0,0.0,0.0,0.0,0.0,0.0,0.0,00000000000019ac
217,2024-03-01 00:00:00,1,,7,6061,A18,28.6*2.0,28.6*2.0,28.69,28.74,28.63,28.68,28.69,28.72,28.67,28.72,28.6,28.7,28.64,28.69,0.0,0.0,0.0,0.0,0.0,0.0,0.0,0.0,0.0,0.0,0.0,0.0,0.0,0.0,0.0,0.0,0.0,0.0,0.0,0.0,0.0,0.0,0.0,0.0,2.0,2.06,1.96,2.02,2.0,2.07,1.99,2.05,2.0,2.09,1.96,2.03,0.0,0.0,0.0,0.0,0.0,0.0,0.0,0.0,0.0,0.0,0.0,0.0,0.0,0.0,0.0,0.0,0.0,0.0,0.0,0.0,0.0,0.0,0.0,0.0,00000000000019ad
218,2024-03-01 00:00:00,1,,7,6061,A17,34.9*1.8,34.9*1.8,34.85,34.9,34.89,34.94,34.86,34.91,34.89,34.93,34.86,34.92,34.9,34.96,0.0,0.0,0.0,0.0,0.0,0.0,0.0,0.0,0.0,0.0,0.0,0.0,0.0,0.0,0.0,0.0,0.0,0.0,0.0,0.0,0.0,0.0,0.0,0.0,1.69,1.76,1.75,1.81,1.76,1.82,1.77,1.82,1.8,1.87,1.81,1.87,0.0,0.0,0.0,0.0,0.0,0.0,0.0,0.0,0.0,0.0,0.0,0.0,0.0,0.0,0.0,0.0,0.0,0.0,0.0,0.0,0.0,0.0,0.0,0.0,00000000000019ae
219,2024-03-01 00:00:00,1,,7,6061,A15,25.4*1.6,25.4*1.6,25.4,25.45,25.44,25.48,25.46,25.51,25.41,25.49,25.42,25.47,25.42,25.47,0.0,0.0,0.0,0.0,0.0,0.0,0.0,0.0,0.0,0.0,0.0,0.0,0.0,0.0,0.0,0.0,0.0,0.0,0.0,0.0,0.0,0.0,0.0,0.0,1.55,1.6,1.52,1.59,1.5,1.6,1.57,1.63,1.56,1.62,1.55,1.63,0.0,0.0,0.0,0.0,0.0,0.0,0.0,0.0,0.0,0.0,0.0,0.0,0.0,0.0,0.0,0.0,0.0,0.0,0.0,0.0,0.0,0.0,0.0,0.0,00000000000019af
220,2024-03-01 00:00:00,2,,3,6061,B17,44*2.5,44*2.5,44.06,44.11,44.12,44.18,44.18,44.24,44.07,44.12,44.09,44.14,44.12,44.17,44.09,44.14,44.07,44.13,44.09,44.13,44.08,44.15,44.11,44.16,44.12,44.16,44.05,44.1,44.1,44.15,44.11,44.17,44.04,44.09,44.08,44.13,44.07,44.13,2.47,2.52,2.49,2.55,2.41,2.48,2.53,2.58,2.43,2.48,2.44,2.5,2.46,2.51,2.5,2.56,2.47,2.54,2.45,2.52,2.53,2.58,2.5,2.58,2.43,2.47,2.48,2.54,2.52,2.58,2.44,2.49,2.49,2.57,2.53,2.61,0000000000001945
221,2024-03-01 00:00:00,4,,1,2014,B23,38.1*2.5,38.1*2.5,38.09,38.15,38.05,38.1,38.13,38.18,38.03,38.09,38.07,38.13,37.91,37.97,38.06,38.11,38.08,38.14,37.95,38.01,38.07,38.12,38.11,38.16,37.99,38.05,38.08,35.13,38.02,38.09,38.02,38.08,38.05,35.09,38.03,38.1,38.11,38.16,2.49,2.54,2.5,2.56,2.48,2.51,2.5,2.56,2.47,2.52,2.52,2.58,2.47,2.52,2.43,2.49,2.5,2.57,2.48,2.54,2.44,2.5,2.53,2.59,2.5,2.56,2.5,2.55,2.48,2.54,2.46,2.52,2.51,2.56,2.46,2.52,0000000000001946
222,2024-03-01 00:00:00,5,,3,6061,B9,72*2.0,72*2.0,71.82,71.88,72.07,72.12,72.11,72.15,72.08,72.13,71.99,72.05,72.1,72.14,72.04,72.1,72.08,72.14,72.12,72.16,0.0,0.0,0.0,0.0,0.0,0.0,0.0,0.0,0.0,0.0,0.0,0.0,0.0,0.0,0.0,0.0,0.0,0.0,2.01,2.06,2.08,2.13,2.05,2.11,2.06,2.11,2.11,2.16,2.02,2.09,2.08,2.12,2.06,2.11,1.97,2.04,0.0,0.0,0.0,0.0,0.0,0.0,0.0,0.0,0.0,0.0,0.0,0.0,0.0,0.0,0.0,0.0,0.0,0.0,0000000000001947
223,2024-03-01 00:00:00,5,,3,6061,B23,74*3.5,74*3.5,74.09,74.14,74.1,74.15,74.06,74.13,74.11,74.16,74.08,74.14,73.94,74.0,73.95,74.02,74.12,74.18,73.98,74.05,0.0,0.0,0.0,0.0,0.0,0.0,0.0,0.0,0.0,0.0,0.0,0.0,0.0,0.0,0.0,0.0,0.0,0.0,3.46,3.52,3.5,3.56,3.44,3.51,3.48,3.54,3.44,3.51,3.49,3.56,3.45,3.51,3.47,3.53,3.52,3.58,0.0,0.0,0.0,0.0,0.0,0.0,0.0,0.0,0.0,0.0,0.0,0.0,0.0,0.0,0.0,0.0,0.0,0.0,0000000000001948
224,2024-03-01 00:00:00,6,,2,6061,D10,75*6.5,64.5*56.75,75.12,75.17,75.08,75.14,75.14,75.19,74.85,74.91,75.11,75.17,75.13,75.18,74.98,75.05,74.93,78.0,75.1,75.16,75.02,75.09,75.03,75.09,75.16,75.22,75.01,75.07,75.05,75.11,75.18,75.24,75.13,75.18,75.06,75.13,75.15,75.2,6.23,6.29,6.44,6.5,6.4,6.47,6.38,6.45,6.47,6.53,6.46,6.52,6.35,6.42,6.45,6.51,6.53,6.61,6.49,6.55,6.43,6.48,6.55,6.6,6.44,6.51,6.49,6.55,6.49,6.56,6.42,6.48,6.48,6.55,6.45,6.52,0000000000001949
225,2024-03-04 00:00:00,1,,1,6061,B19,35*2.5,35*2.5,34.99,35.03,35.03,35.06,34.97,35.0,35.01,35.03,34.96,34.97,34.96,34.97,35.0,35.04,35.0,35.03,34.98,34.99,34.95,34.98,34.92,34.99,34.99,35.05,34.94,34.97,34.91,34.91,34.97,35.02,34.93,34.95,34.9,34.93,34.98,35.02,2.49,2.57,2.53,2.6,1.17,1.33,2.56,2.66,2.61,2.69,2.57,2.66,2.5,2.59,2.52,2.6,2.56,2.57,2.56,2.64,2.59,2.63,2.49,2.57,2.58,2.67,2.65,2.7,2.5,2.57,2.6,2.7,2.59,2.66,2.5,2.56,000000000000194a
226,2024-03-04 00:00:00,2,,3,6061,B17,44*2.5,44*2.5,44.09,44.14,44.11,44.18,44.09,44.14,44.12,44.18,44.09,44.16,44.08,44.12,44.09,44.07,44.08,44.13,44.1,44.13,44.08,44.14,44.09,44.11,44.12,44.14,44.07,44.14,44.1,44.11,44.13,44.14,44.06,44.12,44.12,44.13,44.09,44.12,2.58,2.63,2.46,2.56,2.53,2.62,2.52,2.58,2.43,2.52,2.55,2.64,2.6,2.67,2.48,2.6,2.57,2.6,2.61,2.66,2.52,2.58,2.59,2.61,2.63,2.68,2.6,2.61,2.6,2.62,2.59,2.62,2.47,2.56,2.5,2.53,000000000000194b
227,2024-03-04 00:00:00,4,,1,7075,B11,38.1*3.3,38.1*3.3,38.1,38.14,38.03,38.09,38.29,38.29,38.07,38.11,38.1,38.17,37.81,38.0,38.03,38.07,38.07,38.16,37.88,38.04,38.02,38.06,38.04,38.09,37.85,37.85,38.07,38.09,38.11,38.17,37.98,38.01,38.07,38.08,38.06,38.13,37.23,38.05,3.31,3.47,3.28,3.43,3.22,3.35,3.24,3.4,3.32,3.44,3.24,3.33,3.3,3.46,3.3,3.47,3.21,3.35,3.27,3.43,3.33,3.45,3.23,3.37,3.29,3.39,3.32,3.46,3.2,3.32,3.36,3.47,3.31,3.39,3.25,3.41,000000000000194c
228,2024-03-04 00:00:00,5,,24,6061,B21,84.5*1.25,84.5*1.25,84.43,84.53,84.13,84.21,84.33,84.41,84.39,84.49,84.22,84.38,84.36,84.48,84.5,84.56,84.32,84.43,84.41,84.52,84.48,84.56,84.39,84.5,84.47,84.55,84.52,84.58,84.38,84.47,84.43,84.52,84.43,84.55,84.36,84.42,84.45,84.56,1.28,1.34,1.19,1.32,1.18,1.2,1.21,1.32,1.18,1.27,1.23,1.28,13.27,1.34,1.22,1.3,1.26,1.31,1.25,1.32,1.21,1.38,1.23,1.36,1.21,1.29,1.25,1.3,1.22,1.28,1.24,1.34,1.24,1.31,1.26,1.32,000000000000194d
229,0113-03-04 00:00:00,6,,2,6061,D10,78*7.0,78*7.0,77.69,77.75,78.09,78.14,77.6,77.75,77.77,77.84,78.05,78.11,77.63,77.76,77.78,77.87,78.08,78.14,78.06,78.11,77.63,77.69,77.9,78.0,78.05,78.08,77.83,77.88,78.04,78.11,77.92,78.07,77.7,77.8,78.03,78.09,78.07,78.11,6.81,6.88,6.95,7.05,6.94,7.02,6.8,6.91,6.94,7.02,6.96,7.08,6.97,7.05,6.92,7.02,6.96,7.04,6.94,7.05,6.98,7.09,6.9,7.0,6.99,7.08,6.93,7.04,6.92,6.96,6.87,7.0,6.89,7.0,6.99,7.06,000000000000194e
230,2024-03-04 00:00:00,7,,2,6061,D47,90*8.0,80*70,89.83,89.84,89.89,89.97,90.02,90.26,89.88,89.98,90.04,90.11,89.92,90.01,89.92,90.04,90.0,90.09,89.83,89.92,89.93,90.03,89.92,90.06,89.9,90.04,89.94,90.07,89.88,89.98,89.99,90.09,89.89,90.0,89.81,89.93,89.83,89.92,7.87,7.95,7.84,7.97,7.9,7.95,7.92,8.06,7.92,8.04,7.92,7.99,7.9,8.02,7.97,8.09,8.02,8.09,7.83,7.92,7.93,8.06,7.81,7.94,7.97,8.1,7.91,7.98,8.0,8.08,8.0,8.08,7.93,8.04,7.89,8.0,000000000000194f
231,2024-03-05 00:00:00,1,,1,6061,B19,35*2.5,35*2.5,34.94,34.98,35.0,35.01,34.99,35.02,34.97,35.0,35.06,35.14,34.91,34.96,35.0,35.01,35.07,35.12,35.01,35.1,34.97,35.04,34.88,34.93,34.92,34.98,35.02,35.05,35.02,35.09,35.0,35.02,34.99,35.01,35.04,35.08,35.02,35.04,2.58,2.67,2.55,2.58,2.51,2.62,2.52,2.57,2.53,2.63,2.63,2.68,2.51,2.58,2.49,2.58,2.48,2.56,2.57,2.67,2.6,2.71,2.56,2.71,2.47,2.6,2.53,2.59,2.48,2.6,2.62,2.67,2.46,2.61,2.52,2.57,0000000000001950
232,2024-03-05 00:00:00,2,,1,6061,B17,35*3.4,35*3.4,34.91,34.92,34.97,35.01,34.97,34.98,34.91,35.01,34.97,34.98,34.96,34.98,34.93,34.94,34.96,34.97,34.98,34.99,34.9,34.91,34.97,34.99,34.97,35.0,34.9,34.92,35.0,35.01,34.97,34.99,34.92,34.93,34.99,35.02,34.99,35.01,3.26,3.4,3.29,3.35,3.28,3.42,3.3,3.37,3.34,3.46,3.28,3.35,3.27,3.39,3.37,3.48,3.34,3.46,3.25,3.36,3.33,3.44,3.38,3.49,3.29,3.4,3.38,3.46,3.39,3.51,3.31,3.42,3.39,3.5,3.4,3.48,000000000000188d
233,2024-03-05 00:00:00,4,,1,7075,B11,38.1*3.3,38.1*3.3,38.07,38.08,38.1,38.12,37.99,38.02,38.0,38.05,38.09,38.17,37.87,38.01,38.06,38.13,38.16,38.23,37.97,38.24,38.05,38.06,38.09,38.14,37.65,37.96,38.06,38.07,38.11,38.19,37.55,37.83,38.03,38.07,38.14,38.19,37.65,37.97,3.29,3.47,3.26,3.37,3.29,3.36,3.29,3.41,3.27,3.34,3.26,3.34,3.34,3.48,3.31,3.41,3.27,3.37,3.33,3.46,3.3,3.37,3.21,3.34,3.29,3.42,3.26,3.38,3.28,3.35,3.29,3.44,3.31,3.45,3.29,3.37,000000000000188e
234,2024-03-05 00:00:00,5,,8,6061,B9,62*2.8,62*2.8,61.7,61.78,62.03,62.05,62.09,62.15,61.75,61.87,62.05,62.13,61.97,62.12,61.76,61.88,62.06,62.07,61.99,62.06,61.84,61.95,62.0,62.04,62.01,62.07,61.69,61.76,62.02,62.05,62.09,62.16,61.72,61.85,62.01,62.06,62.08,62.17,2.78,2.93,2.81,2.92,2.79,2.92,2.73,2.84,2.77,2.87,2.79,2.88,2.76,2.9,2.79,2.93,2.78,2.94,2.79,2.95,2.8,2.91,2.77,2.9,2.82,2.96,2.76,2.89,2.79,2.92,2.78,2.94,2.83,2.86,2.8,2.93,000000000000188f
235,2024-03-05 00:00:00,6,,2,6061,,78*7.0,66.7*59,77.25,77.31,77.97,78.05,78.06,78.1,77.1,77.23,78.04,78.06,78.05,78.17,76.93,76.97,78.01,78.03,78.14,78.23,77.65,77.74,78.02,78.05,78.06,78.12,77.8,77.92,78.06,78.07,78.07,78.14,77.69,77.83,78.0,78.03,78.08,78.15,6.9,7.07,6.93,7.05,6.9,7.03,6.98,7.08,6.9,7.07,6.93,6.97,6.97,7.1,6.96,7.07,6.94,7.02,6.92,7.04,7.01,7.08,6.91,7.02,6.95,7.05,6.94,7.09,6.95,7.0,7.0,7.06,6.96,7.07,6.92,7.04,0000000000001890
236,2024-03-05 00:00:00,7,,17,6061,,99*3.7,99*3.7,99.12,99.27,98.99,99.02,99.06,99.19,99.05,99.1,98.93,99.04,99.1,99.2,99.1,99.16,99.1,99.12,98.96,99.07,99.01,99.14,99.0,99.07,99.04,99.11,99.07,99.12,99.04,99.13,99.1,99.13,99.1,99.13,98.99,99.04,99.02,99.09,3.78,3.87,3.72,3.8,3.76,3.88,3.8,3.88,3.79,3.9,3.77,3.86,3.72,3.81,3.69,3.84,3.8,3.9,3.7,3.84,3.72,3.81,3.72,3.84,3.76,3.87,3.76,3.86,3.79,3.88,3.8,3.9,3.82,3.89,3.81,3.89,0000000000001891
237,2024-03-06 00:00:00,1,,1,6061,B19,35*2.5,35*2.5,34.99,35.01,35.02,35.04,35.02,35.05,35.02,35.07,34.96,35.01,35.0,35.05,35.02,35.04,34.97,35.01,35.03,35.05,34.99,35.0,35.03,35.04,34.95,35.0,34.94,35.0,34.93,35.0,34.98,35.03,34.91,34.92,34.95,64.99,34.96,35.01,2.5,2.62,2.55,2.65,2.48,2.57,2.55,2.6,2.58,2.65,2.49,2.53,2.5,2.56,2.47,2.55,2.51,2.64,2.54,2.62,2.45,2.58,2.61,2.64,2.6,2.67,2.51,2.61,2.53,2.6,2.61,2.68,2.59,2.68,2.53,2.65,0000000000001892
238,2024-03-06 00:00:00,4,,1,7075,B11,35*4.0,35*4.0,34.92,34.96,34.97,35.05,34.91,35.05,35.0,35.02,34.97,35.01,35.02,35.09,34.94,34.98,35.02,35.1,35.06,35.22,34.51,34.54,34.93,34.97,34.99,35.05,34.88,34.98,34.97,35.05,34.92,35.02,34.88,34.96,35.0,35.03,34.99,35.06,3.92,4.09,3.87,3.97,3.92,3.97,3.9,3.98,3.95,4.05,3.92,3.97,3.97,4.11,3.93,4.05,4.0,4.04,3.92,3.99,3.97,4.06,3.93,4.03,3.91,3.97,3.94,4.07,3.91,3.98,3.94,3.98,3.99,4.05,3.92,3.99,0000000000001893
239,2024-03-06 00:00:00,2,,1,6066,B2,40*3.2,40*3.2,39.95,40.0,40.03,40.13,39.97,40.01,39.96,40.0,39.99,40.07,40.01,40.04,39.97,40.01,39.98,40.09,40.05,40.16,39.93,39.96,40.01,40.14,40.01,40.05,39.91,39.97,40.0,40.1,0.0,40.08,39.92,39.98,40.03,40.15,40.04,40.07,3.17,3.35,3.19,3.29,3.22,3.29,3.22,3.29,3.2,3.32,3.2,3.32,3.19,3.34,3.2,3.33,3.23,3.36,3.26,3.29,3.23,3.34,3.21,3.32,3.21,3.27,3.26,3.35,3.24,3.31,3.22,3.28,3.23,3.34,3.2,3.31,0000000000001894
240,2024-03-06 00:00:00,5,,8,6061,A29,62*3.5,62*3.5,62.01,62.07,61.97,62.09,62.05,62.27,62.04,62.15,61.95,62.06,62.14,62.2,62.02,62.08,61.96,62.05,62.06,62.08,62.04,62.13,62.0,62.04,62.09,62.18,62.07,62.11,61.93,62.06,62.04,62.16,61.99,62.07,62.02,62.08,62.01,62.13,3.46,3.57,3.41,3.59,3.45,3.52,3.48,3.56,3.48,3.56,3.47,3.56,3.51,3.58,3.39,3.54,3.44,3.58,3.47,3.54,3.42,3.58,3.43,3.54,3.5,3.58,3.5,3.57,3.49,3.61,3.53,3.62,3.51,3.59,3.48,3.56,0000000000001895
241,2024-03-06 00:00:00,6,,2,6061,D36,78*7.0,66.7*59,77.22,77.33,78.0,78.06,78.04,78.14,77.0,77.15,78.0,78.06,78.04,78.09,76.95,76.95,77.98,78.05,78.04,78.07,76.77,76.91,78.0,78.16,78.05,78.13,76.83,77.0,78.08,78.11,78.08,78.17,77.02,77.32,78.0,78.08,78.1,78.16,7.16,7.33,6.93,7.04,6.9,7.0,6.95,7.07,6.94,7.09,6.94,7.01,7.13,7.38,6.96,7.02,6.9,7.06,7.06,7.2,6.92,7.02,6.99,7.06,7.22,7.3,6.93,7.06,6.95,7.06,7.05,7.24,7.0,7.07,6.98,7.08,0000000000001896
242,2024-03-06 00:00:00,7,,8,6061,A10,115*4.0,115*4.0,114.83,114.97,114.93,115.07,114.87,115.01,114.78,114.89,114.95,115.05,114.97,115.06,114.81,114.92,114.91,115.02,114.9,115.01,114.9,114.99,115.0,115.08,115.03,115.12,114.79,114.95,114.97,115.03,115.04,115.16,114.83,114.94,115.02,115.1,115.07,115.09,3.78,3.97,3.93,3.98,3.93,4.01,4.0,4.08,3.96,4.07,3.95,4.05,3.83,3.96,3.99,4.07,3.98,4.09,3.94,3.97,4.01,4.12,3.97,4.06,3.92,4.05,4.0,4.09,4.01,4.05,4.01,4.08,3.98,4.12,4.02,4.07,0000000000001897
244,2024-03-07 00:00:00,1,,29,7005,B11,24*1.8,24*1.8,24.01,24.13,23.95,23.98,23.99,24.0,23.98,24.0,24.0,24.02,24.0,24.05,0.0,0.0,0.0,0.0,0.0,0.0,0.0,0.0,0.0,0.0,0.0,0.0,0.0,0.0,0.0,0.0,0.0,0.0,0.0,0.0,0.0,0.0,0.0,0.0,1.73,1.83,1.75,1.82,1.77,1.85,1.75,1.8,1.74,1.85,1.78,1.85,0.0,0.0,0.0,0.0,0.0,0.0,0.0,0.0,0.0,0.0,0.0,0.0,0.0,0.0,0.0,0.0,0.0,0.0,0.0,0.0,0.0,0.0,0.0,0.0,00000000000019b0
245,2024-03-07 00:00:00,2,,1,6066,B2,40*3.2,40*3.2,39.96,39.96,40.08,40.11,40.04,40.05,36.96,39.99,40.06,40.13,40.01,40.02,39.97,39.98,40.08,40.12,40.0,40.01,39.95,39.99,40.07,40.11,39.99,40.03,39.98,40.01,40.04,40.09,40.01,40.04,39.99,40.0,40.05,40.1,40.03,40.06,3.14,3.27,3.22,3.32,3.15,3.25,3.14,3.28,3.18,3.23,3.18,3.28,3.15,3.26,3.19,3.28,3.19,3.26,3.13,3.22,3.221,3.32,3.2,3.27,3.16,3.25,3.17,3.24,3.24,3.28,3.18,3.27,3.15,3.25,3.22,3.26,00000000000019b1
246,2024-03-07 00:00:00,4,,1,7075,B11,35*4.0,35*4.0,34.83,34.86,34.96,34.97,35.07,35.14,34.89,34.93,34.98,35.04,35.0,35.08,34.9,34.93,35.0,35.07,35.01,35.13,34.94,35.01,35.0,35.05,35.099,35.18,34.97,35.06,35.03,35.14,35.11,35.16,34.89,34.91,34.98,35.04,35.07,35.13,3.91,4.04,3.98,4.07,3.91,4.01,3.99,4.08,3.92,4.05,3.92,4.08,3.86,3.96,3.89,4.0,3.9,4.02,3.93,4.02,4.01,4.08,3.92,4.01,3.93,3.98,3.96,4.04,3.89,4.02,3.95,4.07,3.99,4.06,3.89,3.94,00000000000019b2
247,2024-03-07 00:00:00,5,,1,6066,B5,40*3.2,40*3.2,40.05,40.1,40.02,40.09,40.15,40.18,40.06,40.12,40.01,40.08,40.08,40.11,40.04,40.13,40.0,40.07,40.12,40.2,40.06,40.14,40.02,40.09,40.09,40.18,40.03,40.17,40.05,40.09,40.07,40.16,40.01,40.08,40.04,40.11,40.13,40.22,3.25,3.31,3.22,3.32,3.23,3.34,3.23,3.33,3.34,3.38,3.21,3.35,3.27,3.38,3.27,3.31,3.22,3.36,3.26,3.34,3.21,3.28,3.24,3.38,3.25,3.35,3.2,3.3,3.21,3.34,3.31,3.37,3.22,3.33,3.3,3.36,00000000000019b3
248,2024-03-07 00:00:00,6,,2,6061,A19,78*7.0,78*7.0,77.45,77.5,78.03,78.06,78.09,78.14,77.4,77.5,78.1,78.15,77.99,78.03,77.04,77.17,78.1,78.12,78.0,78.07,77.67,77.7,78.08,78.13,78.01,78.063,77.33,77.4,78.04,78.15,78.0,78.04,77.35,77.49,78.06,78.14,78.05,78.14,7.13,7.16,6.93,7.05,6.94,7.01,6.91,7.13,6.95,7.01,6.93,6.96,7.02,7.12,7.0,7.06,6.98,7.04,6.92,7.05,7.0,7.02,6.97,7.02,6.97,7.1,6.98,7.06,7.02,7.08,7.07,7.13,7.0,7.04,6.94,7.02,00000000000019b4
249,2024-03-07 00:00:00,7,,8,6061,J1,115*4.0,115*4.0,115.07,115.15,114.97,115.02,114.78,114.95,115.09,115.1,115.0,115.07,114.92,115.01,115.08,114.14,114.99,115.04,114.81,114.97,115.06,115.13,115.01,115.06,114.93,115.06,115.09,115.15,114.98,115.04,114.87,115.0,115.06,115.16,115.02,115.08,114.92,115.08,3.94,4.0,3.96,4.1,3.96,4.08,3.94,4.11,3.99,4.03,3.94,4.05,3.97,4.12,4.01,4.11,3.93,4.07,3.99,4.08,4.02,4.08,4.01,4.05,3.96,4.05,3.97,4.06,4.05,4.16,4.01,4.09,3.99,4.08,3.99,4.11,00000000000019b5
250,2024-03-08 00:00:00,1,,1,6061,B19,35*2.8,35*2.8,35.01,35.05,35.02,35.1,35.04,35.06,35.03,35.11,35.01,35.06,35.03,35.07,35.0,35.0,35.02,35.04,35.01,35.05,35.0,35.07,35.01,35.04,35.07,35.1,34.98,35.1,35.03,35.05,35.0,35.04,35.02,35.17,35.01,35.08,35.03,35.07,2.76,2.85,2.8,2.87,2.78,2.93,2.79,2.84,2.8,2.89,2.8,2.91,2.87,2.91,2.77,2.85,2.79,2.87,2.77,2.9,2.79,2.89,2.82,2.86,2.79,2.85,2.76,2.85,2.73,2.88,2.81,2.93,2.75,2.84,2.83,2.86,00000000000019b6
251,2024-03-08 00:00:00,2,,1,6066,B2,40*3.2,40*3.2,40.0,40.15,40.03,40.17,39.99,40.01,39.96,39.97,40.09,40.14,40.04,40.05,40.09,40.12,40.02,40.09,40.0,40.03,40.09,40.11,40.09,40.14,40.01,40.03,40.08,40.17,40.08,40.19,40.05,40.15,40.05,40.14,40.06,40.16,40.02,40.08,3.18,3.31,3.2,3.26,3.15,3.25,3.12,3.24,3.2,3.34,3.22,3.26,3.19,3.27,3.24,3.34,3.15,3.3,3.12,3.21,3.1,3.3,3.1,3.23,3.16,3.28,3.11,3.24,3.22,3.29,3.21,3.34,3.1,3.3,3.23,3.36,00000000000019b7
252,2024-03-08 00:00:00,4,,1,7075,B11,38.1*3.0,38.1*3.0,38.01,38.04,38.05,38.11,37.82,38.01,38.04,38.08,38.09,38.17,38.08,38.17,38.03,38.06,38.03,38.09,38.05,38.17,38.04,38.06,38.05,38.11,37.83,38.13,38.01,38.03,38.07,38.15,37.68,38.04,38.07,38.14,38.07,38.15,38.05,38.2,2.93,3.11,2.9,3.05,2.92,3.03,2.9,3.05,2.94,3.05,2.95,3.05,2.97,3.08,2.99,3.08,2.98,3.01,3.01,3.1,2.96,3.02,2.95,3.05,2.91,3.04,2.92,3.04,2.9,3.06,2.97,3.04,2.91,3.02,2.92,3.05,00000000000019b8
253,2024-03-08 00:00:00,5,,3,6061,J1,41*4.2,41*4.2,40.86,40.93,41.02,41.04,41.03,41.03,41.05,41.08,41.11,41.15,41.05,41.06,40.93,41.06,41.12,41.16,41.07,41.09,0.0,0.0,0.0,0.0,0.0,0.0,0.0,0.0,0.0,0.0,0.0,0.0,0.0,0.0,0.0,0.0,0.0,0.0,4.25,4.4,4.14,4.24,4.21,4.32,4.14,4.26,4.17,4.3,4.14,4.3,4.2,4.27,4.21,4.26,4.16,4.28,0.0,0.0,0.0,0.0,0.0,0.0,0.0,0.0,0.0,0.0,0.0,0.0,0.0,0.0,0.0,0.0,0.0,0.0,00000000000019b9
254,2024-03-08 00:00:00,5,,26,6061,J1,63*10.5,63*10.5,63.18,63.28,63.0,63.07,63.0,63.09,62.99,63.13,63.02,63.13,63.01,63.08,63.04,63.12,63.05,63.14,63.02,63.15,0.0,0.0,0.0,0.0,0.0,0.0,0.0,0.0,0.0,0.0,0.0,0.0,0.0,0.0,0.0,0.0,0.0,0.0,10.45,10.61,10.39,10.51,10.5,10.62,10.38,10.53,10.45,10.56,10.51,10.63,10.44,10.57,10.48,10.62,10.52,10.58,0.0,0.0,0.0,0.0,0.0,0.0,0.0,0.0,0.0,0.0,0.0,0.0,0.0,0.0,0.0,0.0,0.0,0.0,00000000000019ba
255,2024-03-08 00:00:00,6,,2,6061,,78*7.0,66.7*59,77.65,77.78,78.08,78.13,78.07,78.17,77.04,77.17,78.01,78.03,78.08,78.09,77.42,77.5,78.01,78.08,78.05,78.11,78.08,78.16,78.0,78.04,78.08,78.12,77.46,77.54,78.0,78.01,78.05,78.08,77.24,77.39,78.01,78.02,78.0,78.11,6.87,6.97,6.98,7.05,6.98,7.07,7.05,7.1,6.93,6.98,6.99,7.04,6.94,7.05,6.99,7.09,6.93,7.05,6.95,7.07,6.96,7.03,6.94,7.02,6.94,7.12,6.89,6.99,6.99,7.01,6.95,7.08,6.91,7.04,6.9,7.03,00000000000019bb
256,2024-03-08 00:00:00,7,,2,6061,D47,78*7.0,66.7*59,77.91,77.95,77.81,77.83,77.91,77.92,77.92,78.02,77.93,78.02,77.83,77.9,77.84,77.97,77.92,78.02,77.96,78.01,77.86,78.01,78.04,78.17,78.02,78.13,78.01,78.13,77.99,78.06,78.05,78.19,77.96,78.08,77.97,78.03,77.95,78.07,6.93,7.06,6.95,6.99,6.92,6.96,6.83,6.93,6.89,6.96,6.85,6.95,6.91,7.01,6.88,6.94,6.88,6.97,6.92,7.04,6.9,7.04,6.93,7.04,6.93,7.05,6.92,7.07,6.98,7.09,7.01,7.09,7.03,7.12,7.02,7.14,0000000000001993
257,2024-03-11 00:00:00,1,,1,6061,B11,35*2.8,35*2.8,35.02,35.14,35.04,35.06,35.0,35.02,35.03,35.11,35.02,35.18,35.0,35.02,35.0,35.02,35.0,35.04,35.04,35.07,35.0,35.06,35.0,35.01,35.02,35.04,35.01,35.04,35.03,35.06,35.02,35.11,34.99,35.03,35.01,35.08,35.02,35.07,2.74,2.83,2.79,2.85,2.78,2.82,2.73,2.81,2.78,2.86,2.79,2.92,2.75,2.85,2.75,2.83,2.76,2.82,2.79,2.84,2.81,2.9,2.77,2.83,2.78,2.85,2.81,2.9,2.84,2.87,2.76,2.84,2.78,2.92,2.74,2.91,0000000000001994
258,2024-03-11 00:00:00,2,,7,6061,B17,40*2.6,40*2.6,40.0,40.03,39.99,40.0,39.98,40.01,40.01,40.07,39.98,40.02,39.96,40.08,40.02,40.14,39.97,40.06,40.05,40.15,40.04,40.08,39.96,40.05,40.08,40.14,40.0,40.02,39.98,40.08,40.15,40.18,40.05,40.06,40.05,40.12,40.05,40.16,2.57,2.62,2.56,2.64,2.6,2.7,2.51,2.63,2.58,2.63,2.62,2.72,2.52,2.64,2.6,2.67,2.59,2.71,2.58,2.67,2.51,2.59,2.58,2.65,2.62,2.65,2.58,2.69,2.62,2.71,2.53,2.64,2.64,2.71,2.74,2.8,0000000000001995
259,2024-03-11 00:00:00,4,,1,7075,B19,38.1*3.0,38.1*3.0,38.03,38.04,38.08,38.11,37.87,38.16,38.01,38.02,38.02,38.08,37.92,38.04,38.0,38.05,38.05,38.1,37.63,38.25,38.04,38.09,38.09,38.11,37.81,38.04,38.02,38.06,38.06,38.12,36.15,39.92,38.01,38.05,38.06,38.1,36.77,39.01,3.0,3.1,2.94,3.04,2.98,3.06,2.92,3.01,2.93,3.07,2.96,3.02,2.97,3.04,2.91,3.04,2.91,3.05,2.96,3.15,2.93,3.04,2.98,3.07,2.97,3.06,2.98,3.07,2.92,3.04,2.92,3.16,2.91,3.03,2.97,3.03,0000000000001996
260,2024-03-11 00:00:00,5,,8,6061,J2,62*2.8,62*2.8,62.08,62.14,62.08,62.13,62.0,62.11,62.05,62.18,62.01,62.09,62.1,62.23,62.06,62.13,62.06,62.18,62.12,62.21,0.0,0.0,0.0,0.0,0.0,0.0,0.0,0.0,0.0,0.0,0.0,0.0,0.0,0.0,0.0,0.0,0.0,0.0,2.73,2.88,2.74,2.87,2.77,2.87,2.76,2.84,2.66,2.81,2.76,2.86,2.71,2.89,2.68,2.84,2.74,2.87,0.0,0.0,0.0,0.0,0.0,0.0,0.0,0.0,0.0,0.0,0.0,0.0,0.0,0.0,0.0,0.0,0.0,0.0,0000000000001997
261,2024-03-11 00:00:00,5,,24,6061,B21,84.5*1.25,84.5*1.25,84.43,84.59,84.39,84.43,84.43,84.53,84.37,84.46,84.44,84.47,84.45,84.58,84.46,84.58,84.52,84.56,84.5,84.57,0.0,0.0,0.0,0.0,0.0,0.0,0.0,0.0,0.0,0.0,0.0,0.0,0.0,0.0,0.0,0.0,0.0,0.0,1.17,1.25,1.22,1.26,1.18,1.27,1.27,1.33,1.21,1.28,1.19,1.26,1.29,1.31,1.29,1.36,1.18,1.24,0.0,0.0,0.0,0.0,0.0,0.0,0.0,0.0,0.0,0.0,0.0,0.0,0.0,0.0,0.0,0.0,0.0,0.0,0000000000001998
262,2024-03-11 00:00:00,6,,2,6061,D30,78*7.0,66.7*59,77.63,77.71,78.04,78.12,78.01,78.03,77.16,77.26,78.07,78.15,78.02,78.1,77.37,77.43,78.04,78.05,78.05,78.1,77.47,77.53,77.93,78.03,78.14,78.25,77.61,77.83,78.03,78.1,77.98,78.05,77.6,77.65,78.0,78.05,78.01,78.15,6.9,7.03,6.94,7.02,6.93,7.07,6.96,7.08,6.93,6.97,7.01,7.09,6.96,7.02,6.98,7.05,6.92,7.07,6.94,7.1,6.92,7.05,6.91,6.99,7.01,7.08,6.96,7.02,6.98,7.04,6.95,7.09,6.93,6.98,6.92,7.02,0000000000001987
263,2024-03-11 00:00:00,7,,8,6061,A10,115*4.0,115*4.0,115.01,115.07,114.99,115.0,114.96,115.12,114.93,115.02,114.98,115.12,115.09,115.18,114.98,115.11,115.16,115.24,114.98,115.06,114.97,115.06,115.15,115.21,115.02,115.14,115.02,115.14,115.05,115.16,114.99,115.12,114.96,115.02,115.08,115.13,115.05,115.18,3.98,4.11,4.02,4.05,3.92,4.07,4.03,4.05,4.02,4.03,4.01,4.08,3.95,4.01,3.92,4.08,3.99,4.06,3.97,4.05,3.97,4.04,4.01,4.09,3.96,4.08,4.05,4.12,4.0,4.1,3.99,4.07,3.96,4.05,4.02,4.08,0000000000001988
264,2024-03-12 00:00:00,1,,1,6061,F,35*2.8,35*2.8,35.02,35.05,35.03,35.09,35.02,35.04,35.07,35.11,35.0,35.04,35.0,35.04,35.01,35.02,34.98,35.0,34.97,35.02,35.01,35.13,35.01,35.04,34.99,35.02,35.02,35.06,34.98,35.06,35.0,35.04,35.0,35.03,35.01,35.06,35.05,35.06,2.8,2.85,2.79,2.85,2.77,2.9,2.79,2.84,2.75,2.82,2.83,2.87,2.79,2.8,2.78,2.84,2.75,2.82,2.79,2.89,2.78,2.87,2.73,2.82,2.77,2.83,2.8,2.85,2.77,2.83,2.72,2.86,2.78,2.85,2.84,2.86,0000000000001989
265,2024-03-12 00:00:00,2,,4,7050,B9,30*4.3,30*4.3,30.06,30.08,30.1,30.11,30.02,30.05,30.0,30.02,30.09,30.11,30.05,30.08,30.02,30.05,30.05,30.07,30.03,30.06,30.01,30.04,30.04,30.06,30.04,30.08,30.05,30.08,30.05,30.08,30.0,30.12,30.03,30.05,30.07,30.09,30.03,30.15,4.24,4.37,4.15,4.39,4.2,4.25,4.26,4.38,4.21,4.34,4.26,4.32,4.31,4.43,4.3,4.38,4.27,4.34,4.29,4.41,4.36,4.44,4.29,4.38,4.32,4.36,4.38,4.5,4.28,4.36,4.27,4.38,4.31,4.46,4.27,4.35,000000000000198a
266,2024-03-12 00:00:00,4,,1,7075,B11,38.1*3.0,38.1*3.0,38.06,38.11,38.06,38.14,37.8,37.93,37.96,38.04,38.08,38.15,37.74,38.06,38.01,38.03,38.07,38.12,37.93,38.16,38.01,38.09,38.04,38.07,37.8,38.07,37.94,37.97,38.11,38.17,37.75,38.25,37.97,38.08,38.03,38.08,37.74,38.37,3.0,3.09,2.93,3.09,2.99,3.05,3.02,3.04,2.97,3.03,2.98,3.08,2.97,3.11,2.93,3.04,2.94,3.02,2.98,3.13,3.03,3.1,2.97,3.04,3.01,3.07,3.0,3.17,2.95,3.07,3.02,3.11,2.94,3.1,2.94,3.02,000000000000198b
267,2024-03-12 00:00:00,5,,3,6061,B21,60*2.5,60*2.5,60.02,60.11,60.0,60.06,60.03,60.05,60.06,60.11,60.12,60.15,60.02,60.09,60.07,60.09,60.11,60.19,60.08,60.19,60.04,60.13,60.14,60.18,60.09,60.14,60.08,60.14,60.02,60.13,60.03,60.15,0.0,0.0,0.0,0.0,0.0,0.0,2.41,2.52,2.46,2.58,2.45,2.58,2.47,2.59,2.58,2.64,2.48,2.5,2.46,2.58,2.49,2.57,2.5,2.56,2.49,2.56,2.53,2.61,2.52,2.64,2.53,2.62,2.49,2.59,2.53,2.58,0.0,0.0,0.0,0.0,0.0,0.0,000000000000198c
268,2024-03-12 00:00:00,6,,2,6061,D43,78*7.0,66.7*59,77.12,77.13,78.12,78.17,78.02,78.15,77.06,77.12,78.01,78.16,78.01,78.05,77.67,77.77,77.98,78.06,78.07,78.13,77.13,77.2,78.01,78.05,78.02,78.13,77.47,77.56,78.03,78.05,78.07,78.14,77.55,77.66,78.01,78.1,78.07,78.09,7.04,7.12,6.88,6.98,6.9,7.02,7.01,7.16,6.88,7.02,6.91,7.05,6.93,7.05,6.88,7.03,6.97,7.03,6.9,7.07,6.92,6.98,6.93,7.01,7.05,7.12,6.94,7.01,6.96,7.08,6.96,7.04,6.98,7.04,6.93,6.95,00000000000019c8
269,2024-03-12 00:00:00,7,,8,6061,J2,115*4.0,115*4.0,114.98,115.01,114.98,115.02,114.98,115.02,114.96,115.02,114.96,115.07,115.05,115.17,114.92,115.08,114.92,115.0,114.98,115.04,114.97,115.05,114.96,115.08,115.01,115.12,115.02,115.14,115.05,115.18,114.99,115.16,114.99,115.08,115.02,115.16,115.03,115.18,3.98,4.03,3.93,4.03,3.95,4.1,3.99,4.05,4.03,4.15,3.98,4.12,4.02,4.08,3.93,4.01,3.92,4.06,4.09,4.18,3.99,4.05,3.92,4.04,4.1,4.12,3.97,4.08,3.9,4.01,4.0,4.08,3.99,4.15,3.93,4.06,00000000000019c9
270,2024-03-13 00:00:00,1,,1,6061,,35*2.8,35*2.8,35.05,35.1,35.03,35.05,35.01,35.03,35.03,35.04,35.0,35.03,35.0,35.04,35.02,35.03,35.02,35.03,35.05,35.07,35.03,35.04,35.04,35.06,35.03,35.07,35.02,35.04,35.0,35.04,35.03,35.04,35.0,35.01,35.01,35.04,35.11,35.14,2.72,2.84,2.79,2.84,2.78,2.84,2.81,2.85,2.79,2.86,2.79,2.82,2.75,2.82,2.83,2.89,2.79,2.84,2.76,2.9,2.76,2.88,2.75,2.88,2.83,2.84,2.79,2.86,2.77,2.91,2.73,2.78,2.72,2.78,2.8,2.84,00000000000019ca
271,2024-03-13 00:00:00,2,,6,6061,B17,40*4.2,40*4.2,39.9,39.91,40.03,40.05,39.93,39.98,39.92,39.93,40.02,40.04,39.94,39.99,39.91,39.92,40.03,40.04,39.97,39.98,39.97,39.98,40.01,40.01,40.01,40.04,39.99,40.0,40.0,40.02,39.97,40.02,39.98,40.01,40.02,40.06,40.05,40.07,4.02,4.23,4.11,4.22,4.08,4.13,4.14,4.26,4.15,4.23,4.09,4.15,4.18,4.29,4.18,4.27,4.08,4.14,4.19,4.32,4.2,4.28,4.12,4.16,4.2,4.33,4.19,4.26,4.2,4.24,4.19,4.31,4.21,4.28,4.21,4.23,00000000000019cb
272,2024-03-13 00:00:00,4,,2,7075,B11,44*4,37.5*30.6,44.03,44.04,44.08,44.12,43.71,44.24,44.03,44.08,44.05,44.09,43.88,44.12,44.05,44.13,44.02,44.07,44.03,44.08,44.02,44.13,44.02,44.05,43.71,44.15,43.98,44.0,44.01,44.11,43.73,44.05,43.99,44.07,44.0,44.03,43.75,43.92,3.93,4.08,3.96,4.02,3.84,3.93,3.89,4.02,3.98,4.0,3.92,3.94,3.88,3.99,3.97,4.03,3.91,4.02,3.94,3.96,3.92,4.02,3.87,3.93,3.94,4.0,3.95,4.04,3.91,3.96,3.95,4.09,3.89,3.96,3.89,3.92,00000000000019cc
273,2024-03-13 00:00:00,5,,26,6061,J1,62*13.5,62*13.5,61.96,62.02,61.93,62.04,61.81,61.87,61.83,61.94,61.97,62.03,61.39,61.5,61.87,61.96,61.99,62.05,61.83,661.96,0.0,0.0,0.0,0.0,0.0,0.0,0.0,0.0,0.0,0.0,0.0,0.0,0.0,0.0,0.0,0.0,0.0,0.0,13.47,13.51,13.4,13.51,13.39,13.51,13.39,13.55,13.34,13.47,13.17,13.29,13.41,13.56,13.39,13.46,13.25,13.38,0.0,0.0,0.0,0.0,0.0,0.0,0.0,0.0,0.0,0.0,0.0,0.0,0.0,0.0,0.0,0.0,0.0,0.0,00000000000019cd
274,2024-03-13 00:00:00,5,,8,6061,J1,62*3.5,62*3.5,61.99,62.05,61.89,61.98,62.16,62.18,61.99,62.07,61.88,62.01,62.04,62.16,62.02,62.15,61.94,62.08,62.08,62.19,0.0,0.0,0.0,0.0,0.0,0.0,0.0,0.0,0.0,0.0,0.0,0.0,0.0,0.0,0.0,0.0,0.0,0.0,3.4,3.55,3.44,3.58,3.47,3.52,3.44,3.58,3.39,3.52,3.53,3.61,3.52,3.64,3.42,3.54,3.49,3.62,0.0,0.0,0.0,0.0,0.0,0.0,0.0,0.0,0.0,0.0,0.0,0.0,0.0,0.0,0.0,0.0,0.0,0.0,00000000000019da
275,2024-03-13 00:00:00,6,,2,6061,D43,75*6.5,64.5*56.75,73.37,73.43,75.03,75.06,75.08,75.09,74.18,74.3,75.05,75.1,75.05,75.13,73.99,74.12,75.06,75.13,78.05,78.19,74.09,74.11,75.03,75.04,75.01,75.11,73.88,74.0,75.01,75.06,75.09,75.15,73.93,74.02,75.02,75.04,75.14,75.15,6.47,6.55,6.42,6.58,6.37,6.53,6.42,6.59,6.43,6.51,6.44,6.51,6.5,6.62,6.37,6.53,6.47,6.59,6.62,6.75,6.39,6.51,6.39,6.54,6.63,6.72,6.36,6.5,6.39,6.55,6.59,6.63,6.42,6.48,6.35,6.55,00000000000019db
276,2024-03-13 00:00:00,7,,17,6061,J2,99*3.7,99*3.7,99.05,99.12,99.12,99.15,99.13,99.19,99.01,99.08,99.1,99.13,99.14,99.15,98.99,99.06,99.09,99.12,99.08,99.11,98.97,99.05,99.08,66.16,99.07,99.15,99.0,99.06,99.11,99.14,99.11,99.16,99.01,99.04,99.07,99.11,99.09,99.18,3.66,3.8,3.78,3.85,3.76,3.81,3.69,3.78,3.81,3.96,3.75,3.82,3.72,3.79,3.72,3.81,3.67,3.74,3.7,3.8,3.78,3.84,3.71,3.76,3.68,3.72,3.69,3.76,3.72,3.78,3.66,3.71,3.7,3.78,3.69,3.78,00000000000019dc
277,2024-03-14 00:00:00,1,,1,6061,,35*3.2,35*3.2,35.03,35.06,35.0,35.04,34.97,34.98,34.99,35.01,35.02,35.07,35.05,35.07,35.01,35.06,35.02,35.03,35.03,35.05,35.0,35.02,35.0,35.06,34.95,34.98,34.97,34.98,35.0,35.02,35.0,35.07,34.99,35.02,35.01,35.05,35.01,35.06,3.14,3.26,3.17,3.23,3.19,3.22,3.19,3.3,3.16,3.24,3.19,3.25,3.19,3.31,3.15,3.24,3.17,3.24,3.14,3.23,3.21,3.24,3.23,3.25,3.19,3.23,3.2,3.29,3.2,3.23,3.18,3.24,3.18,3.27,3.23,3.3,00000000000019dd
278,2024-03-14 00:00:00,2,,4,6061,B17,35*2.8,35*2.8,34.92,34.93,35.03,35.05,34.96,34.99,35.04,35.06,35.01,35.05,35.1,35.17,35.01,35.08,35.0,35.04,34.97,34.98,35.03,35.06,35.02,35.06,34.92,34.95,34.99,35.02,35.01,35.04,35.0,35.03,34.97,35.03,35.02,35.05,35.02,35.06,2.76,2.92,2.78,2.9,2.8,2.86,2.79,2.9,2.81,2.95,2.8,2.86,2.78,2.91,2.79,2.88,2.81,2.92,2.81,2.93,2.78,2.94,2.89,2.92,2.82,2.88,2.81,2.93,2.8,2.83,2.83,2.86,2.82,2.9,2.84,2.96,00000000000019de
279,2024-03-14 00:00:00,4,,1,7075,B11,38.1*3.3,38.1*3.3,38.09,38.15,38.11,38.16,38.07,38.14,38.03,38.09,38.09,38.19,37.21,38.29,38.09,38.17,38.02,38.13,37.43,38.48,38.1,38.17,38.06,38.09,38.07,39.16,38.02,38.07,38.05,38.08,38.02,39.03,38.0,38.04,38.01,38.04,37.98,39.01,3.31,3.36,3.28,3.45,3.29,3.34,3.27,3.34,3.29,3.46,3.28,3.33,3.3,3.38,3.31,3.43,3.31,3.39,3.36,3.4,3.29,3.36,3.28,3.31,3.27,3.39,3.32,3.38,3.3,3.33,3.3,3.32,3.29,3.33,3.32,3.35,00000000000019df
280,2024-03-14 00:00:00,5,,24,6061,B22,84.5*1.25,84.5*1.25,84.38,84.5,84.5,84.7,84.32,84.5,84.34,84.46,84.24,84.36,84.53,84.7,84.42,84.53,84.32,84.48,84.52,84.58,84.41,84.52,84.38,84.51,84.54,84.59,84.46,84.51,84.44,84.56,84.47,84.52,84.42,84.53,84.47,84.52,84.44,84.53,1.25,1.35,1.27,1.34,1.24,1.34,1.29,1.37,1.29,1.34,1.3,1.37,1.24,1.32,1.28,1.33,1.26,1.29,1.27,1.36,1.26,1.34,1.25,1.32,1.29,1.32,1.31,1.37,1.23,1.31,1.3,1.38,1.32,1.36,1.22,1.3,000000000000197b
281,2024-03-14 00:00:00,7,,2,6061,D48,78*7.0,78*7.0,77.91,77.93,787.01,78.05,77.93,77.98,78.01,78.03,77.83,77.91,77.9,77.98,77.84,77.93,77.91,77.95,77.94,78.03,77.91,77.98,77.91,77.96,77.93,77.94,77.94,78.01,78.0,78.02,77.95,77.97,77.97,78.09,77.96,77.99,78.02,78.06,6.95,7.0,6.91,7.08,6.86,6.95,6.91,6.99,6.83,6.9,6.82,6.93,6.83,6.91,6.86,6.97,6.8,6.95,6.82,6.91,6.94,7.05,6.84,7.03,6.9,6.99,6.99,7.06,6.89,6.99,6.89,7.02,6.98,7.04,6.84,6.92,000000000000197c
282,2024-03-15 00:00:00,1,,1,6061,,35*3.2,35*3.2,34.97,35.03,35.09,3514.0,35.02,35.1,35.02,35.09,34.92,34.99,35.0,35.06,35.0,35.08,35.06,35.13,35.01,35.09,34.99,35.05,35.05,35.11,35.07,35.14,35.08,35.15,35.03,35.09,35.03,35.1,35.01,35.07,35.08,35.15,35.05,35.11,3.16,3.21,3.16,3.22,3.15,3.21,3.14,3.2,3.17,3.23,3.11,3.17,3.18,3.25,3.22,3.28,3.2,3.26,3.15,3.17,3016.0,3.23,3.14,3.19,3.17,3.22,3.08,3.15,3.15,3.2,3.18,3.24,3.12,3.18,3.15,3.22,000000000000197d
283,2024-03-15 00:00:00,2,,1,6066,B3,40*3.2,40*3.2,40.07,740.12,40.03,40.1,40.13,40.18,40.03,40.09,40.07,40.12,40.11,40.16,40.0,40.06,40.05,40.1,40.14,40.2,40.05,40.11,40.02,40.07,40.12,40.17,40.07,40.13,40.0,40.05,40.13,40.19,40.09,40.16,40.05,40.11,40.1,40.16,3.17,3.22,3.16,3.21,3.1,3.16,3.15,3.2,3.11,3.17,3.13,3.18,3.18,3.23,3.1,3.16,3.17,3.23,3.14,3.19,3.09,3.15,3.15,3.2,3.13,3.18,3.13,3.18,3.09,3.14,3.16,3.21,3.15,3.22,3.12,3.17,000000000000197e
284,2024-03-15 00:00:00,4,,1,7075,B11,38.1*3.3,38.1*3.3,38.07,38.12,38.06,38.12,37.86,37.92,38.06,38.14,38.07,38.13,37.9,37.98,38.1,38.16,38.02,38.08,37.91,37.99,38.08,38.15,38.08,38.14,37.88,37.94,38.05,38.11,38.05,38.1,38.0,38.15,38.03,38.1,38.09,38.16,37.99,38.06,3.25,3.31,3.3,3.36,3.22,3.28,3.24,3.3,3.2,3.26,3.25,3.33,3.28,3.34,3.22,3.27,3.24,3.3,3.26,3.32,3.2,3.27,3.28,3.34,3.21,3.27,3.26,3.32,3.26,3.3,3.23,3.29,3.29,3.34,3.23,3.28,000000000000197f
285,2024-03-15 00:00:00,5,,2,6061,D12,75*6.5,75*6.5,75.12,75.19,75.04,75.09,74.92,74.98,75.11,75.16,75.07,75.12,74.9,74.96,75.16,75.21,75.09,75.14,75.0,75.06,74.99,75.04,74.91,74.98,75.12,75.17,75.0,75.06,74.99,75.05,75.05,75.11,75.05,75.11,74.95,75.01,75.09,75.15,6.37,6.42,6.4,6.45,6.36,6.42,6.4,6.46,6.35,6.4,6.39,6.45,6.48,6.53,6.38,6.44,6.34,6.4,6.45,6.51,6.41,6.46,6.38,6.44,6.42,6.48,6.44,96.5,6.43,6.48,6.51,6.57,6.46,6.52,6.45,6.51,0000000000001980
286,2024-03-15 00:00:00,6,,2,6061,D43,75*6.5,64.5*56.75,74.25,74.32,75.07,75.12,75.1,75.16,74.45,74.51,75.09,75.14,75.13,75.18,74.33,74.38,75.04,75.09,75.16,75.21,74.48,74.54,75.06,75.12,75.11,75.16,74.33,74.39,75.08,75.13,75.19,75.25,74.46,74.52,75.07,75.13,75.15,75.21,6.48,6.53,6.5,6.55,6.47,6.52,6.47,6.54,6.43,6.48,6.41,6.48,6.45,6.5,6.44,6.5,6.41,6.47,6.42,6.48,6.47,6.53,6.49,6.54,6.43,6349.0,6.44,6.48,6.42,6.5,6.46,6.52,6.43,6.49,6.4,6.48,000000000000198d
288,2024-03-15 00:00:00,7,,2,6061,D43,78*8.0,66.5*56.75,77.93,77.98,77.8,77.89,77.98,78.03,77.82,77.88,77.87,77.93,77.85,77.91,77.85,77.91,77.85,77.9,77.77,77.82,77.76,77.82,77.89,77.95,77.82,77.88,77.79,77.95,77.81,77.88,77.84,77.9,77.86,77.92,77.84,77.9,77.89,77.96,7.88,7.94,7.96,8.03,8.03,8.08,7.86,7.92,8.02,8.07,8.04,8.1,7.87,7.92,8.06,8.12,7.99,8.05,7.83,7.89,7.98,8.04,7.88,7.93,7.9,7.98,8.05,8.11,7.86,7.91,7.95,8.01,8.0,8.06,7.89,7.95,000000000000198e
289,2024-03-18 00:00:00,1,,10,6061,B19,25.4*1.6,25.4*1.6,25.4,25.42,25.37,25.4,25.4,25.42,25.37,25.4,25.36,25.38,25.38,25.4,25.38,25.47,25.39,25.4,25.34,25.39,25.39,25.4,25.4,25.42,25.34,25.38,25.36,25.41,25.39,25.4,25.39,25.4,25.39,25.4,25.38,25.42,25.38,25.39,1.58,1.64,1.54,1.61,1.55,1.65,1.49,1.67,1.54,1.63,1.55,1.62,1.58,1.65,1.51,1.62,1.54,1.61,1.49,1.61,1.53,1.6,1.56,1.61,1.5,1.67,1.51,1.65,1.52,1.69,1.64,1.74,1.59,1.64,1.56,1.58,000000000000198f
290,0202-03-18 00:00:00,2,,1,6066,B2,40*3.2,40*3.2,39.9,39.96,40.02,40.12,40.0,40.01,39.91,39.96,39.92,40.0,40.0,40.11,40.03,40.11,40.05,40.11,39.95,40.05,40.01,40.12,40.08,40.12,39.98,40.03,40.04,40.08,40.05,40.14,39.99,40.05,40.05,40.13,40.08,40.12,39.98,40.04,3.27,3.29,3.13,3.28,3.2,3.26,3.25,3.31,3.27,3.33,3.17,3.27,3.2,3.23,3.15,3.3,3.22,3.35,3.21,3.24,3.21,3.31,3.21,3.32,3.23,3.31,3.23,3.34,3.31,3.34,3.24,3.27,3.22,3.31,3.28,3.29,0000000000001990
291,2024-03-18 00:00:00,4,,1,7075,B11,38.1*3.3,38.1*3.3,38.02,38.04,38.14,38.18,37.83,38.31,38.02,38.08,38.03,38.08,37.05,37.81,38.0,38.03,38.06,38.13,37.71,38.14,38.02,38.05,38.1,38.13,37.67,38.61,38.02,38.08,38.06,38.1,37.82,38.55,38.04,38.06,38.04,38.08,37.47,38.81,3.28,3.35,3.32,3.36,3.22,3.28,3.25,3.4,3.22,3.38,3.3,3.34,3.28,3.35,3.23,3.34,3.25,3.31,3.3,3.38,3.22,3.36,3.24,3.3,3.26,3.35,3.37,3.41,3.24,3.31,3.24,3.35,3.3,3.4,3.33,3.34,0000000000001991
292,2024-03-18 00:00:00,5,,13,6061,J2,58*10,58*10,57.97,58.07,57.97,58.02,57.98,58.0,58.01,58.06,57.99,58.04,57.99,58.02,58.0,58.08,58.02,58.08,58.01,58.04,0.0,0.0,0.0,0.0,0.0,0.0,0.0,0.0,0.0,0.0,0.0,0.0,0.0,0.0,0.0,0.0,0.0,0.0,9.86,9.99,9.91,10.02,9.79,9.89,9.89,9.94,9.93,10.04,9.83,9.88,9.98,10.06,9.95,10.06,9.92,9.99,0.0,0.0,0.0,0.0,0.0,0.0,0.0,0.0,0.0,0.0,0.0,0.0,0.0,0.0,0.0,0.0,0.0,0.0,000000000000189e
293,2024-03-18 00:00:00,5,,3,6061,j2,74*3.5,74*3.5,74.18,74.24,74.2,74.32,73.97,74.18,74.21,74.32,74.23,74.25,74.18,74.19,0.0,0.0,0.0,0.0,0.0,0.0,0.0,0.0,0.0,0.0,0.0,0.0,0.0,0.0,0.0,0.0,0.0,0.0,0.0,0.0,0.0,0.0,0.0,0.0,3.59,3.69,3.52,3.53,3.56,3.63,3.53,3.63,3.53,3.59,3.52,3.6,0.0,0.0,0.0,0.0,0.0,0.0,0.0,0.0,0.0,0.0,0.0,0.0,0.0,0.0,0.0,0.0,0.0,0.0,0.0,0.0,0.0,0.0,0.0,0.0,000000000000189f
294,2024-03-18 00:00:00,6,,2,6061,D45,65*8.0,55*45.7,65.0,65.08,65.06,65.09,65.07,65.14,65.02,65.1,65.05,65.07,65.02,65.05,65.0,65.6,65.04,65.08,65.47,65.5,65.02,65.2,65.08,65.15,64.98,65.06,65.05,65.07,65.05,65.07,65.28,65.31,65.03,65.1,65.04,65.06,65.06,65.08,8.0,8.12,7.97,8.15,7.87,8.04,7.9,8.15,7.88,8.03,7.83,7.97,7.92,8.05,7.95,8.02,7.93,8.07,7.9,8.06,7.92,8.05,7.9,8.01,7.95,8.09,7.9,8.03,7.83,7.91,7.96,8.04,7.92,8.08,7.86,7.97,00000000000018a0
295,2024-03-18 00:00:00,7,,17,6061,J2,99*3.7,99*3.7,99.04,99.17,98.97,99.14,99.07,99.1,99.08,99.12,99.19,99.2,99.07,99.17,99.1,99.12,99.08,99.12,99.04,99.06,99.05,99.11,99.02,99.14,99.05,99.08,99.04,99.09,99.03,99.11,99.03,99.14,99.01,99.1,98.99,99.07,99.02,99.14,3.74,3.83,3.73,3.86,3.72,3.84,3.81,3.84,3.79,3.86,3.77,3.87,3.74,3.83,3.72,3.81,3.69,3.79,3.72,3.81,3.7,3.82,3.68,3.81,3.71,3.83,3.69,3.78,3.72,3.83,3.72,3.84,3.71,3.81,3.81,3.84,00000000000018a1
296,2024-03-19 00:00:00,1,,3,6061,A18,19*1.6,19*1.6,19.07,19.14,19.1,19.12,19.09,19.12,19.1,19.12,19.11,19.12,19.11,19.12,19.08,1914.0,19.11,19.14,19.08,19.09,19.1,19.16,19.1,19.15,19.11,19.12,19.09,19.1,19.14,19.16,19.11,19.14,19.14,19.15,19.12,19.16,19.12,19.12,1.63,1.65,1.63,1.68,1.57,1.6,1.6,1.65,1.62,1.67,1.63,1.65,1.66,1.69,1.58,1.63,1.61,1.68,1.64,1.67,1.61,1.67,1.59,1.69,1.62,1.66,1.63,1.68,1.63,1.65,1.63,1.67,1.58,1.69,1.58,1.67,00000000000018a2
297,2024-03-19 00:00:00,2,,3,6061,B17,35*2.85,35*2.85,34.9,34.97,35.09,35.12,34.98,34.99,34.95,34.97,34.95,35.02,35.0,35.01,34.96,34.98,34.96,35.01,35.02,35.06,34.98,34.99,35.01,35.02,35.04,35.07,34.99,35.02,35.02,35.04,35.08,35.1,35.0,35.01,35.03,35.04,35.05,35.06,2.82,2.92,2.86,2.9,2.8,2.9,2.84,2.93,2.78,2.95,2.81,2.89,2.83,2.92,2.81,2.94,2.83,2.87,2.81,2.91,2.82,2.93,2.83,2.86,2.82,2.92,2.83,2.94,2.81,2.83,2.79,2.86,2.79,2.91,2.82,2.94,0000000000001992
298,2024-03-19 00:00:00,4,,1,7075,B11,38.1*3.3,38.1*3.3,38.06,38.08,38.05,38.06,38.04,38.06,38.04,38.05,38.03,38.1,37.92,38.35,38.0,38.06,38.04,38.11,37.58,38.85,38.0,38.06,38.08,38.13,36.75,39.57,38.04,38.07,38.08,38.13,37.67,38.03,38.01,38.04,38.12,38.15,37.74,38.12,3.25,3.38,3.26,3.4,3.27,3.48,3.27,3.4,3.35,3.43,3.28,3.31,3.25,3.4,3.34,3.39,3.24,3.27,3.35,3.42,3.3,3.35,3.29,3.33,3.32,3.38,3.32,3.38,3.27,3.34,3.31,3.39,3.34,3.36,3.29,3.35,00000000000019ce
299,2024-03-19 00:00:00,5,,3,6061,J2,50*3.5,50*3.5,50.1,50.11,50.05,50.08,50.04,50.1,50.04,50.08,50.07,50.12,50.01,50.12,50.06,50.07,50.05,50.14,50.08,50.14,0.0,0.0,0.0,0.0,0.0,0.0,0.0,0.0,0.0,0.0,0.0,0.0,0.0,0.0,0.0,0.0,0.0,0.0,3.47,3.58,3.48,3.54,3.41,3.56,3.49,3.62,3.49,3.58,3.51,3.53,3.5,3.61,3.5,3.57,3.52,3.58,0.0,0.0,0.0,0.0,0.0,0.0,0.0,0.0,0.0,0.0,0.0,0.0,0.0,0.0,0.0,0.0,0.0,0.0,00000000000019cf
300,2024-03-19 00:00:00,5,,3,6061,J2,65*1.8,65*1.8,65.04,65.07,65.01,65.05,64.99,65.04,65.06,65.13,65.12,65.14,65.11,65.17,65.05,65.07,65.08,65.13,65.12,65.16,0.0,0.0,0.0,0.0,0.0,0.0,0.0,0.0,0.0,0.0,0.0,0.0,0.0,0.0,0.0,0.0,0.0,0.0,1.77,1.81,1.82,1.93,1.87,1.92,1.8,1.92,1.85,1.89,1.74,1.91,1.81,1.94,1.84,1.94,1.77,1.83,0.0,0.0,0.0,0.0,0.0,0.0,0.0,0.0,0.0,0.0,0.0,0.0,0.0,0.0,0.0,0.0,0.0,0.0,00000000000019d0
301,2024-03-19 00:00:00,6,,2,6061,D45,78*7.0,66.7*59,76.97,77.01,78.02,78.09,78.02,78.23,77.55,77.8,77.97,78.03,78.1,78.18,76.97,77.02,78.01,78.07,78.05,78.17,76.56,76.66,78.01,78.06,78.08,78.1,76.53,76.62,78.04,78.12,78.06,78.16,76.32,76.44,78.06,78.08,78.0,78.0,7.0,7.07,6.92,7.01,6.94,7.06,6.94,7.02,6.93,7.02,6.95,7.02,7.07,7.24,6.93,7.06,6.94,7.05,7.1,7.26,6.87,7.04,6.85,7.01,7.18,7.24,6.98,7.02,6.99,7.04,7.06,7.12,6.92,7.03,6.95,7.02,00000000000019d1
302,2024-03-19 00:00:00,7,,17,6061,J1,99*3.7,99*3.7,99.07,99.13,66.02,99.08,99.01,99.09,98.91,98.99,99.04,99.05,98.99,99.08,98.97,99.13,99.09,99.12,99.13,99.17,99.01,99.14,99.02,99.06,98.99,99.05,99.05,99.12,99.03,99.05,99.02,99.04,99.07,99.09,99.01,99.08,99.0,99.13,3.69,3.82,3.74,3.82,3.69,3.87,3.74,3.85,3.74,3.86,3.74,3.84,3.75,3.82,3.66,3.79,3.71,3.81,3.71,3.83,3.68,3.81,3.72,3.86,3.74,3.87,3.69,3.78,3.73,3.88,3.72,3.83,3.71,3.74,3.72,3.83,00000000000019d2
303,2024-03-20 00:00:00,1,,20,7005,B10,19*1.6,19*1.6,19.13,19.14,19.08,19.11,19.17,19.18,19.14,19.15,19.05,19.11,19.14,19.17,0.0,0.0,0.0,0.0,0.0,0.0,0.0,0.0,0.0,0.0,0.0,0.0,0.0,0.0,0.0,0.0,0.0,0.0,0.0,0.0,0.0,0.0,0.0,0.0,1.63,1.69,1.63,1.66,1.6,1.7,1.63,1.72,1.64,1.67,1.63,1.69,0.0,0.0,0.0,0.0,0.0,0.0,0.0,0.0,0.0,0.0,0.0,0.0,0.0,0.0,0.0,0.0,0.0,0.0,0.0,0.0,0.0,0.0,0.0,0.0,00000000000019d3
304,2024-03-20 00:00:00,1,,20,7005,B11,25.4*1.8,25.4*1.8,25.33,25.4,25.33,25.41,25.33,25.35,25.27,25.33,25.13,25.36,25.35,25.36,0.0,0.0,0.0,0.0,0.0,0.0,0.0,0.0,0.0,0.0,0.0,0.0,0.0,0.0,0.0,0.0,0.0,0.0,0.0,0.0,0.0,0.0,0.0,0.0,1.74,1.81,1.74,1.82,1.73,1.82,1.84,1.96,1.87,1.92,1.79,1.85,0.0,0.0,0.0,0.0,0.0,0.0,0.0,0.0,0.0,0.0,0.0,0.0,0.0,0.0,0.0,0.0,0.0,0.0,0.0,0.0,0.0,0.0,0.0,0.0,00000000000019d4
305,2024-03-20 00:00:00,1,,20,7005,B11,35*2.4,35*2.4,35.0,35.02,34.97,35.06,35.04,35.07,34.97,35.13,34.89,34.91,34.92,35.01,0.0,0.0,0.0,0.0,0.0,0.0,0.0,0.0,0.0,0.0,0.0,0.0,0.0,0.0,0.0,0.0,0.0,0.0,0.0,0.0,0.0,0.0,0.0,0.0,2.44,2.47,2.42,2.46,2.4,2.46,2.45,2.48,2.47,2.51,2.38,2.51,0.0,0.0,0.0,0.0,0.0,0.0,0.0,0.0,0.0,0.0,0.0,0.0,0.0,0.0,0.0,0.0,0.0,0.0,0.0,0.0,0.0,0.0,0.0,0.0,00000000000019d5
307,2024-03-21 00:00:00,1,,1,6061,F,35*2.8,35*2.8,35.03,35.04,34.99,35.02,35.02,35.04,35.05,35.08,35.02,35.05,35.03,35.05,35.0,35.04,35.07,35.09,35.0,35.01,34.98,34.99,35.07,35.14,34.99,35.01,35.07,35.11,35.0,35.04,34.96,35.0,34.98,35.0,34.98,35.02,35.02,35.07,2.77,2.81,2.78,2.86,2.8,2.84,2.78,2.84,2.77,2.85,2.77,2.85,2.77,2.85,2.79,2.94,2.79,2.86,2.79,2.86,2.79,2.83,2.72,2.79,2.73,2.8,2.76,2.82,2.79,2.84,2.73,2.76,2.76,2.8,28.0,2.84,00000000000019d6
308,2024-03-21 00:00:00,4,,1,6066,B3,40*3.2,40*3.2,39.95,40.0,40.02,40.04,40.07,40.12,39.98,40.01,40.03,40.03,40.11,40.16,40.02,40.04,40.05,40.09,40.04,40.07,39.95,39.96,40.05,40.08,39.94,40.08,39.95,39.99,40.03,40.08,39.94,40.16,39.97,39.98,40.04,40.05,39.99,40.02,3.299,3.39,3.15,3.31,3.21,3.31,3.32,3.42,3.2,3.33,3.27,3.32,3.14,3.28,3.19,3.32,3.17,3.22,3.31,3.4,3.19,3.26,3.19,3.26,3.36,3.41,3.15,3.28,3.21,3.26,3.24,3.27,3.19,3.26,3.22,3.28,00000000000019d7
309,2024-03-20 00:00:00,4,,9,2014,B21,44*5.7,44*5.7,44.03,44.07,43.93,43.99,43.9,43.9,43.98,44.03,44.0,44.03,44.16,44.3,43.99,44.01,43.977,44.01,43.74,44.06,43.97,44.02,43.96,44.0,43.8,44.08,43.98,44.01,43.99,44.03,43.4,44.05,43.98,44.01,43.99,43.99,43.91,44.47,5.74,5.78,5.7,5.79,5.73,5.82,5.66,5.89,5.69,5.88,5.75,5.84,5.74,5.8,5.69,5.84,5.72,5.75,5.75,5.85,5.72,5.86,5.69,5.8,5.69,5.81,5.72,5.82,5.69,5.79,5.67,5.82,5.69,5.83,5.68,5.78,00000000000019d8
310,2024-03-20 00:00:00,5,,1,6061,,40*3.0,40*3.0,40.09,40.11,40.02,40.07,40.03,40.04,40.05,40.15,40.03,40.06,40.0,40.1,40.04,40.11,40.05,40.09,40.05,40.14,40.08,40.13,40.05,40.08,40.05,40.08,40.04,40.11,40.09,40.16,40.07,40.09,40.09,40.12,40.08,40.17,40.08,40.1,3.01,3.04,3.02,3.08,3.08,3.1,3.06,3.08,2.98,3.06,3.02,3.09,3.02,3.14,2.99,3.07,3.04,3.08,3.05,3.14,2.97,3.08,3.02,3.1,3.04,3.07,2.98,3.14,3.04,3.08,3.01,3.08,2.99,3.12,3.05,3.11,00000000000019d9
312,2024-03-20 00:00:00,5,,33,6066,B3,80*2.4,80*2.4,80.09,80.13,80.02,80.08,80.16,80.19,80.08,80.15,80.05,80.09,80.12,80.18,80.09,80.16,80.04,80.12,80.13,80.16,80.12,80.18,80.08,80.13,80.11,80.15,80.05,80.08,80.07,80.14,80.12,80.15,80.08,80.14,80.06,80.12,80.02,80.04,2.48,2.51,2.5,2.57,2.49,2.56,2.49,2.56,2.54,2.59,2.48,2.55,2.52,2.57,2.46,2.52,2.47,2.54,2.53,2.58,2.54,2.59,2.53,2.57,2.52,2.55,2.46,2.53,2.51,2.54,2.51,2.56,2.53,2.61,2.49,2.53,00000000000019e6
313,2024-03-21 00:00:00,6,,2,6061,D45,78*7.0,66.7*59,76.96,77.04,78.02,78.09,78.07,78.1,76.67,77.77,78.01,78.04,78.17,78.2,76.77,76.89,77.99,78.04,78.1,78.13,77.0,77.04,78.04,78.08,78.11,78.15,77.14,77.23,78.06,78.12,78.12,78.21,77.0,77.02,78.04,78.06,78.04,78.05,7.02,7.06,6.98,7.02,6.99,7.07,6.94,7.01,7.01,7.05,6.92,7.07,6.9,7.07,6.94,7.02,6.9,7.1,6.94,7.08,6.89,7.04,6.89,7.06,6.98,7.07,6.98,7.0,6.95,7.04,6.95,7.1,6.96,7.01,6.94,7.04,00000000000019e7
314,2024-03-21 00:00:00,6,,2,6061,D35,78*7.0,66.7*59,76.92,77.25,77.99,78.09,77.98,78.03,77.51,77.76,78.01,78.07,77.94,78.04,77.34,77.45,78.0,78.04,78.06,78.14,77.31,77.44,77.98,78.03,77.94,78.19,77.12,77.25,77.97,78.06,77.99,78.04,77.44,77.59,78.03,78.08,78.02,78.06,6.93,7.04,6.95,7.05,6.9,7.07,6.88,7.09,6.88,6.98,6.94,7.04,6.95,7.08,6.91,7.04,6.93,7.09,6.98,7.04,7.01,7.04,6.96,7.14,6.92,7.05,6.99,7.06,6.95,7.04,7.05,7.12,6.91,7.03,7.06,7.1,00000000000019e8
315,2024-03-21 00:00:00,7,,2,6061,D49,90*8,80*90,89.82,89.9,89.89,90.04,89.86,89.91,89.87,89.92,89.91,90.04,89.93,90.07,89.87,90.04,89.84,89.91,89.85,89.94,89.88,89.94,89.88,89.96,89.88,89.98,89.94,89.97,89.94,89.98,89.92,89.96,89.94,89.99,89.95,89.99,89.96,89.99,7.83,7.93,7.84,7.98,7.78,7.92,7.85,7.93,7.98,8.06,7.87,7.93,7.87,7.99,7.81,7.97,7.94,8.0,7.86,7.89,7.84,7.98,7.97,8.02,7.88,7.92,7.92,7.96,7.98,8.04,7.94,7.98,7.98,8.04,7.99,8.01,00000000000019e9
316,2024-03-21 00:00:00,7,,17,6061,J2,99*3.7,99*3.7,99.01,99.12,99.03,99.05,99.03,99.05,98.91,98.99,98.95,98.99,99.04,99.12,99.02,99.08,98.96,98.98,99.02,99.1,0.0,0.0,0.0,0.0,0.0,0.0,0.0,0.0,0.0,0.0,0.0,0.0,0.0,0.0,0.0,0.0,0.0,0.0,3.73,3.86,3.73,3.85,3.7,3.84,3.78,3.9,3.65,3.76,3.71,3.86,3.79,3.92,3.68,3.84,3.72,3.79,0.0,0.0,0.0,0.0,0.0,0.0,0.0,0.0,0.0,0.0,0.0,0.0,0.0,0.0,0.0,0.0,0.0,0.0,00000000000019ea
317,2024-03-21 00:00:00,7,,2,6061,D49,90*8.0,80*70,90.01,90.12,90.01,90.04,89.98,90.06,90.04,90.16,90.05,90.13,89.99,90.08,90.08,90.19,90.02,90.07,90.02,90.09,0.0,0.0,0.0,0.0,0.0,0.0,0.0,0.0,0.0,0.0,0.0,0.0,0.0,0.0,0.0,0.0,0.0,0.0,7.94,8.09,7.94,8.02,7.92,7.98,7.98,8.12,7.97,8.08,7.94,8.03,7.99,8.14,7.98,8.04,7.92,8.03,0.0,0.0,0.0,0.0,0.0,0.0,0.0,0.0,0.0,0.0,0.0,0.0,0.0,0.0,0.0,0.0,0.0,0.0,00000000000019eb
318,2024-03-22 00:00:00,1,,1,6061,,35*2.8,35*2.8,35.04,35.09,35.02,35.05,35.04,35.09,35.05,35.06,35.02,35.04,35.03,35.06,35.03,35.06,35.01,35.01,35.03,35.11,35.02,3503.0,35.04,35.09,35.02,35.04,35.07,35.09,35.04,35.05,35.03,35.05,35.01,35.02,35.07,35.09,35.07,35.08,2.77,2.89,2.79,2.86,2.81,2.85,2.77,2.86,2.79,2.86,2.78,2.85,2.79,2.85,2.72,2.86,2.73,2.85,2.81,2.95,2.79,2.84,2.84,2.88,2.79,2.86,2.79,2.83,2.84,2.86,2.81,2.87,2.77,2.88,2.75,2.81,00000000000019ec
319,2024-03-22 00:00:00,2,,7,6061,B18,42*2.5,42*2.5,42.05,42.08,42.02,42.03,42.07,42.12,42.06,42.09,42.01,42.04,42.06,42.13,42.01,42.05,42.02,42.05,42.07,42.14,42.03,42.06,42.04,42.07,42.8,45.15,42.05,42.8,42.08,42.12,42.09,42.14,42.04,42.07,42.09,42.15,42.12,42.15,2.46,2.52,2.41,2.52,2.44,2.5,2.47,2.53,2.4,2.53,2.45,2.5,2.49,2.54,2.44,2.51,2.46,2.53,2.53,2.55,2.48,2.56,2.47,2.54,2.54,2.56,2.47,2.55,2.52,2.57,2.49,2.58,2.48,2.56,2.53,2.59,00000000000019ed
320,2024-03-22 00:00:00,4,,1,6066,B3,40*3.2,40*3.2,40.0,40.05,40.09,40.12,40.07,40.14,40.01,40.02,40.02,40.05,40.09,40.13,40.02,40.04,40.0,40.11,40.1,40.14,40.02,40.08,40.02,40.06,40.05,40.12,40.04,40.06,40.05,40.07,40.05,40.13,40.0,40.1,40.0,40.12,40.12,40.15,3.29,3.36,3.26,3.32,3.33,3.43,3.2,3.32,3.25,3.34,3.25,3.35,3.23,3.36,3.19,3.34,3.21,3.33,3.2,3.35,3.21,3.34,3.24,3.35,3.18,3.33,3.25,3.35,3.18,3.32,3.2,3.3,3.23,3.34,3.29,3.31,00000000000019ee
321,2024-03-22 00:00:00,5,,3,6061,J1,68*14,68*14,67.74,67.8,68.0,68.15,68.04,68.12,67.83,67.89,38.01,38.14,68.06,68.09,67.87,67.92,68.03,68.08,68.09,68.18,0.0,0.0,0.0,0.0,0.0,0.0,0.0,0.0,0.0,0.0,0.0,0.0,0.0,0.0,0.0,0.0,0.0,0.0,13.96,14.05,13.77,13.89,13.88,14.03,13.93,14.02,13.76,13.9,13.89,14.01,13.97,14.01,13.79,19.92,13.92,14.03,0.0,0.0,0.0,0.0,0.0,0.0,0.0,0.0,0.0,0.0,0.0,0.0,0.0,0.0,0.0,0.0,0.0,0.0,00000000000019ef
322,2024-03-22 00:00:00,5,,2,6061,D14,75*6.5,64.5*56.75,75.0,75.15,75.02,75.03,75.0,75.12,75.0,75.15,75.03,75.15,74.98,75.0,75.0,75.13,75.01,75.16,74.99,75.01,0.0,0.0,0.0,0.0,0.0,0.0,0.0,0.0,0.0,0.0,0.0,0.0,0.0,0.0,0.0,0.0,0.0,0.0,6.47,6.52,6.41,6.47,6.45,6.51,6.47,6.52,6.47,6.53,6.47,6.57,6.48,6.55,6.46,6.52,6.48,6.56,0.0,0.0,0.0,0.0,0.0,0.0,0.0,0.0,0.0,0.0,0.0,0.0,0.0,0.0,0.0,0.0,0.0,0.0,00000000000019f0
323,2024-03-22 00:00:00,6,,2,6061,D45,78*7.0,66.7*59,76.06,76.22,78.04,78.13,78.07,78.12,76.77,77.01,78.07,78.09,78.1,78.24,76.41,76.53,78.04,78.04,78.09,78.11,77.25,77.49,78.0,78.01,77.99,78.27,76.4,76.59,78.06,78.09,78.04,78.15,76.52,76.57,78.09,78.12,78.08,78.25,7.15,7.24,6.97,7.0,6.96,7.05,6.97,7.16,6.84,7.05,7.04,7.09,7.02,7.16,6.94,7.07,6.97,7.06,7.05,7.18,6.94,7.02,6.93,7.06,7.05,7.13,6.97,7.0,6.92,7.08,6.97,7.1,6.91,6.98,6.98,7.05,00000000000019f1
324,2024-03-22 00:00:00,7,,2,6061,D49,90*8.0,80*70,89.95,90.1,89.94,90.0,90.0,90.17,90.18,90.22,90.0,90.07,89.89,89.93,90.01,90.02,89.82,90.01,89.84,89.91,89.98,90.04,89.97,90.02,89.89,89.97,89.99,90.08,89.99,90.04,90.01,90.05,89.99,90.04,90.01,90.07,90.04,90.08,7.9,8.0,7.9,8.0,8.09,8.17,8.0,8.09,8.01,8.1,7.84,8.07,7.94,8.01,7.84,7.96,8.05,8.11,7.91,8.05,7.87,7.98,8.07,8.14,7.94,8.02,7.89,7.97,8.02,8.06,7.98,8.07,7.9,7.99,8.0,8.09,00000000000019f2
325,2024-03-25 00:00:00,1,,1,6061,B19,35*2.5,35*2.5,34.97,35.04,34.98,35.03,35.04,35.07,34.96,35.02,34.97,35.04,35.01,35.07,34.94,35.05,34.9,35.91,35.0,35.08,34.96,34.98,35.01,35.07,35.04,35.09,35.03,35.04,35.08,35.1,35.09,35.09,35.06,35.1,34.94,35.01,35.01,35.14,2.54,2.63,2.59,2.68,2.56,2.61,2.52,2.64,2.57,2.62,2.58,2.64,2.47,2.61,2.56,2.61,2.57,2.62,2.46,2.62,2.48,2.62,2.51,2.56,2.54,2.63,2.49,2.62,2.51,2.63,2.49,2.63,2.54,2.63,2.56,2.67,00000000000019f3
326,2024-03-25 00:00:00,2,,4,6061,B18,35*2.8,35*2.8,34.94,35.0,34.97,35.0,34.98,35.0,34.98,35.01,34.98,35.02,34.99,35.03,35.02,35.14,34.99,35.01,35.01,35.06,0.0,0.0,0.0,0.0,0.0,0.0,0.0,0.0,0.0,0.0,0.0,0.0,0.0,0.0,0.0,0.0,0.0,0.0,2.72,2.86,2.78,2.91,2.79,2.86,2.78,2.92,2.76,2.94,2.81,2.86,2.79,2.94,2.8,2.92,2.76,2.94,0.0,0.0,0.0,0.0,0.0,0.0,0.0,0.0,0.0,0.0,0.0,0.0,0.0,0.0,0.0,0.0,0.0,0.0,00000000000019f4
327,2024-03-25 00:00:00,2,,7,6061,B18,38.1*2.8,38.1*2.8,38.07,38.08,38.01,38.08,38.06,38.07,38.08,38.12,38.04,38.09,38.08,38.14,38.09,38.13,38.08,38.12,38.12,38.16,0.0,0.0,0.0,0.0,0.0,0.0,0.0,0.0,0.0,0.0,0.0,0.0,0.0,0.0,0.0,0.0,0.0,0.0,2.67,2.75,2.7,2.73,2.69,2.81,2.69,2.78,2.72,2.84,2.72,2.86,2.71,2.76,2.74,2.86,2.79,2.84,0.0,0.0,0.0,0.0,0.0,0.0,0.0,0.0,0.0,0.0,0.0,0.0,0.0,0.0,0.0,0.0,0.0,0.0,00000000000019f5
328,2024-03-25 00:00:00,4,,1,6066,B3,40*3.2,40*3.2,40.03,40.14,40.01,40.07,40.06,40.08,40.04,40.07,39.98,40.02,39.93,40.64,40.04,40.07,40.03,40.06,39.93,40.46,40.04,40.06,40.05,40.07,40.05,40.11,40.05,40.08,40.06,40.11,40.08,40.11,40.06,40.14,40.03,40.13,40.14,40.15,3.26,3.41,3.28,3.31,3.21,3.25,3.27,3.39,3.25,3.34,3.24,3.29,3.32,3.44,3.27,3.35,3.24,3.42,3.28,3.32,3.24,3.32,3.19,3.27,3.18,3.32,3.27,3.33,3.24,3.3,3.32,3.41,3.29,3.32,3.36,3.38,00000000000019f6
329,2024-03-25 00:00:00,5,,2,6061,D14,75*6.5,64.5*56.75,74.8,74.86,75.12,75.16,75.1,75.16,75.07,75.12,75.0,75.04,75.11,75.12,75.01,75.19,74.99,75.12,75.04,75.14,75.06,75.14,75.04,75.16,75.09,75.18,75.02,75.15,74.98,75.08,75.12,75.18,75.05,75.09,74.92,75.03,75.06,75.12,6.45,6.53,6.42,6.52,6.47,6.58,6.38,6.54,6.47,6.53,6.45,6.61,6.42,6.56,6.53,6.58,6.48,6.52,6.47,6.58,6.45,6.57,6.49,6.56,6.41,6.53,6.44,6.54,6.52,6.57,6.42,6.56,6.48,6.58,6.47,6.53,00000000000019f7
330,2024-03-25 00:00:00,6,,2,6061,D46,78*7.0,66.7*59,77.62,77.77,78.02,78.06,78.06,78.14,77.33,77.44,78.16,78.9,78.04,78.06,77.54,77.02,78.01,78.03,78.02,78.06,77.71,77.82,78.03,78.06,78.0,78.06,77.88,77.91,77.99,78.03,78.14,78.16,77.51,77.6,77.97,78.01,78.05,78.08,6.9,7.02,6.9,7.04,6.97,7.0,6.98,7.05,6.95,6.97,6.9,7.03,6.98,7.07,6.9,7.06,6.94,7.03,6.94,7.06,6.96,7.01,6.98,7.06,6.95,7.01,6.93,7.02,6.94,7.02,6.9,7.05,6.94,7.01,6.96,7.02,00000000000019bc
331,2024-03-25 00:00:00,7,,2,6061,D32,74*8.0,60*50.6,73.83,74.02,73.83,73.87,74.0,74.09,73.91,74.01,73.88,73.97,73.8,74.0,73.86,73.91,74.03,74.07,73.89,74.0,73.87,74.02,74.05,74.09,73.81,73.92,73.92,74.08,74.01,74.08,73.86,73.94,73.97,74.12,74.07,74.14,73.94,74.05,7.9,8.03,7.91,8.05,7.91,8.12,8.01,8.07,7.93,8.06,7.94,8.06,7.93,8.02,7.97,8.05,8.05,8.11,7.94,8.06,7.98,8.06,8.04,8.14,7.97,8.1,7.99,8.07,8.05,8.15,7.95,8.12,7.98,8.1,8.08,8.16,00000000000019bd
332,2024-03-26 00:00:00,1,,1,6061,B19,35*2.5,35*2.5,35.06,35.12,35.02,35.07,35.04,35.07,35.01,35.07,35.03,35.05,35.05,35.18,35.0,35.18,35.02,35.06,35.05,35.15,34.96,34.98,34.97,35.01,35.03,35.09,34.95,34.97,34.94,34.95,35.05,35.07,35.06,35.14,34.94,34.98,34.96,34.97,2.48,2.56,2.48,2.54,2.48,2.64,2.53,2.65,2.52,2.61,2.46,2.59,2.47,2.55,2.49,2.62,2.45,2.61,2.51,2.6,2.54,2.67,2.44,2.51,2.53,2.59,2.56,2.65,2.51,2.58,2.54,2.62,2.51,2.6,2.5,2.69,00000000000019be
333,2024-03-26 00:00:00,2,,4,6061,B18,35*2.8,35*2.8,34.95,35.0,34.97,34.99,34.98,35.02,34.98,35.03,34.99,35.04,34.99,35.01,34.99,35.02,35.01,35.02,35.01,35.03,35.01,35.04,35.03,35.05,35.02,35.11,35.02,35.06,35.05,35.13,35.04,35.12,35.07,35.09,35.04,35.06,35.06,35.09,2.79,2.92,2.85,2.91,2.82,2.9,2.86,2.9,2.79,2.96,2.87,2.96,2.87,2.99,2.81,2.93,2.92,2.97,2.82,2.97,2.83,2.92,2.93,2.96,2.81,2.93,2.88,2.96,2.86,2.97,2.75,2.87,2.89,2.94,2.87,2.95,00000000000019bf
334,2024-03-26 00:00:00,4,,4,7050,B9,35*4.5,35*4.5,34.92,35.02,34.93,34.97,34.87,34.91,34.96,35.03,34.95,35.0,34.86,34.96,34.91,34.96,34.91,35.0,34.97,35.01,34.96,34.98,34.97,35.02,34.93,34.97,35.03,35.1,34.97,35.0,34.9,35.02,34.97,35.09,34.95,34.96,34.96,34.97,4.48,4.53,4.49,4.63,4.47,4.54,4.43,4.54,4.56,4.63,4.42,4.48,4.41,4.49,4.45,4.5,4.51,4.56,4.38,4.55,4.53,4.57,4.41,4.58,4.39,4.54,4.41,4.53,4.44,4.59,4.4,4.55,4.5,4.51,4.46,4.54,00000000000019c0
335,2024-03-26 00:00:00,5,,3,6061,J2,74*3.5,74*3.5,73.97,74.01,74.0,74.13,74.16,74.2,74.03,74.16,74.03,74.2,74.15,74.29,74.08,74.17,74.0,74.05,74.17,74.18,74.02,74.13,74.03,74.12,74.15,74.21,73.99,74.04,74.02,74.15,74.18,74.27,74.01,74.06,74.01,74.08,74.19,74.26,3.56,3.64,3.43,3.59,3.48,3.61,3.53,3.59,3.51,3.54,3.52,3.6,3.52,3.61,3.52,3.58,3.53,3.62,3.51,3.58,3.51,3.59,3.49,3.58,3.48,3.57,3.52,3.56,3.47,3.56,3.5,3.6,3.53,3.58,3.52,3.59,00000000000019c1
336,2024-03-26 00:00:00,6,,2,6061,D46,78*7.0,66.7*59,77.14,77.3,77.95,78.06,78.14,78.29,77.41,77.52,78.02,78.08,78.11,78.15,77.01,77.03,78.02,78.06,78.09,78.12,77.32,77.41,78.0,78.06,78.02,78.14,78.0,78.01,78.04,78.1,78.0,78.14,77.16,77.22,78.05,78.12,78.05,78.13,6.9,7.05,6.84,7.04,6.9,7.0,6.9,7.02,6.96,7.1,6.95,7.04,6.93,7.08,6.96,7.03,6.93,7.01,6.93,7.02,6.97,7.1,6.96,7.02,6.85,7.08,6.98,7.03,6.93,7.01,6.91,7.03,6.91,7.02,6.96,7.03,00000000000019c2
337,2024-03-26 00:00:00,7,,8,6061,J2,115*4.0,115*4.0,115.0,115.04,114.93,114.96,115.06,115.28,115.02,115.05,114.9,115.02,115.05,115.12,115.04,115.08,115.01,115.11,115.04,115.13,115.08,115.17,115.05,115.13,114.97,115.02,115.12,115.16,115.01,115.08,114.98,115.12,115.03,115.09,115.03,115.09,114.96,115.04,4.06,4.12,3.92,4.08,3.96,4.04,4.03,4.09,3.96,4.06,3.99,4.1,4.04,4.13,4.01,4.12,3.98,4.05,4.09,4.15,4.05,4.09,3.99,4.08,4.05,4.08,4.04,4.14,4.0,4.12,4.02,4.13,4.02,4.12,3.99,4.14,00000000000019c3
338,2024-03-27 00:00:00,1,,3,6061,B19,31.8*1.6,31.8*1.6,31.71,31.74,31.82,31.86,3177.0,31.84,31.74,31.77,31.82,31.86,31.76,31.77,31.82,31.85,31.81,31.85,31.78,31.81,0.0,0.0,0.0,0.0,0.0,0.0,0.0,0.0,0.0,0.0,0.0,0.0,0.0,0.0,0.0,0.0,0.0,0.0,1.65,1.74,1.66,1.74,1.66,1.76,1.64,1.73,1.66,1.73,1.73,1.76,1.6,1.7,1.65,1.77,1.56,1.62,0.0,0.0,0.0,0.0,0.0,0.0,0.0,0.0,0.0,0.0,0.0,0.0,0.0,0.0,0.0,0.0,0.0,0.0,00000000000019c4
339,2024-03-27 00:00:00,1,,1,6061,B19,35*2.5,35*2.5,34.93,34.96,35.04,35.05,35.07,35.13,34.94,35.01,34.99,35.03,35.04,35.7,35.02,35.04,35.02,35.05,35.05,35.1,0.0,0.0,0.0,0.0,0.0,0.0,0.0,0.0,0.0,0.0,0.0,0.0,0.0,0.0,0.0,0.0,0.0,0.0,2.54,2.61,2.57,2.63,2.5,2.61,2.54,2.6,2.56,2.62,2.54,2.57,2.55,2.61,2.58,2.63,2.56,2.64,0.0,0.0,0.0,0.0,0.0,0.0,0.0,0.0,0.0,0.0,0.0,0.0,0.0,0.0,0.0,0.0,0.0,0.0,00000000000019c5
340,2024-03-27 00:00:00,2,,1,6061,B17,40*3.4,40*3.4,40.16,40.2,40.14,40.19,40.22,40.24,40.18,40.24,40.18,40.24,40.23,40.28,40.19,40.27,40.19,40.26,40.19,40.29,40.22,40.26,40.15,40.2,40.28,40.32,40.26,40.32,40.17,40.31,40.29,40.37,40.28,40.34,40.18,40.32,40.26,40.31,3.39,3.51,3.42,3.47,3.39,3.47,3.42,3.54,3.43,3.56,3.41,3.53,3.44,3.52,3.44,3.56,3.42,3.54,3.53,3.61,3.47,3.52,3.41,3.53,3.54,3.62,3.41,3.48,3.42,3.56,3.52,3.61,3.43,3.52,3.39,3.52,00000000000019c6
341,2024-03-27 00:00:00,4,,1,2014,B23,38.1*2.5,38.1*2.5,37.9,37.94,38.02,38.04,36.98,39.11,37.87,37.91,38.02,38.04,37.5,38.99,38.06,38.09,38.08,38.17,37.44,39.03,38.04,38.08,38.02,38.07,37.47,39.16,38.05,38.1,38.03,38.05,37.54,38.71,38.01,38.06,38.06,38.1,36.58,37.34,2.69,2.74,2.52,2.54,2.53,2.58,2.68,2.75,2.48,2.69,2.65,2.74,2.38,2.53,2.57,2.63,2.53,2.58,2.66,2.78,2.58,2.64,2.57,2.77,2.45,2.6,2.6,2.72,2.44,2.53,2.59,2.68,2.54,2.62,2.49,2.61,00000000000019c7
342,2024-03-27 00:00:00,5,,24,6061,B22,84.5*1.25,84.5*1.25,84.41,84.44,84.42,84.52,84.47,84.57,84.38,84.53,84.14,84.28,84.32,84.48,84.42,84.54,84.17,84.26,84.48,84.56,84.51,84.62,84.24,84.36,84.44,84.57,84.52,84.56,84.42,84.53,84.47,84.52,84.54,84.59,84.47,84.56,84.48,84.54,1.25,1.35,1.26,1.32,1.27,1.37,1.26,1.32,1.26,1.33,1.29,1.38,1.27,1.34,1.25,1.32,1.32,1.39,1.28,1.36,1.28,1.39,1.26,1.34,1.29,1.37,1.26,1.35,1.27,1.32,1.32,1.38,1.27,1.34,1.29,1.38,00000000000019f8
343,2024-03-27 00:00:00,6,,2,6061,D5,53*5.5,53*5.5,52.94,53.04,53.06,53.07,52.97,53.09,53.04,53.14,53.01,53.07,53.02,53.07,53.12,53.15,52.98,53.1,52.96,53.04,52.98,53.0,52.99,53.01,53.0,53.01,52.87,52.92,53.04,53.09,52.99,53.04,53.02,53.14,53.02,53.02,53.19,53.25,5.52,5.68,5.42,5.57,5.38,5.47,5.47,5.55,5.51,5.58,5.42,5.55,5.47,5.53,5.5,5.6,5.44,5.48,5.42,5.52,5.51,5.58,5.47,5.52,5.41,5.52,5.42,5.53,5.42,5.52,5.51,5.65,5.45,5.54,5.49,5.59,00000000000019f9
344,2024-03-27 00:00:00,7,,2,6061,D32,90*8.0,80*70,89.84,89.92,89.93,90.0,89.83,89.94,89.74,89.78,89.78,89.94,89.87,89.96,89.88,89.94,89.81,89.94,89.94,90.01,89.92,90.06,89.94,90.05,89.98,90.05,89.94,89.98,89.99,90.07,89.99,90.07,90.01,90.05,89.98,90.04,90.0,90.08,7.89,7.96,7.93,8.02,7.87,7.93,7.84,7.94,7.84,7.94,7.9,7.96,7.89,7.99,7.86,7.98,7.96,8.02,7.92,7.99,7.89,7.96,7.97,8.06,7.94,8.06,7.84,8.07,7.98,8.08,7.99,8.1,7.96,8.08,7.97,8.1,00000000000019fa
345,2024-03-28 00:00:00,1,,1,6061,B19,35*3.2,35*3.2,35.0,35.08,35.0,35.03,35.02,35.03,35.0,35.05,35.0,35.04,34.98,35.02,35.03,35.05,34.98,34.99,35.02,35.08,35.01,35.04,35.0,35.04,35.01,35.04,35.04,35.1,35.07,35.08,34.99,35.01,35.02,35.04,35.01,35.26,35.01,35.13,3.14,3.19,3.18,3.25,3.14,3.26,3.15,3.23,3.18,3.25,3.12,3.24,3.16,3.22,3.1,3.16,3.15,3.26,3.16,3.28,3.13,3.27,3.13,3.18,3.15,3.3,3.12,3.18,3.15,3.27,3.15,3.22,3.12,3.24,3.1,3.16,00000000000019fb
346,2024-03-28 00:00:00,2,,3,6061,B18,35*2.85,35*2.85,34.96,35.02,35.0,35.01,34.99,35.02,34.98,35.08,35.04,35.12,35.01,35.04,35.01,35.02,35.01,35.06,35.05,35.08,35.03,35.05,35.03,35.08,35.06,35.09,35.02,35.04,35.04,35.09,35.07,35.08,35.03,35.08,35.06,35.1,35.09,35.12,2.79,2.92,2.8,2.9,2.76,2.92,2.79,2.9,2.78,2.84,2.78,2.91,2.78,2.92,2.79,2.92,2.8,2.92,2.79,2.86,2.81,2.94,2.82,2.94,2.81,2.92,2.82,2.96,2.87,2.96,2.87,2.93,2.87,2.92,2.9,2.94,00000000000019fc
347,2024-03-28 00:00:00,4,,1,2014,B23,38.1*2.5,38.1*2.5,38.1,38.16,38.06,38.08,38.14,38.16,37.9,37.96,38.05,38.1,36.69,38.04,37.93,37.98,38.04,38.08,36.63,39.92,38.02,38.06,38.03,38.04,36.76,39.4,38.02,38.04,38.0,38.03,38.06,38.1,38.04,38.08,38.02,38.05,38.08,38.26,2.51,2.63,2.54,2.63,2.5,2.56,2.62,2.74,2.55,2.65,2.58,2.72,2.61,2.72,2.56,2.67,2.54,2.62,2.68,2.74,2.55,2.65,2.5,2.54,2.56,2.64,2.6,2.65,2.54,2.62,2.57,2.62,2.61,2.67,2.5,2.61,00000000000019fd
348,2024-03-28 00:00:00,5,,3,6061,J2,44*2.5,44*2.5,43.96,44.0,43.7,43.71,43.74,43.86,43.99,44.03,43.91,43.98,43.99,44.12,44.01,44.02,43.94,43.99,44.0,44.04,44.07,44.09,44.01,44.05,44.01,44.08,44.09,44.12,44.03,44.08,44.07,44.09,44.11,44.13,44.07,44.09,44.09,44.14,2.48,2.61,2.56,2.68,2.58,2.63,2.49,2.59,2.47,2.58,2.5,2.61,2.5,2.58,2.52,2.59,2.51,2.62,2.49,2.56,2.56,2.67,2.47,2.58,2.48,2.57,2.51,2.62,2.52,2.56,2.53,2.56,2.53,2.58,2.53,2.57,00000000000019fe
349,2024-03-28 00:00:00,6,,2,6061,D5,78*7.0,66.7*59,77.1,77.23,78.01,78.07,78.16,78.2,76.95,77.02,78.03,78.06,78.1,78.23,77.02,77.14,78.03,78.09,78.1,78.14,76.54,76.62,78.01,78.05,78.08,78.13,77.06,77.15,78.06,78.16,78.09,78.13,77.06,77.14,78.04,78.1,78.07,78.14,7.1,7.14,6.94,7.0,6.95,7.08,6.99,7.05,6.9,7.04,6.92,7.08,7.03,7.06,6.92,7.06,6.93,7.05,7.06,7.24,6.89,7.03,6.93,7.04,7.08,7.2,6.96,7.06,6.98,7.14,7.13,7.16,6.99,7.09,6.99,7.06,00000000000019ff
350,2024-03-28 00:00:00,7,,2,6061,D34,77*7.5,65.7*56.75,76.93,77.01,76.95,77.02,76.79,76.85,76.92,77.0,76.94,77.03,76.93,77.04,76.94,77.0,76.98,77.08,76.9,76.93,77.31,77.4,76.99,77.07,76.95,77.02,77.46,77.53,77.04,77.12,76.97,77.04,77.49,77.58,77.07,77.14,76.98,77.02,7.44,7.61,7.54,7.61,7.54,7.59,7.52,7.53,7.46,7.57,7.44,7.56,7.54,7.58,7.52,7.61,7.3,7.57,7.55,7.6,7.48,7.55,7.56,7.61,7.58,7.62,7.49,7.54,7.59,7.62,7.59,7.61,7.51,7.56,7.61,7.64,0000000000001a01
351,2024-03-29 00:00:00,1,,1,6061,B19,35*3.2,35*3.2,34.98,35.01,34.99,35.02,34.99,35.03,35.02,35.06,35.0,35.06,35.05,35.07,35.02,35.06,35.0,35.02,35.01,35.06,35.04,35.05,35.03,35.09,35.0,35.01,35.03,35.06,35.01,35.04,35.0,35.06,35.01,35.04,35.02,35.07,34.98,35.08,3.08,3.19,3.18,3.2,3.17,3.23,3.16,3.22,3.04,3.16,3.17,3.23,3.18,3.23,3.08,3.19,3.14,3.2,3.14,3.23,3.19,3.21,3.08,3.18,3.19,3.26,3.14,3.17,3.04,3.14,3.15,3.22,317.0,3.22,3.13,3.18,0000000000001a02
352,2024-03-29 00:00:00,2,,3,6061,B18,35*2.85,35*2.85,34.98,35.0,35.0,35.01,35.09,35.11,35.0,35.02,35.0,35.01,35.01,35.04,34.97,35.03,35.01,35.02,35.02,35.05,34.98,35.02,35.03,35.05,35.04,35.08,35.01,35.04,35.02,35.04,35.07,35.09,35.02,35.06,35.04,35.07,35.08,35.1,2.81,2.87,2.81,2.97,2.83,2.92,2.8,2.9,2.76,2.84,2.79,2.86,2.81,2.87,2.79,2.92,2.81,2.94,2.84,2.94,2.81,2.87,2.84,2.96,2.86,2.93,2.86,2.96,2.87,2.9,2.87,2.92,2.78,2.92,2.9,2.96,0000000000001a03
353,2024-03-29 00:00:00,4,,9,2014,B22,44*5.7,44*5.7,44.0,44.05,44.0,44.05,43.87,44.24,44.02,44.05,44.01,44.04,44.0,44.06,43.99,44.06,43.97,44.01,43.26,44.28,0.0,0.0,0.0,0.0,0.0,0.0,0.0,0.0,0.0,0.0,0.0,0.0,0.0,0.0,0.0,0.0,0.0,0.0,5.67,5.822,5.69,5.81,5.64,5.76,5.78,5.86,5.75,5.85,5.76,5.8,5.73,5.78,5.75,5.84,5.66,5.72,0.0,0.0,0.0,0.0,0.0,0.0,0.0,0.0,0.0,0.0,0.0,0.0,0.0,0.0,0.0,0.0,0.0,0.0,0000000000001a04
354,2024-03-29 00:00:00,4,,1,6066,B3,38*3.2,38*3.2,38.01,38.02,37.93,38.06,37.93,37.96,37.94,37.95,37.86,38.02,35.97,39.06,0.0,0.0,0.0,0.0,0.0,0.0,0.0,0.0,0.0,0.0,0.0,0.0,0.0,0.0,0.0,0.0,0.0,0.0,0.0,0.0,0.0,0.0,0.0,0.0,3.21,3.36,3.26,3.37,3.14,3.27,3.3,3.46,3.18,3.33,3.26,3.41,0.0,0.0,0.0,0.0,0.0,0.0,0.0,0.0,0.0,0.0,0.0,0.0,0.0,0.0,0.0,0.0,0.0,0.0,0.0,0.0,0.0,0.0,0.0,0.0,0000000000001a05
355,2024-03-29 00:00:00,5,,26,6061,J2,62*13.5,62*13.5,61.9,61.91,61.96,62.04,61.57,61.64,61.88,61.92,61.92,61.96,61.48,61.56,61.89,61.92,61.94,62.01,61.49,61.57,61.92,61.96,61.96,62.04,61.52,61.56,61.97,62.05,61.95,62.07,61.54,61.58,61.96,62.07,61.94,62.08,61.56,61.59,13.46,13.55,13.47,13.61,13.31,13.42,13.42,13.69,13.48,13.52,13.31,13.45,13.4,13.54,13.49,13.53,13.42,13.56,13.39,13.52,13.51,13.56,13.47,13.54,13.42,13.56,13.52,13.58,13.49,13.57,13.47,13.58,13.54,13.6,13.5,13.56,0000000000001a06
356,2024-03-29 00:00:00,6,,2,6061,D15,74*8.0,60*50.6,73.88,73.91,74.14,74.16,73.98,74.0,73.79,73.89,74.05,74.08,74.02,74.07,73.89,73.91,73.95,74.08,73.99,74.05,73.91,74.04,73.96,74.07,74.01,74.05,74.16,74.27,73.94,74.1,73.98,74.01,73.8,73.87,73.98,74.1,74.06,74.1,7.9,8.03,7.85,7.92,7.9,7.94,7.79,7.81,7.95,8.04,7.9,7.95,7.82,7.91,7.88,7.89,7.9,7.97,7.97,8.05,7.89,8.07,7.84,7.97,7.83,7.97,7.87,7.98,7.86,7.97,7.9,8.03,7.95,8.1,7.86,7.92,0000000000001a07
357,2024-03-29 00:00:00,7,,2,6061,D29,77*7.5,65.7*56.75,76.9,77.05,77.07,77.16,76.77,76.84,76.89,76.92,76.9,76.97,77.02,77.08,77.08,77.19,76.94,77.05,76.9,77.02,77.09,77.18,76.95,77.04,76.94,77.08,77.1,77.14,76.77,77.08,76.97,77.12,77.04,77.12,77.02,77.09,77.02,77.14,7.44,7.59,7.44,7.56,7.48,7.57,7.42,7.51,7.42,7.57,7.45,7.52,7.43,7.57,7.44,7.56,7.44,7.53,7.44,7.56,7.45,7.6,7.42,7.56,7.42,7.49,7.48,7.57,7.48,7.54,7.44,7.52,7.49,7.56,7.51,7.57,0000000000001a08
358,2024-04-01 00:00:00,1,,1,6061,B20,35*3.2,35*3.2,35.05,35.18,35.01,35.07,35.0,35.02,35.05,35.09,35.0,35.02,35.04,35.09,35.01,35.07,35.01,35.11,35.04,35.06,35.03,35.05,35.04,35.06,35.03,35.05,35.01,35.02,34.96,34.98,35.03,35.05,34.96,34.97,35.04,35.06,34.95,34.97,3.17,3.24,3.15,3.27,3.1,3.24,3.19,3.27,3.19,3.25,3.13,3.23,3.14,3.17,3.14,3.15,3.15,3.22,3.13,3.22,3.12,3.26,3.15,3.21,3.14,3.16,3.16,3.18,3.15,3.25,3.13,3.15,3.13,3.19,3.1,3.14,0000000000001a09
359,2024-04-01 00:00:00,2,,7,6061,B17,36*2.0,36*2.0,36.07,36.17,36.01,36.02,36.01,36.05,36.04,36.13,36.0,36.03,36.02,36.06,36.05,36.12,36.05,36.14,36.04,36.09,36.08,36.14,36.03,36.05,36.05,36.08,36.09,36.15,36.06,36.08,36.06,36.09,36.1,36.12,36.05,36.07,36.08,36.12,1.97,2.08,1.93,2.06,1.89,1.97,1.96,2.07,1.91,2.08,1.9,1.96,1.98,2.09,1.92,2.07,1.91,2.04,1.99,2.1,1.93,2.01,1.92,2.05,1.97,2.09,1.92,2.04,1.91,2.06,1.96,2.07,1.95,2.06,1.94,2.08,0000000000001a0a
360,2024-04-01 00:00:00,4,,1,7075,B11,38.1*3.3,38.1*3.3,38.06,38.11,38.04,38.05,38.02,38.3,38.07,38.08,38.03,38.04,37.52,38.7,38.06,38.08,38.04,38.06,36.57,40.05,38.05,38.1,38.06,38.17,37.27,38.56,38.01,38.02,38.03,38.06,37.34,38.27,38.03,38.04,38.01,38.03,37.55,38.46,3.29,3.34,3.29,3.35,3.23,3.33,3.26,3.37,3.22,3.34,3.29,3.34,3.28,3.41,3.34,3.47,3.23,3.35,3.23,3.37,3.27,3.42,3.28,3.33,3.27,3.3,3.27,3.34,3.26,3.33,3.29,3.38,3.29,3.36,3.25,3.35,0000000000001a0b
361,2024-04-01 00:00:00,5,,2,6061,D14,75*6.5,75*6.5,75.0,75.02,75.06,75.09,75.06,75.11,74.83,74.97,75.02,75.04,75.05,75.12,75.04,75.08,75.07,75.1,75.04,75.07,75.07,75.12,75.08,75.14,75.07,75.09,75.06,75.13,75.05,75.13,75.06,75.1,75.07,75.09,75.08,75.12,75.08,75.12,6.37,6.55,6.38,6.51,6.47,6.54,6.18,6.72,6.33,6.51,6.43,6.54,6.42,6.54,6.41,6.56,6.52,6.58,6.43,6.51,6.42,6.55,6.54,6.57,6.46,6.56,6.46,6.58,6.51,6.59,6.51,6.57,6.49,6.57,6.54,6.56,0000000000001a0c
362,2024-04-01 00:00:00,6,,2,6061,D5,78*7.0,66.7*59,77.05,77.09,78.06,78.08,78.05,78.08,76.53,76.56,78.09,78.1,78.01,78.06,76.8,76.91,78.0,78.01,78.07,78.19,77.58,77.73,78.06,78.12,78.15,78.25,76.35,76.39,78.13,78.15,78.12,78.19,76.69,76.84,78.0,78.1,78.09,78.12,6.99,7.04,6.92,7.01,6.91,6.98,6.97,7.0,6.95,7.04,6.91,7.06,7.05,7.16,6.93,7.02,6.95,7.03,6.9,7.03,7.01,7.08,6.95,7.05,7.07,7.14,6.97,7.05,6.93,6.99,7.05,7.11,6.98,7.03,6.9,7.02,0000000000001a0d
363,2024-04-02 00:00:00,1,,1,6061,B19,35*2.5,35*2.5,34.88,34.9,34.77,34.81,34.88,34.9,34.87,3488.0,34.98,35.01,35.01,35.01,34.98,35.0,35.0,35.01,34.98,35.05,0.0,0.0,0.0,0.0,0.0,0.0,0.0,0.0,0.0,0.0,0.0,0.0,0.0,0.0,0.0,0.0,0.0,0.0,2.51,2.62,2.55,2.64,2.5,2.66,2.51,2.57,2.44,2.57,2.5,2.58,2.5,2.57,2.46,2.54,2.5,2.56,0.0,0.0,0.0,0.0,0.0,0.0,0.0,0.0,0.0,0.0,0.0,0.0,0.0,0.0,0.0,0.0,0.0,0.0,0000000000001a0e
364,2024-04-02 00:00:00,1,,1,6061,B20,35*3.2,35*3.2,34.98,35.0,34.98,35.03,35.01,35.16,35.04,35.08,35.04,35.07,35.04,35.1,34.97,34.98,35.07,35.1,35.05,35.07,0.0,0.0,0.0,0.0,0.0,0.0,0.0,0.0,0.0,0.0,0.0,0.0,0.0,0.0,0.0,0.0,0.0,0.0,3.12,3.19,3.1,3.23,3.13,3.22,3.1,3.21,3.18,3.24,3.18,3.19,3.12,3.24,3.19,3.23,3.19,3.26,0.0,0.0,0.0,0.0,0.0,0.0,0.0,0.0,0.0,0.0,0.0,0.0,0.0,0.0,0.0,0.0,0.0,0.0,0000000000001a0f
365,2024-04-02 00:00:00,2,,7,6061,B17,50.8*2.5,50.8*2.5,50.91,50.92,50.9,50.93,50.87,50.97,50.89,50.92,50.86,50.92,50.95,50.97,50.9,50.94,50.89,50.91,50.96,50.98,50.92,50.96,50.9,50.94,50.94,50.99,50.9,50.95,50.91,50.92,50.78,50.91,50.92,50.94,50.93,50.96,50.88,50.92,2.44,2.49,2.45,2.55,2.42,2.5,2.45,2.51,2.44,2.51,2.4,2.5,2.48,2.57,2.43,2.56,2.41,2.52,2.51,2.56,2.44,2.53,2.42,2.56,2.52,2.57,2.46,2.55,2.44,2.53,2.49,2.58,2.44,2.51,2.46,2.51,0000000000001a10
366,2024-04-02 00:00:00,4,,9,2014,B22,44*5.7,44*5.7,43.98,43.99,43.97,44.03,44.04,44.06,44.02,44.03,44.04,44.07,44.0,44.06,43.98,44.08,44.03,44.07,43.94,44.02,43.97,44.08,44.02,44.11,43.88,43.98,44.0,44.1,44.02,44.07,43.97,44.02,44.07,44.13,44.02,44.05,44.02,44.04,5.76,5.92,5.76,5.84,5.73,5.86,5.73,5.81,5.72,5.86,5.72,5.76,5.71,5.76,5.73,5.86,5.68,5.71,5.76,5.82,5.77,5.86,5.69,5.76,5.68,5.81,5.8,5.92,5.73,5.86,5.67,5.82,5.68,5.71,5.75,5.81,0000000000001969
367,2024-04-02 00:00:00,5,,2,6061,D15,75*6.5,64.5*56.75,74.96,74.99,75.06,75.08,75.01,75.05,74.97,75.02,75.09,75.12,75.04,75.09,74.99,75.07,75.08,75.11,75.06,75.11,0.0,0.0,0.0,0.0,0.0,0.0,0.0,0.0,0.0,0.0,0.0,0.0,0.0,0.0,0.0,0.0,0.0,0.0,6.37,6.51,6.45,6.55,6.41,6.55,6.38,6.53,6.44,6.52,6.46,6.52,6.39,6.52,6.45,6.54,6.44,6.56,0.0,0.0,0.0,0.0,0.0,0.0,0.0,0.0,0.0,0.0,0.0,0.0,0.0,0.0,0.0,0.0,0.0,0.0,000000000000196a
368,2024-04-02 00:00:00,5,,7,6061,J2,68*2.5,68*2.5,68.14,68.15,67.98,68.1,68.0,68.03,68.16,68.21,67.99,68.04,68.02,68.16,68.17,68.24,68.0,68.05,68.04,68.08,0.0,0.0,0.0,0.0,0.0,0.0,0.0,0.0,0.0,0.0,0.0,0.0,0.0,0.0,0.0,0.0,0.0,0.0,2.49,2.55,2.47,2.51,2.49,2.52,2.51,2.56,2.51,2.56,2.53,2.56,2.49,2.57,2.53,2.57,2.54,2.6,0.0,0.0,0.0,0.0,0.0,0.0,0.0,0.0,0.0,0.0,0.0,0.0,0.0,0.0,0.0,0.0,0.0,0.0,000000000000196b
369,2024-04-02 00:00:00,6,,2,6061,D5,74*8.0,60*50.6,73.48,73.52,73.99,74.07,73.97,74.16,73.73,73.84,74.01,74.04,74.05,74.07,73.55,73.66,73.95,74.18,74.05,74.1,73.47,73.5,74.04,74.07,74.08,74.12,73.57,73.62,73.99,74.03,74.05,74.06,73.7,73.89,73.97,73.99,74.05,74.08,7.95,8.07,7.9,7.92,7.93,7.96,7.9,8.05,7.97,8.0,7.87,7.94,7.93,8.02,7.96,8.02,7.92,8.01,7.98,8.03,7.95,8.03,7.92,7.96,7.87,7.96,7.93,8.0,7.97,8.06,7.96,8.05,7.86,7.93,7.96,7.97,000000000000196c
370,2024-04-02 00:00:00,7,,2,6061,D29,90*8.0,80*70,89.95,89.96,89.82,89.88,89.85,89.9,89.81,89.9,89.91,90.01,89.84,89.92,89.81,89.84,89.78,90.01,89.81,89.97,89.85,89.95,89.88,90.02,89.88,89.96,89.87,89.92,89.89,90.05,89.92,90.01,89.94,89.98,89.92,90.06,89.94,90.06,7.83,8.06,7.89,8.05,7.88,7.93,7.81,7.97,7.86,7.97,7.89,7.92,7.81,7.91,7.91,8.01,7.81,7.91,7.84,7.95,7.95,8.04,7.86,7.92,7.86,7.94,7.96,8.05,7.88,7.94,7.89,7.92,7.97,8.02,7.89,7.96,000000000000196d
371,2024-04-03 00:00:00,1,,33,7005,B11,23.9*1.65,23.9*1.65,23.9,23.94,23.86,23.87,23.86,23.89,23.89,23.91,23.87,23.91,23.87,23.95,23.88,23.92,23.89,23.93,23.86,23.92,0.0,0.0,0.0,0.0,0.0,0.0,0.0,0.0,0.0,0.0,0.0,0.0,0.0,0.0,0.0,0.0,0.0,0.0,1.6,1.72,1.6,1.68,1.59,1.67,1.58,1.63,1.62,1.68,1.66,1.72,1.54,1.65,1.61,1.67,1.64,1.7,0.0,0.0,0.0,0.0,0.0,0.0,0.0,0.0,0.0,0.0,0.0,0.0,0.0,0.0,0.0,0.0,0.0,0.0,000000000000196e
372,2024-04-03 00:00:00,1,,33,7005,B11,25.4*2,25.4*2,25.4,25.42,25.35,25.42,25.37,25.47,25.35,25.39,25.34,25.4,25.33,25.35,25.39,25.41,25.38,25.41,25.38,25.46,0.0,0.0,0.0,0.0,0.0,0.0,0.0,0.0,0.0,0.0,0.0,0.0,0.0,0.0,0.0,0.0,0.0,0.0,1.9,2.06,1.95,2.02,1.96,2.06,1.93,1.97,1.9,2.03,1.99,2.05,1.96,2.04,1.96,2.07,1.96,2.07,0.0,0.0,0.0,0.0,0.0,0.0,0.0,0.0,0.0,0.0,0.0,0.0,0.0,0.0,0.0,0.0,0.0,0.0,000000000000196f
373,2024-04-03 00:00:00,2,,4,6061,B18,35*2.8,35*2.8,34.94,35.01,34.97,35.01,34.95,35.0,34.97,34.98,35.0,35.05,34.97,35.02,34.99,35.02,35.01,35.04,35.01,35.05,35.01,35.03,35.02,35.05,35.02,35.04,35.03,35.05,35.04,35.08,35.03,35.05,35.02,35.06,35.05,35.09,35.02,35.06,2.7,2.76,2.77,2.88,2.78,2.81,2.71,2.8,2.76,2.78,2.79,2.92,2.74,2.81,2.79,2.91,2.8,2.94,2.77,2.92,2.8,2.87,2.82,2.92,2.81,2.95,2.83,2.92,2.87,2.94,2.79,2.92,2.81,2.9,2.81,2.89,0000000000001970
374,2024-04-03 00:00:00,4,,1,7075,B11,38.1*3.3,38.1*3.3,38.09,38.11,38.02,38.05,37.28,38.69,38.08,38.17,38.02,38.05,36.81,39.34,38.06,38.09,38.02,38.11,37.94,38.36,38.07,38.17,38.01,38.06,38.06,38.08,38.06,38.07,38.03,38.05,37.87,38.35,38.07,38.09,38.03,38.05,37.9,38.37,3.25,3.31,3.26,3.36,3.28,3.35,3.18,3.33,3.23,3.34,3.25,3.32,3.16,3.25,3.03,3.31,3.31,3.34,3.28,3.37,3.28,3.35,3.24,3.31,3.23,3.34,3.25,3.35,3.27,3.35,3.21,3.27,3.3,3.34,3.26,3.32,0000000000001971
375,2024-04-03 00:00:00,5,,3,6061,J1,74*3.5,74*3.5,74.04,74.09,74.22,74.23,74.18,74.25,73.5,73.61,74.0,74.2,74.19,74.22,0.0,0.0,0.0,0.0,0.0,0.0,0.0,0.0,0.0,0.0,0.0,0.0,0.0,0.0,0.0,0.0,0.0,0.0,0.0,0.0,0.0,0.0,0.0,0.0,3.45,3.62,3.46,3.55,3.49,3.54,3.47,3.52,3.5,3.58,3.45,3.59,0.0,0.0,0.0,0.0,0.0,0.0,0.0,0.0,0.0,0.0,0.0,0.0,0.0,0.0,0.0,0.0,0.0,0.0,0.0,0.0,0.0,0.0,0.0,0.0,0000000000001972
376,2024-04-03 00:00:00,5,,24,6061,B22,84.5*1.25,84.5*1.25,84.34,84.47,84.51,84.56,84.32,84.41,83.91,84.25,84.24,84.43,84.38,84.53,84.21,84.24,84.26,84.45,84.38,84.48,84.43,84.53,84.37,84.52,84.25,84.28,0.0,0.0,0.0,0.0,0.0,0.0,0.0,0.0,0.0,0.0,0.0,0.0,1.23,1.37,1.22,1.3,1.24,1.27,1.24,1.28,1.19,1.3,1.23,1.29,1.22,1.27,1.25,1.27,1.22,1.27,1.21,1.26,1.2,1.27,1.21,1.28,0.0,0.0,0.0,0.0,0.0,0.0,0.0,0.0,0.0,0.0,0.0,0.0,0000000000001973
377,2024-04-03 00:00:00,7,,2,6061,D45,90*8.0,80*70,89.93,90.01,89.76,89.94,89.81,90.02,89.76,89.97,89.87,89.94,89.76,89.88,89.78,89.86,89.97,90.05,89.78,89.92,89.76,89.79,89.98,90.02,89.81,89.94,89.72,89.92,89.75,90.07,89.83,89.92,89.76,89.84,89.96,90.05,89.86,89.97,7.82,8.0,7.89,8.0,7.85,7.98,7.8,7.91,7.91,7.96,7.81,7.93,7.89,8.02,7.96,8.04,7.83,7.86,7.84,8.01,7.99,8.07,7.84,7.96,7.81,7.96,7.96,8.04,7.87,7.94,7.83,7.94,7.99,8.04,7.86,7.92,0000000000001974
378,2024-04-08 00:00:00,2,,12,6061,B18,44*5.15,44*5.15,43.98,44.08,44.01,44.06,44.16,44.2,44.04,44.09,44.07,44.08,44.17,44.19,44.07,44.09,44.09,44.1,44.18,44.2,44.04,44.08,44.05,44.1,44.14,44.19,44.07,44.13,44.06,44.12,44.15,44.2,44.09,44.15,44.09,44.18,44.09,44.17,5.04,5.18,5.13,5.16,5.11,5.14,5.02,5.06,5.12,5.18,5.12,5.17,5.01,5.07,5.06,5.12,5.08,5.13,5.03,5.07,5.07,5.13,5.05,5.14,5.12,5.16,5.09,5.18,5.07,5.13,5.08,4.17,5.12,5.16,5.09,5.15,0000000000001975
379,2024-04-08 00:00:00,4,,1,7075,B11,38.1*3.3,38.1*3.3,38.05,38.13,38.01,38.07,37.96,38.21,38.05,38.06,38.01,38.1,37.5,38.52,38.08,38.1,38.04,38.07,37.74,38.36,38.05,38.1,38.14,38.22,37.75,38.67,38.07,38.08,38.03,38.08,38.05,38.08,38.06,38.11,38.07,38.12,37.65,38.37,3.27,3.35,3.25,3.38,3.2,3.35,3.23,3.37,3.24,3.26,3.27,3.35,3.14,3.3,3.29,3.37,3.25,3.36,3.26,3.34,3.27,3.33,3.28,3.34,3.29,3.37,3.29,3.39,3.28,3.32,3.11,3.26,3.27,3.33,3.28,3.37,0000000000001976
380,2024-04-08 00:00:00,5,,7,6061,B21,50.8*2.4,50.8*2.4,50.7,50.72,50.73,50.74,50.75,50.8,50.71,50.73,50.83,50.84,50.82,50.92,50.78,50.82,50.86,50.89,50.83,50.86,50.81,50.85,50.89,50.92,50.87,50.9,50.83,50.86,50.83,50.87,50.89,50.92,50.89,50.92,50.79,50.86,50.8,50.9,2.37,2.44,2.35,2.45,2.35,2.43,2.37,2.43,2.36,2.44,2.35,2.42,2.44,2.46,2.32,2.41,2.41,2.47,2.49,2.52,2.36,2.44,2.44,2.52,2.51,2.56,2.42,2.5,2.47,2.53,2.44,2.49,2.39,2.48,2.46,2.51,0000000000001977
381,2024-04-08 00:00:00,6,,2,6061,D44,74*8.0,60*50.6,73.23,73.34,74.01,74.07,73.99,74.02,73.1,73.12,73.96,74.05,74.04,74.1,73.32,73.36,73.95,74.05,73.99,74.03,0.0,0.0,0.0,0.0,0.0,0.0,0.0,0.0,0.0,0.0,0.0,0.0,0.0,0.0,0.0,0.0,0.0,0.0,7.97,8.07,7.92,8.0,7.8,7.97,7.91,8.06,7.9,8.06,7.96,8.07,7.93,8.01,7.84,7.89,7.93,8.0,0.0,0.0,0.0,0.0,0.0,0.0,0.0,0.0,0.0,0.0,0.0,0.0,0.0,0.0,0.0,0.0,0.0,0.0,0000000000001978
382,2024-04-08 00:00:00,6,,2,6061,D24,72*8.5,58*45.7,72.07,72.17,71.91,72.05,71.93,72.04,71.81,71.96,71.93,72.03,71.94,72.04,71.89,72.04,71.93,72.17,71.68,71.97,0.0,0.0,0.0,0.0,0.0,0.0,0.0,0.0,0.0,0.0,0.0,0.0,0.0,0.0,0.0,0.0,0.0,0.0,8.36,8.53,8.38,8.5,8.32,8.44,8.34,8.46,8.44,8.54,8.24,8.34,8.32,8.51,8.33,8.44,8.34,8.42,0.0,0.0,0.0,0.0,0.0,0.0,0.0,0.0,0.0,0.0,0.0,0.0,0.0,0.0,0.0,0.0,0.0,0.0,0000000000001979
383,2024-04-08 00:00:00,7,,3,6061,J2,115*2.2,115*2.2,114.8,114.87,114.74,114.78,114.95,114.0,114.53,114.56,114.82,114.91,115.0,115.08,114.38,114.53,114.78,114.83,114.87,114.92,114.53,114.57,114.98,115.06,114.94,114.98,114.78,114.92,114.99,115.05,114.99,115.06,114.86,114.92,115.01,115.06,115.02,115.07,2.26,2.31,2.17,2.27,2.27,2.34,2.23,2.32,2.25,2.32,2.21,2.32,2.19,2.34,2.21,2.34,2.15,2.31,2.21,2.27,2.27,2.32,2.27,2.34,2.24,2.31,2.31,2.36,2.29,2.36,2.27,2.32,2.32,2.37,2.34,2.38,000000000000197a
384,2024-04-09 00:00:00,2,,3,6061,B18,35*2.5,35*2.5,35.0,35.06,35.04,35.08,34.96,34.97,35.0,35.03,34.96,34.97,34.93,35.02,35.01,35.05,34.97,35.02,34.94,35.01,35.03,35.07,34.99,35.01,34.95,35.02,35.02,35.05,35.02,35.04,34.96,35.04,35.01,35.04,35.03,35.06,34.97,35.02,2.38,2.44,2.4,2.5,2.42,2.51,2.48,2.55,2.43,2.45,2.45,2.5,2.49,2.56,2.44,2.53,2.46,2.56,2.51,2.53,2.47,2.56,2.47,2.53,2.54,2.61,2.49,2.59,2.48,2.54,2.57,2.62,2.52,2.61,2.49,2.56,0000000000001981
385,2024-04-09 00:00:00,4,,1,6066,B3,40*3.2,40*3.2,40.0,40.07,39.07,40.03,40.03,40.05,0.0,0.0,0.0,0.0,0.0,0.0,0.0,0.0,0.0,0.0,0.0,0.0,0.0,0.0,0.0,0.0,0.0,0.0,0.0,0.0,0.0,0.0,0.0,0.0,0.0,0.0,0.0,0.0,0.0,0.0,3.24,3.33,3.16,3.27,3.16,3.32,0.0,0.0,0.0,0.0,0.0,0.0,0.0,0.0,0.0,0.0,0.0,0.0,0.0,0.0,0.0,0.0,0.0,0.0,0.0,0.0,0.0,0.0,0.0,0.0,0.0,0.0,0.0,0.0,0.0,0.0,0000000000001982
386,2024-04-09 00:00:00,4,,1,7075,B11,38.1*3.3,38.1*3.3,38.04,38.06,38.01,38.02,37.96,38.14,38.04,38.11,38.04,38.09,37.8,38.52,38.04,38.06,38.04,38.11,37.97,38.15,38.01,38.04,38.08,38.15,38.03,38.07,38.02,38.03,38.04,38.12,38.09,38.1,0.0,0.0,0.0,0.0,0.0,0.0,3.221,3.35,3.26,3.31,3.28,3.33,3.17,3.3,3.24,3.34,3.23,3.37,3.2,3.38,3.2,3.29,3.29,3.34,3.2,3.37,3.26,3.4,3.26,3.31,3.17,3.3,3.24,3.35,3.23,3.31,0.0,0.0,0.0,0.0,0.0,0.0,0000000000001983
387,2024-04-09 00:00:00,5,,2,6061,D15,77*7.5,65.7*56.75,76.77,76.86,76.88,76.89,77.0,77.01,77.44,77.45,77.04,77.11,76.95,77.0,77.13,77.17,77.01,77.05,77.04,77.09,77.14,77.18,77.04,77.14,77.07,77.14,77.17,77.2,77.01,77.05,77.08,77.15,77.27,77.32,77.0,77.06,77.09,77.14,7.42,7.56,7.32,7.55,7.39,7.55,7.32,7.47,7.42,7.47,7.43,7.54,7.39,7.56,7.43,7.48,7.52,7.57,7.45,7.58,7.42,7.57,7.53,7.58,7.53,7.59,7.41,7.54,7.51,7.56,7.56,7.58,7.53,7.58,7.53,7.59,0000000000001984
388,2024-04-09 00:00:00,6,,2,6061,D44,78*7.0,66.7*59,77.28,77.36,77.96,78.04,78.0,78.07,76.05,76.12,78.03,78.05,78.13,78.14,76.39,76.47,77.97,78.06,78.04,78.08,0.0,0.0,0.0,0.0,0.0,0.0,0.0,0.0,0.0,0.0,0.0,0.0,0.0,0.0,0.0,0.0,0.0,0.0,6.96,7.11,6.99,7.07,6.93,6.97,7.08,7.13,6.99,7.06,6.94,7.04,7.04,7.12,6.9,7.05,6.96,7.02,0.0,0.0,0.0,0.0,0.0,0.0,0.0,0.0,0.0,0.0,0.0,0.0,0.0,0.0,0.0,0.0,0.0,0.0,0000000000001985
389,2024-04-09 00:00:00,6,,2,6061,D44,65*8.5,55*43,65.02,65.03,65.07,65.11,65.07,65.09,65.06,65.08,65.06,65.08,65.02,65.06,64.97,65.09,65.08,65.11,65.12,65.22,0.0,0.0,0.0,0.0,0.0,0.0,0.0,0.0,0.0,0.0,0.0,0.0,0.0,0.0,0.0,0.0,0.0,0.0,8.48,8.63,8.48,8.55,8.45,8.6,8.47,8.56,8.43,8.57,8.38,8.44,8.39,8.54,8.49,8.54,8.37,8.53,0.0,0.0,0.0,0.0,0.0,0.0,0.0,0.0,0.0,0.0,0.0,0.0,0.0,0.0,0.0,0.0,0.0,0.0,0000000000001986
390,2024-04-09 00:00:00,7,,2,6061,D50,78*8.0,66.5*56.75,77.82,77.89,77.94,78.02,77.97,78.07,77.86,77.94,77.89,77.91,77.89,77.94,77.83,77.94,77.88,77.93,77.94,78.04,77.85,77.89,77.89,77.96,77.84,77.9,77.86,77.92,77.94,77.96,77.86,77.92,77.92,78.04,77.99,78.07,77.89,77.94,7.9,8.02,7.96,8.03,7.96,8.03,7.93,8.05,7.93,8.03,7.93,8.04,7.88,8.04,7.98,8.02,7.98,8.05,7.89,8.06,7.98,8.06,7.96,8.0,7.92,8.04,7.99,8.05,7.97,8.04,7.97,8.06,8.04,8.08,7.99,8.07,0000000000001a1d
391,2024-04-10 00:00:00,2,,1,6061,B17,31*4.0,31*4.0,31.02,31.04,31.02,31.02,31.02,31.08,31.04,31.08,31.03,31.04,31.04,31.06,31.02,31.05,31.04,31.08,31.05,31.08,31.04,31.06,31.05,31.09,31.06,31.09,31.05,31.07,31.06,31.09,31.04,31.08,31.06,31.08,31.07,31.08,31.06,31.07,3.94,4.03,3.92,4.05,3.96,4.06,3.96,4.04,3.99,4.06,3.98,4.08,3.99,4.06,4.01,4.07,3.99,4.07,4.04,4.08,4.04,4.08,4.0,4.06,4.09,4.14,4.05,4.09,4.04,4.12,4.04,4.08,4.04,4.12,4.09,4.14,0000000000001a1e
392,2024-04-10 00:00:00,4,,1,6066,B3,40*3.2,40*3.2,39.9,39.92,40.05,40.07,39.9,40.02,39.81,39.85,40.03,40.05,39.93,40.23,39.98,40.03,40.07,40.09,39.55,40.71,39.56,39.57,40.04,40.15,40.04,40.11,40.01,40.09,40.03,40.09,39.97,40.03,40.02,40.04,40.04,40.05,39.97,40.17,3.37,3.39,3.28,3.33,3.19,3.37,3.27,3.4,3.22,3.32,3.22,3.36,3.27,3.35,3.21,3.37,3.24,3.29,3.22,3.38,3.34,3.37,3.24,3.31,3.29,3.31,3.26,3.36,3.25,3.32,3.27,3.34,3.19,3.25,3.26,3.31,0000000000001a1f
393,2024-04-10 00:00:00,5,,24,6061,B22,84.5*1.25,84.5*1.25,84.43,84.56,84.34,84.52,84.28,84.33,84.43,84.53,84.5,84.6,84.32,84.41,84.48,84.57,84.52,84.58,84.36,84.42,84.52,84.63,84.55,84.65,84.48,84.52,84.56,84.62,84.62,84.68,84.52,84.58,84.58,84.64,84.53,84.57,84.58,84.62,1.26,1.33,1.26,1.31,1.25,1.31,1.16,1.32,1.29,1.32,1.17,1.24,1.27,1.34,1.3,1.34,1.19,1.26,1.29,1.36,1.31,1.37,1.21,1.27,1.31,1.37,1.32,1.39,1.24,1.26,1.29,1.36,1.28,1.36,1.27,1.32,0000000000001a20
394,2024-04-10 00:00:00,6,,2,6061,D44,78*7.0,66.7*59,76.52,76.57,77.99,78.04,78.01,78.14,76.98,77.03,77.97,78.06,78.23,78.32,76.22,76.34,77.97,78.04,78.04,78.08,76.54,76.58,78.01,78.04,78.09,78.17,76.65,76.77,78.07,78.17,78.16,78.18,76.83,77.07,78.03,78.04,77.97,78.03,7.04,7.14,6.88,7.04,6.98,7.06,6.94,7.06,6.98,7.06,6.94,7.03,7.0,7.07,6.92,7.09,6.93,7.02,7.07,7.14,6.95,7.04,6.78,7.06,6.94,7.07,6.98,7.07,6.92,7.06,6.92,7.06,6.94,7.0,6.94,7.07,0000000000001a21
395,2024-04-10 00:00:00,7,,2,6061,D27,78*8.0,66.5*56.75,76.66,76.72,77.72,77.86,77.8,77.9,77.96,78.01,78.05,78.09,77.98,78.04,77.7,77.82,77.67,77.72,77.83,77.96,77.97,78.04,77.74,77.81,77.87,77.94,77.99,78.06,77.86,77.92,77.99,78.06,78.01,78.04,77.94,77.96,78.0,78.04,7.96,8.02,7.86,8.02,7.86,8.01,7.87,8.01,7.89,7.94,7.86,7.99,7.87,7.96,7.88,7.94,7.82,7.94,7.86,7.92,7.92,8.06,7.86,7.96,7.87,7.96,7.94,8.08,7.91,8.04,7.92,7.97,7.96,8.07,7.96,8.02,0000000000001963
396,2024-04-11 00:00:00,2,,4,7050,B9,40*2.7,40*2.7,39.98,40.07,39.98,40.08,39.96,39.99,39.99,40.06,39.99,40.07,39.97,40.0,40.0,40.05,40.02,40.08,39.98,40.01,40.01,40.06,40.04,40.09,39.99,40.04,40.06,40.1,40.03,40.07,40.1,40.15,40.07,40.13,40.09,40.13,40.09,40.12,2.67,2.77,2.72,2.76,2.62,2.72,2.71,2.78,2.7,2.83,2.71,2.82,2.72,2.76,2.69,2.74,2.73,2.77,2.68,2.79,2.71,2.78,2.76,2.83,2.72,2.78,2.74,2.83,2.79,2.86,2.76,2.81,2.76,2.82,2.66,2.74,0000000000001964
397,2024-04-11 00:00:00,4,,1,7075,B11,35*4.0,35*4.0,34.92,34.97,34.91,34.92,34.91,34.92,34.95,34.97,34.9,34.93,34.95,34.99,34.89,34.95,34.86,34.87,34.95,34.99,34.92,34.97,34.88,35.01,34.93,34.94,34.91,34.92,34.86,34.89,34.9,34.97,0.0,0.0,0.0,0.0,0.0,0.0,3.92,4.05,3.9,3.97,3.92,4.02,3.8,3.9,3.93,4.01,3.87,4.0,3.96,4.01,3.95,4.01,3.9,3.95,3.95,4.0,3.91,4.01,3.99,4.08,3.93,4.02,3.95,4.03,3.92,4.06,0.0,0.0,0.0,0.0,0.0,0.0,0000000000001965
398,2024-04-11 00:00:00,6,,2,6061,D44,74*8.0,60*50.6,73.46,73.55,73.94,74.06,73.93,73.98,73.09,73.89,73.97,74.0,74.02,74.04,73.92,73.97,73.98,73.98,73.97,74.0,73.91,73.92,73.97,74.02,73.97,74.01,73.69,73.76,73.97,74.05,73.97,73.99,73.56,73.59,74.07,74.12,73.94,73.95,7.86,7.97,7.9,7.99,7.85,7.95,7.81,8.0,7.85,8.0,7.9,8.02,7.9,8.05,7.9,8.0,7.86,7.97,7.84,7.92,7.89,7.97,7.83,7.86,7.87,7.99,7.93,8.07,7.93,7.97,7.77,8.05,7.87,7.96,7.85,7.92,0000000000001966
399,2024-04-11 00:00:00,7,,26,6061,J1,62*13.5,62*13.5,61.7,61.73,61.97,62.04,61.88,61.9,61.93,61.94,61.98,62.06,61.98,62.05,61.81,61.86,61.99,62.07,62.04,62.07,61.96,62.07,62.01,62.06,62.06,62.12,62.04,62.08,62.07,62.09,62.08,62.11,62.06,62.12,62.09,62.11,62.06,62.11,13.35,13.48,13.55,13.65,13.42,13.53,13.42,13.51,13.4,13.58,13.37,13.59,13.42,13.53,13.42,13.59,13.38,13.51,13.46,13.54,13.47,13.54,13.41,13.56,13.48,13.53,13.49,13.56,13.49,13.57,13.49,13.58,13.5,13.57,13.54,13.58,0000000000001967
400,2024-04-11 00:00:00,7,,2,6061,D25,90*8.0,80*70,89.84,89.87,89.94,90.03,89.97,90.04,90.0,90.1,89.87,89.96,89.85,90.01,90.06,90.13,89.9,89.97,89.94,90.02,89.87,89.92,90.04,90.09,89.96,90.05,90.0,90.09,90.02,90.11,89.97,90.09,89.98,90.12,90.04,90.13,89.96,89.99,7.81,7.92,7.89,8.0,7.97,8.04,7.95,8.0,7.85,7.96,7.9,7.97,7.94,8.02,7.89,7.94,7.91,7.96,7.86,7.94,7.92,7.97,7.92,7.98,7.9,7.97,7.96,8.08,7.94,8.09,7.94,8.06,7.94,8.02,7.97,8.1,0000000000001968
401,2024-04-12 00:00:00,2,,4,7050,B9,35*2.7,35*2.7,34.98,35.03,34.97,35.0,34.98,35.02,35.01,35.04,35.01,35.05,35.02,35.04,35.03,35.06,35.04,35.1,35.08,35.15,34.99,35.03,35.05,35.08,35.09,35.16,35.02,35.05,35.02,35.05,35.12,35.17,35.01,35.04,35.0,35.05,35.04,35.12,2.68,2.71,2.6,2.71,2.63,2.69,2.66,2.72,2.61,2.72,2.66,2.72,2.69,2.78,2.63,2.74,2.71,2.76,2.71,2.76,2.72,2.76,2.72,2.78,2.77,2.84,2.71,2.78,2.71,2.79,2.76,2.82,2.72,2.79,2.68,2.72,0000000000001898
402,2024-04-12 00:00:00,4,,1,7075,B11,40*5.3,40*5.3,40.01,40.06,39.96,40.05,39.96,40.08,40.05,40.09,39.99,40.05,39.99,40.07,40.07,40.12,40.02,40.06,40.01,40.03,40.09,40.14,40.05,40.1,40.09,40.13,40.12,40.16,40.04,40.08,40.05,40.1,40.09,40.13,40.01,40.07,40.09,40.12,5.28,5.33,5.21,5.34,5.29,5.31,5.27,5.34,5.27,5.29,5.28,5.36,5.26,5.33,5.25,5.34,5.29,5.36,5.31,5.38,5.21,5.32,5.32,5.38,5.32,5.37,5.24,5.29,5.26,5.32,5.34,5.38,5.27,5.36,5024.0,5.33,0000000000001899
403,2024-04-12 00:00:00,5,,7,6061,J1,48*2.5,48*2.5,47.93,48.02,47.87,47.95,47.89,47.96,47.96,48.09,47.96,48.04,48.01,48.09,48.01,48.08,48.04,48.11,48.0,48.06,48.04,48.13,48.02,48.09,48.01,48.07,48.01,18.07,48.03,48.08,48.04,48.12,48.06,48.12,48.04,48.12,48.07,48.11,2.4,2.52,2.43,2.52,2.43,2.51,2.44,2.56,2.41,2.53,2.44,2.53,2.49,2.57,2.52,2.59,2.49,2.54,2.51,2.62,2.54,2.6,2.52,2.61,2.52,2.64,2.53,2.58,2.51,2.57,2.53,2.61,2.56,2.61,2.53,2.6,000000000000189a
404,2024-04-12 00:00:00,6,,2,6061,D44,74*8.0,60*50.6,73.66,73.69,73.98,74.06,73.98,74.0,73.72,73.78,74.02,74.07,74.01,74.05,73.75,73.81,74.03,74.05,74.05,74.13,73.72,73.86,74.05,74.12,74.0,74.04,73.78,73.84,74.01,74.09,74.03,74.12,73.81,73.86,74.05,74.12,74.09,74.13,7.8,7.95,7.9,7.93,7.91,7.97,7.81,7.94,7.82,7.96,7.92,7.98,7.92,7.96,7.81,7.97,7.94,7.99,7.94,8.05,7.84,7.86,7.96,8.04,8.01,8.09,8.01,8.09,7.97,8.08,8.08,8.12,8.09,8.13,7.86,7.92,000000000000189b
405,2024-04-12 00:00:00,7,,2,6061,D10,90*-8.0,80*70,89.7,89.81,89.88,89.92,89.76,89.86,89.74,89.82,89.92,90.04,89.88,90.01,90.01,90.04,90.02,90.06,90.02,90.06,90.05,90.12,90.05,90.1,90.0,90.08,90.01,90.12,90.04,90.13,90.09,90.14,90.08,90.14,90.09,90.14,90.08,90.12,7.84,7.96,7.84,7.87,7.9,8.02,7.87,7.94,7.87,7.94,7.94,8.06,7.89,7.94,7.84,7.92,7.94,8.01,7.94,8.03,7.94,7.97,7.97,8.08,7.93,8.03,7.96,8.05,7.96,8.02,7.96,8.08,7.96,8.06,7.97,8.08,000000000000189c
406,2024-04-15 00:00:00,2,,13,6061,B18,47*4.2,47*4.2,46.89,46.95,46.97,47.0,46.96,46.97,46.94,47.04,47.0,47.04,46.99,47.05,46.97,47.02,47.01,47.05,47.01,47.04,0.0,0.0,0.0,0.0,0.0,0.0,0.0,0.0,0.0,0.0,0.0,0.0,0.0,0.0,0.0,0.0,0.0,0.0,4.12,4.18,4.1,4.13,4.12,4.21,4.08,4.22,4.19,4.26,4.14,4.24,4.09,4.21,4.2,4.27,4.15,4.23,0.0,0.0,0.0,0.0,0.0,0.0,0.0,0.0,0.0,0.0,0.0,0.0,0.0,0.0,0.0,0.0,0.0,0.0,000000000000189d
407,2024-04-15 00:00:00,2,,26,6061,B18,31.8*1.6,31.8*1.6,31.76,31.82,31.74,31.82,31.78,31.82,31.81,31.83,31.79,31.84,31.81,31.87,31.83,31.91,31.81,31.82,31.83,31.86,0.0,0.0,0.0,0.0,0.0,0.0,0.0,0.0,0.0,0.0,0.0,0.0,0.0,0.0,0.0,0.0,0.0,0.0,1.56,1.63,1.57,1.62,1.55,1.62,1.59,1.66,1.52,1.59,1.56,1.64,1.6,1.67,1.58,1.66,1.61,1.68,0.0,0.0,0.0,0.0,0.0,0.0,0.0,0.0,0.0,0.0,0.0,0.0,0.0,0.0,0.0,0.0,0.0,0.0,00000000000019e0
408,2024-04-15 00:00:00,4,,1,7075,B10,40*5.3,40*5.3,40.04,40.13,40.06,40.07,39.9,39.96,40.02,40.04,40.02,40.04,39.93,40.07,40.04,40.05,39.94,40.02,39.9,40.13,40.01,40.04,39.94,39.98,39.98,40.0,40.06,40.09,39.92,39.94,40.01,40.17,39.98,40.01,39.94,40.03,39.97,40.08,5.31,5.4,5.29,5.38,5.26,5.31,5.22,5.27,5.28,5.37,5.29,5.44,5.23,5.35,5.27,5.34,5.28,5.37,5.28,5.4,5.3,5.37,5.25,5.34,5.24,5.37,5.22,5.34,5.3,5.37,5.27,5.32,5.3,5.4,5.28,5.41,00000000000019e1
409,2024-04-15 00:00:00,5,,2,6061,D15,75*6.5,64.5*56.75,75.02,75.05,75.06,75.07,75.01,75.05,74.99,75.09,75.11,75.14,75.0,75.07,75.01,75.06,75.05,75.12,75.04,75.13,75.06,75.16,75.04,75.15,75.08,75.12,75.07,75.14,75.04,75.08,75.09,75.14,75.08,75.13,75.09,75.12,75.1,75.13,6.47,6.58,6.47,6.57,6.41,6.55,6.41,6.52,6.39,6.57,6.44,6.51,6.49,6.59,6.48,6.57,6.46,6.53,6.52,6.58,6.49,6.56,6.49,6.52,6.56,6.59,6.52,6.57,6.51,6.56,6.57,6.62,6.56,6.58,6.52,6.59,00000000000019e2
410,2024-04-15 00:00:00,6,,2,6061,D39,74*8.0,60*50.6,72.94,73.07,73.99,74.12,74.11,74.12,72.8,72.96,73.98,74.06,73.96,74.05,73.26,73.31,73.99,74.09,74.05,74.08,73.09,73.1,73.99,74.02,74.11,74.16,73.31,73.41,74.0,74.0,74.05,74.16,73.38,73.42,74.02,74.13,74.39,74.51,8.1,8.16,7.94,8.0,7.9,8.02,8.09,8.15,7.92,8.02,7.91,7.96,8.02,8.18,7.87,7.95,7.85,7.95,7.96,8.09,7.93,7.96,7.98,8.06,8.01,8.06,7.95,8.02,7.93,7.96,7.98,8.1,7.86,8.01,7.96,8.03,00000000000019e3
411,2024-04-15 00:00:00,7,,2,6061,D10,90*8.0,80*70,89.87,89.97,89.97,90.05,89.73,89.81,89.71,89.77,90.03,90.08,89.82,90.01,89.76,89.79,89.91,89.94,89.93,89.97,89.92,90.04,89.94,90.08,90.01,90.07,89.94,89.97,90.01,90.08,90.0,90.05,89.97,90.04,89.99,90.13,90.0,90.06,7.97,8.02,7.9,8.0,7.97,8.15,7.96,8.04,7.98,8.06,7.96,8.04,7.94,8.01,7.96,8.02,7.91,8.04,7.97,8.08,8.0,8.09,7.92,8.01,7.99,8.06,8.01,8.14,7.98,8.09,7.95,8.05,8.02,8.16,7.97,8.05,00000000000019e4
412,0202-04-16 00:00:00,6,,2,6061,D44,74*8.0,60*50.6,73.07,73.16,74.01,74.05,74.11,74.17,73.18,73.19,73.98,74.01,73.96,74.06,73.6,73.72,74.03,74.11,74.12,74.18,0.0,0.0,0.0,0.0,0.0,0.0,0.0,0.0,0.0,0.0,0.0,0.0,0.0,0.0,0.0,0.0,0.0,0.0,7.93,8.08,7.89,8.03,7.94,8.01,8.06,8.14,7.9,8.11,7.9,8.04,7.9,8.04,7.98,8.11,7.92,8.06,0.0,0.0,0.0,0.0,0.0,0.0,0.0,0.0,0.0,0.0,0.0,0.0,0.0,0.0,0.0,0.0,0.0,0.0,00000000000019e5
413,2024-04-16 00:00:00,6,,2,6061,D44,78*7.0,66.7*59,76.95,77.04,78.0,78.03,78.02,78.14,76.89,77.0,78.02,78.11,78.02,78.14,77.0,77.1,78.02,78.06,78.04,78.15,0.0,0.0,0.0,0.0,0.0,0.0,0.0,0.0,0.0,0.0,0.0,0.0,0.0,0.0,0.0,0.0,0.0,0.0,7.09,7.27,6.97,7.04,6.83,6.94,7.25,7.3,6.97,7.04,6.92,7.01,7.21,7.32,6.9,7.02,6.94,7.04,0.0,0.0,0.0,0.0,0.0,0.0,0.0,0.0,0.0,0.0,0.0,0.0,0.0,0.0,0.0,0.0,0.0,0.0,0000000000001a11
414,2024-04-17 00:00:00,1,,3,6061,B18,25.4*1.8,25.4*1.8,25.4,25.4,25.32,25.33,25.35,25.39,25.31,25.32,25.35,25.37,25.38,25.4,25.4,25.44,25.32,25.33,25.37,25.38,25.4,25.48,25.27,25.32,25.37,25.39,25.34,25.38,25.31,25.32,25.38,25.4,25.38,25.39,25.26,25.29,25.38,25.41,1.77,1.84,1.86,1.9,1.79,1.86,1.86,1.94,1.77,1.86,1.77,1.82,1.79,1.86,1.87,1.9,1.78,1.86,1.76,1.82,1.87,1.92,1.78,1.82,1.8,1.93,1.82,1.91,1.77,1.84,1.77,1.81,1.85,1.9,1.74,1.81,0000000000001a12
415,2024-04-17 00:00:00,2,,4,6061,B18,35*2.8,35*2.8,34.97,34.98,34.95,34.96,34.99,35.01,34.97,35.04,35.02,35.07,35.05,35.09,35.01,35.05,35.01,35.04,35.04,35.06,35.02,35.06,35.02,35.07,35.01,35.07,35.03,35.07,35.03,35.08,35.02,35.05,35.01,35.02,35.01,35.04,35.01,35.04,2.72,2.76,2.73,2.79,2.71,2.78,2.76,2.78,2.78,2.86,2.73,2.78,2.71,2.77,2.7,2.8,2.69,2.78,2.69,2.76,2.72,2.83,2.72,2.79,2.72,2.81,2.69,2.74,2.73,2.78,2.66,2.75,2.72,2.81,2.77,2.84,0000000000001a13
416,2024-04-17 00:00:00,4,,4,7050,B1,40*5.2,40*5.2,40.0,40.03,40.0,40.03,39.9,40.16,40.0,40.05,40.02,40.04,40.0,40.2,40.0,40.04,40.05,40.08,40.0,40.1,40.0,40.04,40.02,40.04,39.63,40.44,40.0,40.04,40.06,40.08,40.03,40.11,40.0,40.03,40.02,40.04,40.06,40.09,5.19,5.28,5.13,5.24,5.17,5.26,5.24,5.31,5.12,5.31,5.24,5.37,5.16,5.22,5.23,5.32,5.26,5.32,5.21,5.37,5.22,5.28,5.29,5.4,5.22,5.36,5.23,5.3,5.2,5.36,5.23,5.3,5.24,5.31,5.21,5.32,0000000000001a14
417,2024-04-17 00:00:00,5,,2,6061,D15,77*7.5,65.7*56.75,76.97,77.03,76.92,77.0,76.99,77.04,77.01,77.04,77.01,77.06,77.0,77.05,77.04,77.09,77.04,77.07,77.04,77.09,77.07,77.14,77.06,77.12,77.07,77.12,77.06,77.12,77.09,77.15,77.09,77.14,77.09,77.12,77.07,77.14,77.14,77.21,7.37,7.49,7.42,7.53,7.36,7.42,7.41,7.56,7.41,7.52,7.44,7.51,7.31,7.42,7.48,7.57,7.48,7.57,7.38,7.5,7.51,7.56,7.49,7.58,7.44,7.51,7.52,7.57,7.5,7.57,7.51,7.58,7.47,7.56,7.51,7.53,0000000000001a15
418,2024-04-17 00:00:00,6,,2,6061,D39,78*7.0,66.7*59,76.89,77.05,77.98,78.04,78.05,78.13,76.9,76.96,78.0,78.07,78.13,78.13,76.98,77.0,78.0,78.04,78.13,78.15,76.96,77.12,78.03,78.06,77.98,78.1,77.08,77.13,77.97,78.06,77.96,78.04,77.1,77.26,77.96,78.03,78.08,78.13,7.05,7.18,6.89,7.01,6.93,7.1,7.07,7.14,6.9,7.06,6.93,7.02,6.95,7.08,7.02,7.05,6.92,7.0,7.09,7.13,6.98,6.99,6.87,7.02,7.07,7.19,6.96,7.11,6.91,6.99,7.0,7.11,6.97,7.07,6.96,7.04,0000000000001a16
419,2024-04-17 00:00:00,7,,2,6061,D9,78*8.0,66.5*56.75,77.83,77.94,77.84,77.89,77.69,77.78,77.68,77.76,77.76,77.93,77.75,77.86,77.79,77.96,77.79,77.92,77.86,77.94,77.94,78.02,78.01,78.05,77.97,78.04,77.9,78.01,78.0,78.12,77.94,78.02,77.96,78.04,77.99,78.11,77.92,78.0,7.89,8.01,7.84,7.95,8.0,8.09,7.9,8.03,7.94,8.01,7.89,8.03,7.97,8.08,7.97,8.06,7.92,8.01,7.96,8.08,7.94,8.02,7.97,8.06,7.99,8.04,7.97,8.09,7.98,8.01,8.01,8.05,7.98,8.09,7.96,8.04,0000000000001a2e
420,2024-04-18 00:00:00,1,,3,6061,B19,28.6*2,28.6*2,28.64,28.65,28.64,28.66,28.63,28.64,28.63,28.66,28.64,28.67,28.64,28.68,28.62,28.65,28.63,28.68,28.64,28.66,0.0,0.0,0.0,0.0,0.0,0.0,0.0,0.0,0.0,0.0,0.0,0.0,0.0,0.0,0.0,0.0,0.0,0.0,1.99,2.06,1.99,2.09,1.99,2.03,2.0,2.06,1.99,2.06,2.01,2.08,2.01,2.08,1.98,2.07,2.0,2.05,0.0,0.0,0.0,0.0,0.0,0.0,0.0,0.0,0.0,0.0,0.0,0.0,0.0,0.0,0.0,0.0,0.0,0.0,0000000000001a2f
421,2024-04-18 00:00:00,1,,3,6061,B19,19*1.6,19*1.6,19.11,19.12,19.12,19.15,19.11,19.12,19.08,19.09,19.12,19.14,19.09,19.13,19.12,19.17,19.09,19.12,19.11,19.15,0.0,0.0,0.0,0.0,0.0,0.0,0.0,0.0,0.0,0.0,0.0,0.0,0.0,0.0,0.0,0.0,0.0,0.0,1.6,1.66,1.59,1.64,1.56,1.64,1.61,1.65,1.61,1.68,1.59,1.68,1.62,1.74,1.68,1.72,1.6,1.68,0.0,0.0,0.0,0.0,0.0,0.0,0.0,0.0,0.0,0.0,0.0,0.0,0.0,0.0,0.0,0.0,0.0,0.0,0000000000001a30
422,2024-04-18 00:00:00,2,,4,6061,B18,36*2.8,36*2.8,35.84,35.9,35.84,35.85,36.11,36.19,36.01,36.04,35.9,36.0,36.09,36.16,36.03,36.09,35.92,35.97,36.06,36.11,35.87,35.92,35.9,36.0,36.04,36.09,35.91,36.04,35.94,36.05,36.05,36.1,36.01,36.05,35.96,36.07,36.06,36.11,2.79,2.86,2.77,2.84,2.77,2.92,2.76,2.86,2.79,2.84,2.79,2.91,2.74,2.82,2.8,2.86,2.77,2.84,2.77,2.96,2.84,2.92,2.81,2.96,2.79,2.91,2.8,2.9,2.82,2.93,2.81,2.92,2.87,2.96,2.9,2.97,0000000000001a31
423,2024-04-18 00:00:00,4,,4,6066,B3,35*2.8,35*2.8,35.01,35.02,34.97,35.04,34.95,35.17,34.95,35.01,34.98,35.01,35.02,35.1,35.02,35.06,34.9,34.97,34.96,35.02,35.03,35.04,34.91,34.95,35.01,35.04,34.96,35.01,35.01,35.02,34.93,35.21,34.95,35.03,35.03,35.06,34.94,35.05,2.78,2.92,2.73,2.87,2.76,2.95,2.79,2.94,2.82,2.87,2.7,2.81,2.9,3.0,2.73,2.83,2.79,2.92,2.85,2.94,2.73,2.87,2.73,2.86,2.72,2.87,2.87,2.92,2.81,2.93,2.72,2.8,2.91,2.97,2.8,2.9,0000000000001a32
424,2024-04-18 00:00:00,4,,4,7050,B1,40*2.5,40*2.5,39.47,39.55,40.04,40.05,40.03,40.15,39.72,39.78,40.0,40.05,39.99,40.11,39.11,39.25,40.03,40.04,40.12,40.14,40.03,40.12,40.03,40.05,40.06,40.17,40.04,40.09,40.02,40.07,40.08,40.19,40.05,40.1,40.04,40.08,40.09,40.12,2.69,2.78,2.5,2.55,2.51,2.62,2.71,2.82,2.49,2.61,2.49,2.6,2.68,2.78,2.5,2.56,2.62,2.7,2.51,2.63,2.5,2.7,2.56,2.72,2.61,2.71,2.56,2.62,2.58,2.64,2.62,2.73,2.53,2.61,2.61,2.67,0000000000001a33
425,2024-04-18 00:00:00,5,,26,6061,J1,81*19,81*19,80.08,80.12,80.53,80.66,80.09,80.17,80.14,80.22,80.54,80.57,80.14,80.26,80.19,80.26,80.58,80.64,80.16,80.29,0.0,0.0,0.0,0.0,0.0,0.0,0.0,0.0,0.0,0.0,0.0,0.0,0.0,0.0,0.0,0.0,0.0,0.0,18.91,19.07,18.85,18.92,18.86,18.97,18.93,18.96,18.92,18.97,18.92,18.96,18.94,18.97,18.96,19.08,18.94,18.97,0.0,0.0,0.0,0.0,0.0,0.0,0.0,0.0,0.0,0.0,0.0,0.0,0.0,0.0,0.0,0.0,0.0,0.0,0000000000001a34
426,2024-04-18 00:00:00,5,,26,6061,J1,76*14,76*14,76.02,76.14,76.07,76.14,75.69,0.0,0.0,0.0,0.0,0.0,0.0,0.0,0.0,0.0,0.0,0.0,0.0,0.0,0.0,0.0,0.0,0.0,0.0,0.0,0.0,0.0,0.0,0.0,0.0,0.0,0.0,0.0,0.0,0.0,0.0,0.0,13.76,13.94,13.78,13.82,0.0,0.0,0.0,0.0,0.0,0.0,0.0,0.0,0.0,0.0,0.0,0.0,0.0,0.0,0.0,0.0,0.0,0.0,0.0,0.0,0.0,0.0,0.0,0.0,0.0,0.0,0.0,0.0,0.0,0.0,0.0,0.0,0000000000001a35
427,2024-04-18 00:00:00,5,,26,6061,J1,81*19,81*19,80.08,80.12,80.53,80.66,80.09,80.17,80.14,80.22,80.54,80.57,80.14,80.26,80.19,80.26,80.58,80.64,80.16,80.29,0.0,0.0,0.0,0.0,0.0,0.0,0.0,0.0,0.0,0.0,0.0,0.0,0.0,0.0,0.0,0.0,0.0,0.0,18.91,19.07,18.85,18.92,18.86,18.97,18.93,18.96,18.92,18.97,18.92,18.96,18.94,18.97,18.96,19.08,18.94,18.97,0.0,0.0,0.0,0.0,0.0,0.0,0.0,0.0,0.0,0.0,0.0,0.0,0.0,0.0,0.0,0.0,0.0,0.0,0000000000001a36
428,2024-04-18 00:00:00,5,,26,6061,J1,76*14,76*14,76.02,76.14,76.07,76.14,75.69,75.76,76.04,76.18,76.09,76.16,76.02,76.16,76.09,76.19,76.14,76.2,76.06,76.12,0.0,0.0,0.0,0.0,0.0,0.0,0.0,0.0,0.0,0.0,0.0,0.0,0.0,0.0,0.0,0.0,0.0,0.0,13.76,13.94,13.78,13.82,13.75,13.9,13.78,13.92,13.84,13.96,13.87,14.0,13.79,13.96,13.92,13.97,13.94,14.06,0.0,0.0,0.0,0.0,0.0,0.0,0.0,0.0,0.0,0.0,0.0,0.0,0.0,0.0,0.0,0.0,0.0,0.0,0000000000001a37
429,2024-04-18 00:00:00,6,,2,6061,D39,78*7.0,66.7*59,77.36,77.47,78.1,78.13,78.04,78.11,77.0,77.12,78.03,78.04,78.1,78.16,77.79,77.91,78.04,78.07,78.09,78.17,77.66,77.77,77.98,77.99,77.96,77.99,77.49,77.52,78.08,78.12,78.02,78.05,77.27,77.32,78.03,78.05,78.05,78.09,6.83,6.97,6.89,7.04,6.89,6.97,6.97,7.02,6.96,7.04,6.9,7.05,6.89,7.07,6.93,7.07,6.91,7.04,6.87,7.01,6.94,7.0,6.92,7.05,6.93,7.04,6.88,6.97,6.91,7.09,6.94,7.08,6.99,7.06,6.9,7.0,0000000000001a38
430,2024-04-18 00:00:00,7,,2,6061,D09,78*8.0,66.5*56.75,77.99,78.06,77.92,77.96,77.92,77.96,77.98,78.06,77.91,78.0,77.82,77.85,78.0,78.04,77.92,78.03,77.84,77.97,77.96,78.06,77.96,78.08,77.89,78.01,78.02,78.1,78.08,78.14,78.01,78.06,78.08,78.12,78.09,78.17,78.04,78.11,7.95,8.09,8.0,8.02,7.95,8.09,7.93,8.06,7.98,8.05,7.97,8.0,7.96,8.04,7.99,8.06,7.86,7.94,7.98,8.04,8.0,8.05,7.87,7.92,7.99,8.1,8.01,8.06,7.94,7.97,7.98,8.12,8.08,8.12,7.97,8.06,0000000000001a39
431,2024-04-18 00:00:00,7,,8,6061,J2,90*8.0,90*8.0,89.9,90.07,89.96,89.97,89.94,90.03,89.93,90.02,89.97,89.98,89.91,90.02,89.94,90.01,89.98,90.04,89.94,90.01,89.96,90.02,89.99,90.07,89.95,90.06,89.97,90.05,90.0,90.02,89.97,90.05,89.99,90.04,90.01,90.05,90.01,90.06,7.95,8.08,7.89,7.97,7.83,7.97,7.95,8.08,7.91,7.92,7.96,7.98,7.99,8.09,7.92,8.06,7.97,7.96,8.0,8.12,7.93,8.07,7.95,8.05,8.01,8.09,7.97,8.05,7.94,8.02,8.05,8.16,7.99,8.04,7.99,8.06,0000000000001a22
432,2024-04-18 00:00:00,7,,2,6061,D23,90*8.0,80*70,89.75,89.88,89.77,89.94,89.73,89.88,89.73,89.81,89.76,89.85,89.88,89.93,89.96,90.04,89.78,89.95,89.91,89.99,89.97,90.02,89.81,89.94,89.94,90.01,89.96,90.04,89.86,89.98,89.96,90.05,89.97,90.01,89.88,89.94,89.95,90.04,7.83,7.95,7.81,7.98,7.81,7.93,7.73,7.86,7.76,7.9,7.8,7.93,7.9,8.04,7.89,8.0,7.81,7.96,7.92,7.99,7.91,7.96,7.83,7.92,7.94,7.99,7.94,8.02,7.86,7.91,7.92,7.96,7.91,7.97,7.81,7.94,0000000000001a23
433,2024-04-19 00:00:00,1,,3,6061,B19,19*1.6,19*1.6,19.09,19.1,19.08,19.12,19.1,19.11,19.08,19.1,19.11,19.12,19.08,19.1,19.08,19.1,19.12,19.12,19.07,19.09,19.09,19.14,19.06,19.07,19.08,19.1,19.07,19.09,19.06,19.09,19.1,19.11,19.1,19.12,19.09,19.09,19.09,19.13,1.68,1.76,1.63,1.66,1.63,1.67,1.62,1.66,1.62,1.66,1.6,1.65,1.6,1.68,1.65,1.69,1.59,1.68,1.59,1.71,1.59,1.65,1.55,1.62,1.63,1.71,1.59,1.68,1.58,1.72,1.62,1.65,1.63,1.72,1.67,1.73,0000000000001a24
434,2024-04-19 00:00:00,2,,4,6061,B18,40*3.2,40*3.2,39.78,39.9,39.97,39.98,40.01,40.06,39.98,40.01,39.9,40.0,40.0,40.04,40.0,40.04,40.0,40.05,40.03,40.09,0.0,0.0,0.0,0.0,0.0,0.0,0.0,0.0,0.0,0.0,0.0,0.0,0.0,0.0,0.0,0.0,0.0,0.0,3.19,3.32,3.17,3.2,3.09,3.2,3.17,3.26,3.18,3.31,3.12,3.27,3.21,3.28,3.25,3.27,3.27,3.32,0.0,0.0,0.0,0.0,0.0,0.0,0.0,0.0,0.0,0.0,0.0,0.0,0.0,0.0,0.0,0.0,0.0,0.0,0000000000001a25
435,2024-04-19 00:00:00,2,,4,6061,B18,35*2.8,35*2.8,34.86,34.9,34.97,35.03,35.01,35.01,35.01,35.03,35.0,35.02,35.02,35.05,35.04,35.09,35.03,35.08,35.01,35.04,0.0,0.0,0.0,0.0,0.0,0.0,0.0,0.0,0.0,0.0,0.0,0.0,0.0,0.0,0.0,0.0,0.0,0.0,2.71,2.8,2.72,2.82,2.71,2.76,2.73,2.81,2.77,2.91,2.81,2.94,2.76,2.92,2.78,2.92,2.83,2.96,0.0,0.0,0.0,0.0,0.0,0.0,0.0,0.0,0.0,0.0,0.0,0.0,0.0,0.0,0.0,0.0,0.0,0.0,0000000000001a26
436,2024-04-19 00:00:00,4,,4,7050,B1,35*2.7,35*2.7,34.96,34.97,34.96,34.98,34.9,34.93,34.89,35.02,34.97,34.97,34.93,34.98,34.97,35.05,35.01,35.06,34.95,34.95,34.98,35.01,34.96,35.04,34.95,34.96,35.03,35.09,35.02,35.05,34.97,35.02,35.01,35.04,35.01,35.04,35.01,35.04,2.68,2.8,2.66,2.71,2.62,2.76,2.59,2.62,2.54,2.68,2.59,2.73,2.59,2.72,2.7,2.76,2.6,2.64,2.62,2.73,2.65,2.75,2.66,2.72,2.71,2.76,2.66,2.72,2.71,2.82,2.72,2.78,2.69,2.76,2.76,2.91,0000000000001a27
437,2025-02-19 00:00:00,5,,2,6061,D16,75*6.5,65.5*56.85,75.0,75.0,75.0,75.13,75.02,75.11,75.02,75.04,75.01,75.05,75.03,75.09,75.01,75.05,75.04,75.08,75.05,75.1,75.04,75.07,75.06,75.12,75.06,75.13,74.99,75.06,75.04,75.11,75.07,75.12,75.01,75.04,75.08,75.12,75.08,75.09,6.45,6.55,6.42,6.52,6.44,6.58,6.43,6.56,6.46,6.54,6.41,6.53,6.49,6.57,6.47,6.53,6.42,6.54,6.5,6.59,6.49,6.52,6.43,6.5,6.51,6.58,6.5,6.54,6.41,6.53,6.52,6.59,6.53,6.56,6.42,6.54,0000000000001a28
438,2024-04-19 00:00:00,6,,2,6061,D39,78*7.0,66.7*59,77.71,77.8,77.92,78.0,78.07,78.08,76.89,76.9,78.05,78.11,78.13,78.17,77.06,77.16,77.99,78.02,78.08,78.15,76.6,76.77,77.96,77.98,78.04,78.11,77.0,77.05,78.01,78.03,78.08,78.15,76.89,77.01,78.0,78.0,78.09,78.2,6.92,7.01,6.92,7.01,6.9,7.02,7.17,7.23,6.95,7.04,6.94,7.07,6.94,7.06,6.92,6.96,6.98,7.05,7.04,7.17,6.92,6.94,6.91,7.05,6.93,7.09,6.93,7.02,6.91,7.0,6.88,7.03,6.97,7.03,6.9,7.1,0000000000001a29
439,2024-04-22 00:00:00,1,,1,6061,F,35*2.5,35*2.5,34.95,35.01,34.98,35.0,34.95,34.98,34.97,34.99,34.99,35.0,34.97,34.99,34.99,35.07,34.97,34.98,34.95,35.01,35.02,35.06,35.01,35.03,34.97,35.02,34.97,34.99,35.0,35.02,35.01,35.03,34.99,35.07,35.03,35.08,35.04,35.09,2.52,2.69,2.51,2.58,2.52,2.69,2.56,2.67,2.57,2.62,2.59,2.67,2.52,2.61,2.46,2.58,2.6,2.68,2.49,2.58,2.44,2.51,2.61,2.67,2.5,2.56,2.49,2.54,2.62,2.68,2.51,2.57,2.51,2.57,2.61,2.71,0000000000001a2a
440,2024-04-22 00:00:00,2,,4,6061,B18,35*2.8,35*2.8,34.98,35.0,34.94,34.97,34.97,34.97,34.99,35.02,34.95,35.01,34.98,35.01,35.01,35.03,34.96,35.03,34.99,35.03,35.04,35.07,34.97,35.04,34.97,35.02,35.01,35.06,34.99,35.02,34.98,35.01,0.0,0.0,0.0,0.0,0.0,0.0,2.78,2.82,2.74,2.83,2.77,2.85,2.79,2.91,2.76,2.84,2.78,2.81,2.81,2.86,2.79,2.87,2.81,2.86,2.83,2.89,2.8,2.86,2.83,2.89,2.81,2.87,2.81,2.83,2.84,2.91,0.0,0.0,0.0,0.0,0.0,0.0,0000000000001a2b
441,2024-04-22 00:00:00,4,,7,7050,B1,43.5*4.6,43.5*4.6,43.46,46.48,43.47,43.48,43.45,43.47,43.43,43.49,43.47,43.5,43.5,43.56,43.49,43.51,43.43,43.51,43.48,43.59,43.43,43.46,43.5,43.61,43.46,43.51,43.42,43.48,43.39,43.44,43.47,43.53,0.0,0.0,0.0,0.0,0.0,0.0,4.65,4.7,4.62,4.67,4.55,4.7,4.68,4.73,4.62,4.7,4.57,4.67,4.66,4.72,4.57,4.71,4.65,4.71,4.58,4.73,4.65,4.73,4.61,4.7,4.66,4.72,4.73,4.75,4.58,4.73,0.0,0.0,0.0,0.0,0.0,0.0,0000000000001a2c
442,2024-04-22 00:00:00,5,,3,6061,A38,39*2.0,39*2.0,38.98,39.06,38.97,39.01,39.04,39.06,39.01,39.04,39.02,39.06,39.05,39.1,39.04,39.11,39.04,39.07,39.04,39.09,39.07,39.1,39.05,39.06,39.01,39.05,38.99,39.03,39.01,39.04,39.04,39.09,39.01,39.04,39.04,39.1,39.07,39.1,1.96,2.07,1.97,2.07,1.98,2.04,1.94,2.08,1.96,2.06,1.99,2.06,1.95,2.05,1.98,2.08,1.97,2.02,1.91,2.02,1.99,2.09,1.96,2.04,1.92,2.07,1.98,2.07,1.98,2.09,1.94,2.08,1.99,2.06,1.99,2.06,0000000000001a2d
443,2024-04-22 00:00:00,6,,2,6061,D39,78*7.0,66.7*59,77.26,77.3,78.08,78.11,78.12,78.17,76.38,76.43,78.01,78.03,78.1,78.28,76.9,77.02,78.03,78.05,78.28,78.32,77.3,77.38,78.02,78.03,78.01,78.03,77.43,77.52,78.07,78.15,78.01,78.15,77.5,77.61,78.0,78.08,78.07,78.11,6.92,7.04,6.94,7.04,6.98,7.0,7.07,7.17,6.89,6.99,6.91,7.03,6.89,7.05,6.9,7.0,6.9,7.0,6.9,7.04,6.9,7.04,6.87,6.96,6.8,6.92,6.99,7.07,6.86,6.93,6.91,7.04,6.89,7.04,6.89,7.05,0000000000001a3a
444,2024-04-22 00:00:00,7,,3,6061,J2,115*2.2,115*2.2,115.0,115.03,114.86,115.02,114.65,114.8,114.74,114.85,114.79,114.9,114.59,114.62,115.02,115.06,114.83,114.97,114.71,114.83,114.98,115.03,114.92,115.01,114.81,114.86,114.97,115.02,114.97,115.02,114.9,114.97,115.01,115.03,114.98,115.01,114.91,114.96,2.18,2.31,2.18,2.23,2.26,2.31,2.18,2.29,2.29,2.31,2.2,2.3,2.17,2.24,2.24,2.31,2.21,2.32,2.21,2.31,2.27,2.32,2.22,2.27,2.23,2.29,2.28,2.33,2.23,2.29,2.24,2.33,2.29,2.36,2.22,2.31,0000000000001a3b
445,2024-04-23 00:00:00,1,,1,6061,F,35*2.5,35*2.5,35.02,35.05,35.04,35.08,35.05,35.11,34.98,35.02,34.97,34.95,34.9,34.93,34.93,34.99,34.9,34.91,34.98,35.02,35.0,35.01,34.97,34.99,34.95,34.99,34.98,35.04,35.02,35.09,35.01,35.03,35.02,35.04,35.0,35.02,34.94,35.02,2.52,2.57,2.48,2.59,2.47,2.53,2.52,2.56,2.53,2.62,2.54,2.62,2.57,2.67,2.55,2.62,2.48,2.52,2.48,2.56,2.46,2.52,2.56,2.62,2.49,2.56,2.55,2.63,2.55,2.6,2.46,2.52,2.43,2.48,2.54,2.61,0000000000001a3c
446,2024-04-23 00:00:00,2,,25,6061,B18,34.9*2.0,34.9*2,34.95,34.97,34.98,34.99,34.98,35.02,34.95,34.96,34.99,35.01,34.99,35.03,34.97,35.0,35.01,35.03,34.92,34.97,0.0,0.0,0.0,0.0,0.0,0.0,0.0,0.0,0.0,0.0,0.0,0.0,0.0,0.0,0.0,0.0,0.0,0.0,1.99,2.06,1.92,1.97,1.9,1.94,2.0,2.07,1.93,1.98,1.92,1.96,2.01,2.06,1.94,1.99,1.94,1.98,0.0,0.0,0.0,0.0,0.0,0.0,0.0,0.0,0.0,0.0,0.0,0.0,0.0,0.0,0.0,0.0,0.0,0.0,0000000000001a3d
447,2024-04-23 00:00:00,2,,1,6061,B18,35*2.5,,34.93,35.01,34.97,35.08,34.96,34.97,34.96,34.97,34.99,35.06,34.97,34.99,34.97,34.99,35.02,35.1,34.98,34.99,0.0,0.0,0.0,0.0,0.0,0.0,0.0,0.0,0.0,0.0,0.0,0.0,0.0,0.0,0.0,0.0,0.0,0.0,2.37,2.5,2.46,2.54,2.43,2.51,2.39,2.52,2.41,2.54,2.41,2.53,2.43,2.54,2.43,2.56,2.5,2.56,0.0,0.0,0.0,0.0,0.0,0.0,0.0,0.0,0.0,0.0,0.0,0.0,0.0,0.0,0.0,0.0,0.0,0.0,0000000000001a3e
448,2024-04-23 00:00:00,4,,7,7050,B1,43.5*4.6,,43.45,43.46,43.46,43.5,43.51,43.55,43.42,43.5,43.46,43.53,43.51,43.66,43.44,43.5,43.47,43.5,43.49,43.52,43.42,43.45,43.48,43.57,43.48,43.51,43.5,43.52,43.45,43.47,43.46,43.48,43.43,43.52,43.5,43.51,43.52,43.57,4.67,4.73,4.6,4.68,4.59,4.65,4.67,4.7,4.66,4.74,4.59,4.61,4.68,4.73,4.62,4.67,4.52,4.62,4.63,4.71,4.62,4.71,4.66,4.72,4.66,4.74,4.66,4.71,4.66,4.71,4.69,4.72,4.59,4.65,4.65,4.7,0000000000001a3f
449,2024-04-23 00:00:00,5,,2,6061,D16,77*7.5,65.7*56.75,77.02,77.09,77.0,77.02,76.93,77.12,77.01,77.08,77.04,77.12,77.05,77.08,77.04,77.11,77.09,77.16,77.09,77.15,77.09,77.14,77.04,77.14,77.09,77.14,77.12,77.17,77.07,77.16,77.04,77.09,77.05,77.1,77.09,77.12,77.02,77.12,7.43,7.52,7.45,7.52,7.42,7.59,7.42,7.53,7.49,7.56,7.41,7.53,7.47,7.58,7.5,7.59,7.42,7.56,7.49,7.59,7.53,7.57,7.43,7.56,7.5,7.57,7.52,7.58,7.42,7.57,7.52,7.59,7.53,7.59,7.43,7.58,0000000000001a40
450,2024-04-23 00:00:00,6,,2,6061,D39,78*7.0,66.7*59,78.18,78.27,78.04,78.06,78.02,78.04,77.28,77.35,78.0,78.1,78.02,78.11,76.52,76.57,78.0,78.02,78.06,78.06,76.72,76.8,78.07,78.08,78.11,78.16,77.29,77.39,78.04,78.1,78.02,78.1,77.22,77.31,78.06,78.1,78.05,78.1,6.89,7.06,6.92,6.97,6.97,6.99,6.85,6.95,6.85,6.98,6.9,6.99,7.08,7.21,6.92,7.05,6.95,7.0,6.99,7.02,6.99,7.06,6.93,7.05,6.86,6.97,6.9,6.98,6.86,6.96,6.88,6.97,6.95,7.01,6.9,7.06,0000000000001a41
451,2024-04-23 00:00:00,7,,2,6061,D23,90*8.0,80*70,89.97,90.07,89.92,90.07,89.95,90.04,89.9,89.98,89.94,90.05,89.91,90.01,89.92,89.94,89.98,90.04,89.92,90.05,89.94,89.99,89.99,90.05,89.94,90.07,89.97,90.05,90.01,90.07,90.04,90.14,90.04,90.15,90.07,90.17,90.07,90.14,8.0,8.14,8.0,8.15,7.96,8.11,7.96,8.1,7.98,8.03,7.95,8.12,7.99,8.07,7.99,8.06,7.94,8.06,8.04,8.14,8.02,8.14,7.97,8.08,8.02,8.13,8.08,8.16,7.96,8.04,8.08,8.16,8.09,8.18,7.97,8.06,0000000000001a42
452,2024-04-24 00:00:00,1,,1,6061,F,35*2.5,,34.99,35.04,34.79,35.02,34.97,35.06,34.94,35.0,34.93,35.03,35.03,35.03,34.94,35.03,34.94,34.99,35.0,35.03,34.95,34.96,35.0,35.04,34.98,34.98,34.93,34.98,35.02,35.02,34.96,34.98,35.05,35.07,35.02,35.04,35.06,35.06,2.47,2.62,2.41,2.59,2.44,2.52,2.54,2.61,2.57,2.67,2.52,2.53,2.57,2.67,2.55,2.6,2.55,2.62,2.58,2.63,2.56,2.61,2.48,2.56,2.47,2.53,2.49,2.57,2.47,2.53,2.58,2.62,2.52,2.6,2.48,2.57,0000000000001a43
453,2024-04-24 00:00:00,2,,1,6061,B18,35*2.5,,34.89,34.95,34.93,35.01,34.98,35.05,35.0,35.02,34.92,34.93,34.97,35.04,34.96,35.01,34.95,34.96,35.0,35.04,34.97,35.02,35.0,35.06,34.97,35.01,34.99,35.08,35.03,35.09,34.99,35.04,35.01,35.06,35.02,35.1,35.02,35.13,2.46,2.51,2.45,2.53,2.47,2.5,2.52,2.56,2.49,2.52,2.42,2.52,2.48,2.53,2.52,2.56,2.48,2.52,2.45,2.52,2.53,2.56,2.48,2.51,2.47,2.54,2.51,2.57,2.49,2.57,2.49,2.53,2.54,2.59,2.5,2.56,0000000000001a44
454,2024-04-24 00:00:00,4,,1,62061,B3,38*3.2,,37.94,37.94,37.93,37.95,37.95,38.01,37.92,37.94,37.95,38.02,37.92,37.95,37.91,37.96,37.93,37.93,37.93,37.93,37.93,37.96,37.96,37.97,38.0,38.06,37.93,37.94,37.92,37.93,37.99,38.08,37.97,38.01,37.89,37.92,37.9,37.9,3.19,3.32,3.18,3.38,3.27,3.34,3.24,3.37,3.25,3.35,3.18,3.32,3.23,3.31,3.22,3.31,3.13,3.16,3.28,3.31,3.28,3.35,3.24,3.28,3.11,3.27,3.27,3.33,3.23,3.33,3.19,3.26,3.25,3.3,3.11,3.19,0000000000001a45
455,2024-04-24 00:00:00,5,,26,6061,J1,76*14,,75.66,75.77,75.84,75.99,78.87,78.96,78.78,78.86,78.92,76.04,76.04,76.14,76.02,76.13,75.96,76.08,76.1,76.12,0.0,0.0,0.0,0.0,0.0,0.0,0.0,0.0,0.0,0.0,0.0,0.0,0.0,0.0,0.0,0.0,0.0,0.0,13.85,14.02,13.81,13.94,13.86,13.94,13.9,14.01,13.92,13.97,13.89,13.92,13.92,14.04,13.97,14.02,13.94,14.01,0.0,0.0,0.0,0.0,0.0,0.0,0.0,0.0,0.0,0.0,0.0,0.0,0.0,0.0,0.0,0.0,0.0,0.0,0000000000001a46
456,2024-04-24 00:00:00,5,,6,6061,B24,38*2.6,,37.94,37.97,37.98,37.99,38.01,38.05,37.99,38.04,38.01,38.04,38.03,38.11,38.02,38.13,38.04,38.06,38.04,38.09,0.0,0.0,0.0,0.0,0.0,0.0,0.0,0.0,0.0,0.0,0.0,0.0,0.0,0.0,0.0,0.0,0.0,0.0,2.62,2.67,2.65,2.67,2.59,2.64,2.63,2.68,2.66,2.72,2.62,2.67,2.64,2.69,2.64,2.71,2.58,2.64,0.0,0.0,0.0,0.0,0.0,0.0,0.0,0.0,0.0,0.0,0.0,0.0,0.0,0.0,0.0,0.0,0.0,0.0,0000000000001a47
457,2024-04-24 00:00:00,6,,2,6061,D11,78*7.0,,76.08,76.1,78.03,78.07,78.09,78.14,77.0,77.11,77.99,78.04,78.05,78.08,76.75,76.79,77.98,78.06,78.04,78.11,76.44,76.49,78.02,78.07,78.04,78.09,76.17,76.18,78.02,78.04,78.03,78.12,76.96,77.02,78.07,78.19,78.16,78.19,6.84,6.95,6.95,7.04,6.93,6.98,7.04,7.08,6.94,6.99,6.99,7.05,7.04,7.15,6.96,7.08,6.9,7.03,7.18,7.19,6.97,7.08,7.0,7.04,6.96,7.13,7.08,7.14,6.98,7.08,7.08,7.14,6.97,7.04,6.95,7.1,0000000000001a48
458,2024-04-24 00:00:00,7,,2,6061,D23,90*8.0,,89.74,89.82,89.87,89.89,89.93,90.02,89.91,89.97,89.83,89.94,89.74,89.88,89.94,90.02,89.94,89.99,90.01,90.04,89.97,90.06,89.97,90.05,90.04,90.1,89.98,90.05,89.99,90.1,90.06,90.14,90.04,90.09,90.01,90.12,90.09,90.16,7.95,8.02,7.91,8.04,7.91,8.06,7.9,8.0,7.97,8.02,7.93,8.08,7.94,8.06,7.94,8.06,7.92,8.06,7.91,8.02,7.99,8.08,7.94,8.04,7.96,8.04,8.0,8.09,7.96,8.08,7.99,8.06,8.02,8.14,7.99,8.14,0000000000001a49
459,2024-04-25 00:00:00,1,,1,6061,F,35*2.5,,35.04,35.07,35.05,35.06,34.99,35.08,34.91,34.94,35.05,35.06,35.0,35.05,34.96,35.02,35.04,35.1,35.04,35.1,0.0,0.0,0.0,0.0,0.0,0.0,0.0,0.0,0.0,0.0,0.0,0.0,0.0,0.0,0.0,0.0,0.0,0.0,2.52,2.64,2.44,2.59,2.52,2.54,2.46,2.6,2.54,2.62,2.43,2.58,2.53,2.59,2.56,2.63,2.41,2.53,0.0,0.0,0.0,0.0,0.0,0.0,0.0,0.0,0.0,0.0,0.0,0.0,0.0,0.0,0.0,0.0,0.0,0.0,0000000000001a4a
460,2024-04-25 00:00:00,1,,1,6061,B20,35*4.0,,34.98,34.99,34.98,35.01,35.01,35.02,34.98,35.07,35.07,35.08,35.02,35.09,35.02,35.06,35.09,35.12,35.01,35.05,0.0,0.0,0.0,0.0,0.0,0.0,0.0,0.0,0.0,0.0,0.0,0.0,0.0,0.0,0.0,0.0,0.0,0.0,4.0,4.03,3.91,4.03,3.94,4.02,3.97,4.09,3.97,4.02,3.96,4.03,4.01,4.08,3.99,4.08,3.98,4.02,0.0,0.0,0.0,0.0,0.0,0.0,0.0,0.0,0.0,0.0,0.0,0.0,0.0,0.0,0.0,0.0,0.0,0.0,0000000000001a4b
461,2024-04-25 00:00:00,2,,7,6061,B17,42*2.0,,42.01,42.08,42.05,42.06,42.09,42.1,42.04,42.06,42.07,42.1,42.08,42.14,0.0,0.0,0.0,0.0,0.0,0.0,0.0,0.0,0.0,0.0,0.0,0.0,0.0,0.0,0.0,0.0,0.0,0.0,0.0,0.0,0.0,0.0,0.0,0.0,1.92,2.01,1.94,2.0,1.91,1.98,1.99,2.08,1.96,2.14,1.93,1.96,0.0,0.0,0.0,0.0,0.0,0.0,0.0,0.0,0.0,0.0,0.0,0.0,0.0,0.0,0.0,0.0,0.0,0.0,0.0,0.0,0.0,0.0,0.0,0.0,0000000000001a4c
462,2024-04-25 00:00:00,2,,23,6061,B18,40*2.2,,40.14,40.16,40.13,40.19,40.14,40.18,40.07,40.09,40.08,40.07,40.07,40.19,0.0,0.0,0.0,0.0,0.0,0.0,0.0,0.0,0.0,0.0,0.0,0.0,0.0,0.0,0.0,0.0,0.0,0.0,0.0,0.0,0.0,0.0,0.0,0.0,2.15,2.22,2.16,2.27,2.15,2.28,2.21,2.23,2.27,2.39,2.21,2.27,0.0,0.0,0.0,0.0,0.0,0.0,0.0,0.0,0.0,0.0,0.0,0.0,0.0,0.0,0.0,0.0,0.0,0.0,0.0,0.0,0.0,0.0,0.0,0.0,0000000000001a4d
463,2024-04-25 00:00:00,2,,7,6061,B18,42*2.2,,42.01,42.08,42.07,42.1,42.04,42.04,42.06,42.12,42.06,42.12,42.06,42.12,0.0,0.0,0.0,0.0,0.0,0.0,0.0,0.0,0.0,0.0,0.0,0.0,0.0,0.0,0.0,0.0,0.0,0.0,0.0,0.0,0.0,0.0,0.0,0.0,2.11,2.17,2.17,2.23,2.19,2.25,2.08,2.19,2.21,2.24,2.18,2.27,0.0,0.0,0.0,0.0,0.0,0.0,0.0,0.0,0.0,0.0,0.0,0.0,0.0,0.0,0.0,0.0,0.0,0.0,0.0,0.0,0.0,0.0,0.0,0.0,0000000000001a4e
464,2024-04-25 00:00:00,4,,1,6066,B3,40*3.2,,39.95,39.97,40.02,40.06,40.03,40.09,39.94,39.95,40.03,40.08,39.99,40.07,39.98,39.99,40.01,40.08,40.05,40.12,40.0,40.02,40.0,40.1,39.71,40.28,39.96,39.98,40.02,40.04,40.09,40.11,39.99,40.01,40.08,40.15,39.96,40.07,3.29,3.36,3.33,3.39,3.28,3.4,3.3,3.45,3.29,3.36,3.23,3.3,3.38,3.47,3.32,3.35,3.27,3.32,3.28,3.4,3.29,3.33,3.24,3.27,3.32,3.46,3.28,3.37,3.25,3.36,3.26,3.38,3.23,3.37,3.2,3.34,0000000000001a4f
465,2024-04-25 00:00:00,5,,8,6061,B25,66*12,,65.75,65.82,65.98,66.04,65.71,65.73,65.76,65.83,65.99,66.08,65.72,65.77,65.84,65.9,66.04,66.12,65.71,65.76,0.0,0.0,0.0,0.0,0.0,0.0,0.0,0.0,0.0,0.0,0.0,0.0,0.0,0.0,0.0,0.0,0.0,0.0,11.87,12.06,11.96,12.14,11.76,12.01,12.04,12.11,11.94,12.06,12.04,12.09,12.06,12.13,12.01,12.08,12.08,12.1,0.0,0.0,0.0,0.0,0.0,0.0,0.0,0.0,0.0,0.0,0.0,0.0,0.0,0.0,0.0,0.0,0.0,0.0,0000000000001a50
466,2024-04-25 00:00:00,5,,26,6061,B21,62*13.5,,61.87,61.93,61.87,61.92,61.4,61.49,61.93,31.93,62.0,62.07,61.52,61.58,0.0,0.0,0.0,0.0,0.0,0.0,0.0,0.0,0.0,0.0,0.0,0.0,0.0,0.0,0.0,0.0,0.0,0.0,0.0,0.0,0.0,0.0,0.0,0.0,13.45,13.58,13.53,13.67,13.28,13.34,13.62,13.71,13.32,13.5,13.42,13.56,0.0,0.0,0.0,0.0,0.0,0.0,0.0,0.0,0.0,0.0,0.0,0.0,0.0,0.0,0.0,0.0,0.0,0.0,0.0,0.0,0.0,0.0,0.0,0.0,0000000000001a51
467,2024-04-25 00:00:00,6,,2,6061,D11,78*7.0,,76.83,76.93,78.06,78.11,78.07,78.1,76.93,77.12,78.03,78.08,78.0,78.02,77.11,77.2,78.0,78.15,77.97,77.98,77.05,77.09,78.01,78.2,78.02,78.11,76.88,76.92,77.98,78.05,77.98,78.04,77.12,77.18,78.06,78.07,77.98,78.04,6.96,7.07,6.95,7.02,6.94,7.07,7.06,7.13,6.98,7.06,6.98,7.06,7.06,7.11,6.98,7.07,6.9,7.04,7.01,7.21,6.97,7.14,6.88,6.98,7.08,7.16,6.96,7.07,6.9,7.0,6.99,7.13,6.95,7.07,6.97,7.02,0000000000001a52
468,2024-04-25 00:00:00,7,,2,6061,D18,90*8.0,,89.74,89.88,89.69,89.73,89.69,89.73,89.69,89.77,89.7,89.84,89.72,89.8,89.72,89.9,89.78,89.86,89.84,89.96,89.86,89.98,89.94,90.06,89.87,89.94,89.94,90.01,89.97,90.02,89.96,90.04,89.97,90.04,89.99,90.04,90.01,90.07,7.92,8.04,7.87,7.9,7.83,8.0,7.86,7.75,7.9,8.09,7.84,7.99,7.92,8.04,7.94,8.02,7.87,7.96,7.99,8.06,7.92,8.04,7.89,8.04,8.0,8.09,7.94,8.08,7.94,8.06,8.08,8.14,7.96,8.09,7.99,8.08,0000000000001a53
469,2024-04-26 00:00:00,1,,1,6061,B20,35*2.8,,35.02,35.05,35.0,35.02,34.96,34.98,35.0,35.01,35.02,35.05,35.01,35.04,35.0,35.0,34.96,35.03,34.96,34.98,34.98,35.01,34.98,34.99,34.98,35.07,35.0,35.03,35.02,35.15,34.99,35.05,35.0,35.01,34.99,35.02,34.98,35.02,2.8,2.94,2.8,2.86,2.78,2.86,2.82,2.91,2.75,2.78,2.71,2.8,2.76,2.8,2.8,2.82,2.76,2.84,2.87,2.9,2.78,2.94,2.82,2.9,2.77,2.85,2.79,2.84,2.76,2.82,2.78,2.8,2.8,2.86,2.75,2.83,0000000000001a54
470,2024-04-26 00:00:00,2,,33,7050,B9,30*2.1,,30.01,30.01,29.99,30.01,30.1,30.17,30.04,30.06,29.98,30.0,30.14,30.19,30.03,30.08,29.99,30.04,30.13,30.18,30.01,30.04,30.0,30.02,30.14,30.15,30.04,30.08,30.05,30.08,30.13,30.18,30.08,30.12,30.07,30.09,30.15,30.2,2.04,2.13,2.08,2.17,2.0,2.06,2.02,2.14,2.07,2.18,2.04,2.1,2.03,2.12,2.06,2.13,2.12,2.16,2.04,2.13,2.07,2.14,2.1,2.14,2.07,2.14,2.06,2.09,2.1,2.13,2.06,2.14,2.07,2.12,2.08,2.17,0000000000001a55
471,2024-04-26 00:00:00,4,,4,7050,B23,35*5.5,,34.94,35.05,34.93,34.95,34.9,34.92,34.97,35.02,34.94,34.97,34.9,34.97,34.97,35.02,34.96,34.97,34.88,34.95,34.96,34.97,34.95,35.04,34.89,34.92,34.96,34.98,34.93,35.02,34.92,34.93,34.96,34.98,34.94,35.0,34.95,34.96,5.48,5.57,5.47,5.55,5.43,5.53,5.42,5.55,5.41,5.51,5.46,5.53,5.42,5.5,5.42,5.6,5.46,5.51,5.46,5.6,5.54,5.61,5.42,5.56,5.46,5.55,5.51,5.57,5.41,5.52,5.41,5.51,5.49,5.52,5.5,5.56,0000000000001a56
472,2024-04-26 00:00:00,5,,24,6061,B22,84.5*1.25,,84.37,84.57,84.44,84.6,84.49,84.56,84.42,84.52,84.45,84.51,84.5,84.58,84.49,84.58,84.56,84.62,84.54,84.58,84.53,84.55,84.58,84.61,84.56,84.59,84.58,84.63,84.59,84.67,84.58,84.64,84.52,84.58,84.57,84.63,84.53,84.58,1.23,1.32,1.22,1.3,1.25,1.28,1.27,1.34,1.21,1.29,1.26,1.31,1.29,1.38,1.23,1.28,1.27,1.32,1.32,1.37,1.27,1.32,1.29,1.36,1.36,1.42,1.29,1.34,1.27,1.33,1.21,1.27,1.26,1.32,1.28,1.32,0000000000001a57
473,2024-04-26 00:00:00,6,,2,6061,D11,78*7.0,,76.64,76.71,78.01,78.07,78.1,78.22,76.85,76.86,78.04,78.07,78.15,78.17,77.08,77.3,78.0,78.03,78.11,78.16,77.54,77.68,78.03,78.08,78.15,78.16,77.03,77.12,78.03,78.13,78.04,78.09,77.17,77.31,78.02,78.07,77.98,78.03,7.08,7.15,6.95,7.02,6.9,6.97,7.06,7.17,6.92,6.97,6.76,7.02,6.89,7.03,6.92,6.99,6.87,7.0,6.92,7.04,6.93,7.02,6.91,7.07,6.98,7.08,7.0,7.11,6.88,6.97,6.96,7.07,6.99,7.08,6.92,6.97,0000000000001a58
474,2024-04-26 00:00:00,7,,2,6061,D21,78*8.0,,77.95,77.97,77.94,77.95,77.93,78.0,77.9,77.97,78.0,78.07,77.95,77.99,77.97,78.01,78.02,78.09,77.97,78.04,78.0,78.02,78.01,78.06,78.0,78.01,77.99,78.04,78.0,78.04,78.02,78.13,78.01,78.03,78.02,78.05,78.03,78.14,7.99,8.05,7.95,8.1,7.92,7.96,7.91,8.02,8.06,8.12,8.01,8.04,7.94,8.06,8.08,8.14,8.06,8.12,7.94,8.02,8.05,8.15,8.02,8.08,7.97,8.06,8.07,8.14,8.08,8.16,7.98,8.04,8.08,8.12,8.09,8.18,0000000000001a59
475,2024-04-29 00:00:00,1,,1,6061,B20,35*2.8,,34.97,35.06,34.98,35.0,34.99,35.01,35.0,35.01,35.0,35.01,35.01,35.02,35.01,35.02,35.01,35.01,34.98,35.02,34.98,35.01,34.99,35.03,35.0,35.01,35.04,35.04,34.98,34.99,34.96,34.97,34.96,34.98,35.02,35.08,34.99,35.03,2.76,2.82,2.76,2.86,2.75,2.81,2.78,2.83,2.79,2.86,2.8,2.85,2.74,2.88,2.76,2.82,2.78,2.83,2.75,2.88,2.8,2.89,2.76,2.89,2.72,2.82,2.78,2.89,2.73,2.85,2.79,2.85,2.77,2.83,2.78,2.86,0000000000001a5a
476,2024-04-29 00:00:00,2,,4,6061,B18,40*3.2,,39.95,39.97,39.91,39.98,40.02,40.05,39.9,39.93,40.01,40.09,40.06,40.07,40.0,40.02,40.02,40.03,40.07,40.09,39.92,39.94,40.01,40.04,40.06,40.14,40.0,40.03,40.02,40.07,40.07,40.09,40.01,40.04,40.07,40.08,40.08,40.09,3.13,3.26,3.13,3.25,3.15,3.22,3.18,3.25,3.21,3.3,3.21,3.32,3.19,3.27,3.22,3.34,3.22,3.31,3.22,3.28,3.27,3.33,3.23,3.32,3.23,3.29,3.29,3.34,3.24,3.27,3.27,3.28,3.24,3.37,3.26,3.32,0000000000001a5b
477,2024-04-29 00:00:00,4,,4,7050,B1,35*4.5,,34.91,34.95,34.92,34.95,34.96,34.97,34.95,34.96,34.92,34.93,34.94,34.97,34.92,34.93,34.91,34.96,34.96,34.97,34.95,35.0,34.96,35.01,34.97,35.01,35.01,35.02,34.97,34.99,34.98,34.99,35.0,35.01,34.99,35.02,34.99,35.0,4.41,4.55,4.51,4.62,4.48,4.61,4.53,4.63,4.4,4.5,4.41,4.52,4.58,4.66,4.5,4.56,4.41,4.53,4.49,4.59,4.49,4.54,4.42,4.49,4.48,4.54,4.51,4.57,4.44,4.62,4.47,4.58,4.5,4.63,4.48,4.57,0000000000001a5c
478,2024-04-29 00:00:00,5,,12,6061,B25,65*5,,65.06,65.16,65.03,65.19,65.14,65.17,64.98,65.08,65.06,65.08,65.11,65.13,65.01,65.06,65.09,65.12,65.06,65.13,0.0,0.0,0.0,0.0,0.0,0.0,0.0,0.0,0.0,0.0,0.0,0.0,0.0,0.0,0.0,0.0,0.0,0.0,4.91,4.94,4.93,5.08,4.93,5.1,4.97,5.1,4.99,5.05,4.94,5.11,4.98,5.06,5.02,5.06,4.95,5.06,0.0,0.0,0.0,0.0,0.0,0.0,0.0,0.0,0.0,0.0,0.0,0.0,0.0,0.0,0.0,0.0,0.0,0.0,0000000000001a5d
479,2024-04-29 00:00:00,5,,7,6061,B22,58*1.8,,57.98,58.5,57.99,58.01,57.61,57.68,58.0,58.04,58.0,58.02,57.74,57.78,57.97,58.08,58.03,58.09,58.0,58.09,0.0,0.0,0.0,0.0,0.0,0.0,0.0,0.0,0.0,0.0,0.0,0.0,0.0,0.0,0.0,0.0,0.0,0.0,1.77,1.86,1.78,1.86,1.75,1.88,1.79,1.87,1.79,1.86,1.76,1.89,1.81,1.86,1.8,1.87,1.8,1.88,0.0,0.0,0.0,0.0,0.0,0.0,0.0,0.0,0.0,0.0,0.0,0.0,0.0,0.0,0.0,0.0,0.0,0.0,0000000000001a5e
480,2024-04-29 00:00:00,6,,2,6061,D11,78*7.0,,77.75,77.86,78.03,78.08,78.12,78.22,77.25,77.35,78.02,78.03,78.05,78.07,77.12,77.22,78.08,78.11,78.03,78.06,77.48,77.62,78.01,78.14,78.02,78.08,77.32,77.33,78.02,78.06,78.09,78.17,77.48,77.65,78.01,78.06,78.08,78.12,6.94,7.01,6.93,6.96,6.92,7.01,6.94,7.03,6.95,7.06,6.92,7.04,7.04,7.12,6.99,7.08,6.9,7.01,7.02,7.15,6.92,7.08,6.9,7.02,6.91,7.04,7.05,7.12,7.03,7.11,6.92,7.05,6.95,7.04,6.94,7.1,0000000000001a5f
481,2024-04-29 00:00:00,7,,2,6061,D21,78*8.0,,77.94,77.98,77.94,77.98,77.92,78.03,78.02,78.16,77.87,77.93,77.92,78.0,78.04,78.12,77.94,78.06,77.94,78.02,78.06,78.11,78.02,78.07,78.04,78.14,78.0,78.04,77.96,78.06,78.06,78.16,78.01,78.06,78.04,78.14,78.07,78.14,7.93,8.0,8.04,8.11,7.93,8.03,7.96,8.06,7.91,8.04,7.95,8.1,7.97,8.1,7.94,8.08,7.96,8.04,7.99,8.07,7.97,8.1,7.97,8.08,8.0,8.07,7.94,8.04,7.99,8.09,8.01,8.06,7.97,8.1,8.01,8.1,0000000000001a60
482,2024-04-30 00:00:00,1,,1,6061,B20,35*2.8,,35.05,35.05,34.9,35.02,35.0,35.08,34.97,35.0,35.04,35.05,35.0,35.13,35.03,35.09,35.0,35.09,35.0,35.02,34.97,35.07,35.03,35.1,34.99,35.03,34.98,35.0,35.03,35.03,34.99,35.0,34.98,34.99,34.99,35.04,34.94,35.95,2.67,2.72,2.8,2.89,2.77,2.85,2.85,2.9,2.76,2.82,2.77,2.92,2.75,2.86,2.77,2.87,2.8,2.82,2.82,2.91,2.75,2.79,2.79,3.92,2.82,2.9,2.83,2.84,2.77,2.82,2.81,2.87,2.81,2.84,2.74,2.84,0000000000001a61
483,2024-04-30 00:00:00,2,,12,6061,B19,43*4.7,,43.15,43.17,43.18,43.8,43.14,43.17,43.13,43.16,43.14,43.14,43.12,43.18,43.15,43.18,43.13,43.15,43.14,43.16,43.14,43.17,43.12,43.16,43.15,43.18,43.18,43.19,43.15,43.16,43.12,43.16,43.17,43.19,43.16,43.21,43.14,43.18,4.77,4.82,4.72,4.78,4.7,4.79,4.71,4.74,4.68,4.77,4.71,4.77,4.74,4.76,4.71,4.75,4.72,4.76,4.76,4.78,4.74,4.79,4.74,4.79,4.73,4.77,4.75,4.8,4.72,4.74,4.72,4.78,4.76,4.77,4.73,4.79,0000000000001a62
484,2024-04-30 00:00:00,4,,4,7050,B1,35*2.7,,34.95,35.05,34.99,35.07,34.91,34.96,34.93,34.95,34.98,35.03,34.98,34.99,34.96,34.98,34.96,34.98,34.73,35.14,34.98,35.02,34.93,35.0,34.98,35.03,34.96,34.97,34.96,35.03,34.96,35.01,34.92,34.98,34.94,34.95,34.51,35.15,2.61,2.7,2.68,2.78,2.61,2.7,2.71,2.82,2.64,2.78,2.68,2.76,2.56,2.67,2.71,2.83,2.71,2.76,2.61,2.73,2.7,2.77,2.7,2.74,2.65,2.75,2.67,2.69,2.63,2.65,2.61,2.71,2.64,2.74,2.76,2.8,0000000000001a63
485,2024-04-30 00:00:00,5,,8,6061,B3,90*2.5,,90.13,90.15,90.0,90.18,90.09,90.1,90.04,90.13,90.04,90.12,90.04,90.08,90.08,90.12,90.08,90.1,90.07,90.1,0.0,0.0,0.0,0.0,0.0,0.0,0.0,0.0,0.0,0.0,0.0,0.0,0.0,0.0,0.0,0.0,0.0,0.0,2.41,2.56,2.44,2.56,2.4,2.53,2.42,2.58,2.48,2.53,2.43,2.55,2.44,2.56,2.46,2.52,2.44,2.51,0.0,0.0,0.0,0.0,0.0,0.0,0.0,0.0,0.0,0.0,0.0,0.0,0.0,0.0,0.0,0.0,0.0,0.0,0000000000001a70
486,2024-04-30 00:00:00,5,,2,6061,D16,77*7.5,,77.01,77.11,76.99,77.11,77.07,77.14,77.04,77.12,77.04,77.12,77.04,77.12,77.01,77.07,77.03,77.08,77.06,77.12,0.0,0.0,0.0,0.0,0.0,0.0,0.0,0.0,0.0,0.0,0.0,0.0,0.0,0.0,0.0,0.0,0.0,0.0,7.42,7.55,7.43,7.57,7.4,7.5,7.44,7.53,7.46,7.58,7.5,7.56,7.46,7.52,7.42,7.53,7.54,7.6,0.0,0.0,0.0,0.0,0.0,0.0,0.0,0.0,0.0,0.0,0.0,0.0,0.0,0.0,0.0,0.0,0.0,0.0,0000000000001a71
487,2024-04-30 00:00:00,6,,2,6061,D11,78*7.0,,76.0,76.09,78.06,78.07,78.15,78.16,76.78,76.95,78.06,78.1,78.04,78.05,76.05,76.26,78.05,78.1,78.06,78.14,76.65,76.78,78.04,78.08,78.06,78.09,76.68,76.81,78.05,78.09,78.03,78.06,76.75,76.88,78.09,78.13,78.03,78.05,6.91,7.07,6.9,7.04,6.93,7.07,7.0,7.17,6.92,7.0,6.92,7.0,7.06,7.11,6.95,7.01,6.95,7.0,6.96,7.08,6.97,6.98,6.98,7.06,6.97,7.14,6.99,7.04,6.9,7.01,7.06,7.13,6.94,7.1,6.96,7.04,0000000000001a72
488,2024-04-30 00:00:00,7,,2,6061,D21,78*8.0,,77.9,78.01,77.75,77.81,77.9,77.99,77.94,78.06,77.84,77.97,77.94,78.0,78.01,78.04,77.92,77.96,77.97,78.02,0.0,0.0,0.0,0.0,0.0,0.0,0.0,0.0,0.0,0.0,0.0,0.0,0.0,0.0,0.0,0.0,0.0,0.0,7.9,8.01,7.88,8.02,7.9,8.03,7.94,8.06,7.89,8.04,7.92,8.04,7.97,8.04,7.86,8.01,7.94,8.06,0.0,0.0,0.0,0.0,0.0,0.0,0.0,0.0,0.0,0.0,0.0,0.0,0.0,0.0,0.0,0.0,0.0,0.0,0000000000001a73
489,2024-04-30 00:00:00,7,,2,6061,D21,90*8.0,,89.89,90.01,89.91,90.02,89.9,90.0,89.94,90.0,89.95,90.01,89.94,90.04,89.97,90.04,89.98,90.04,89.97,90.04,0.0,0.0,0.0,0.0,0.0,0.0,0.0,0.0,0.0,0.0,0.0,0.0,0.0,0.0,0.0,0.0,0.0,0.0,7.92,8.06,7.86,7.93,7.92,7.98,7.97,8.08,7.87,7.92,7.94,8.04,7.98,8.06,7.88,7.94,7.98,8.08,0.0,0.0,0.0,0.0,0.0,0.0,0.0,0.0,0.0,0.0,0.0,0.0,0.0,0.0,0.0,0.0,0.0,0.0,0000000000001a74
490,2024-05-02 00:00:00,1,,1,6061,B19,35*2.5,,35.04,35.06,34.87,34.91,34.97,34.99,35.02,35.04,35.0,35.03,35.01,35.02,34.96,34.97,34.97,35.03,35.03,35.05,35.02,35.03,34.97,35.01,35.03,35.07,34.74,34.77,34.92,34.95,34.97,35.0,34.77,34.79,35.01,35.02,34.76,34.78,2.45,2.52,2.57,2.66,2.5,2.59,2.5,2.56,2.41,2.53,2.51,2.62,2.61,2.65,2.51,2.57,2.5,2.6,2.49,2.58,2.47,2.57,2.55,2.6,2.58,2.67,2.57,2.66,2.47,2.51,2.61,2.68,2.51,2.58,2.58,2.64,0000000000001a64
491,2024-05-02 00:00:00,2,,12,6061,B19,41*4.0,,41.04,41.05,41.06,41.07,41.04,41.09,41.07,41.09,41.05,41.06,41.03,41.06,41.04,41.1,41.08,41.1,41.04,41.09,0.0,0.0,0.0,0.0,0.0,0.0,0.0,0.0,0.0,0.0,0.0,0.0,0.0,0.0,0.0,0.0,0.0,0.0,3.96,4.09,3.96,4.01,3.93,4.01,3.99,4.08,3.97,4.02,3.94,4.02,4.02,4.07,3.99,4.08,3.97,4.04,0.0,0.0,0.0,0.0,0.0,0.0,0.0,0.0,0.0,0.0,0.0,0.0,0.0,0.0,0.0,0.0,0.0,0.0,0000000000001a65
493,2024-05-02 00:00:00,2,,37,6061,B19,44*2.2,,43.94,44.07,44.07,44.09,43.98,44.12,44.01,44.02,44.06,44.08,43.99,44.05,44.01,44.02,44.05,44.09,43.98,44.02,0.0,0.0,0.0,0.0,0.0,0.0,0.0,0.0,0.0,0.0,0.0,0.0,0.0,0.0,0.0,0.0,0.0,0.0,2.12,2.22,2.13,2.16,2.2,2.28,2.28,2.21,2.21,2.24,2.23,2.29,2.12,2.23,2.2,2.22,2.24,2.26,0.0,0.0,0.0,0.0,0.0,0.0,0.0,0.0,0.0,0.0,0.0,0.0,0.0,0.0,0.0,0.0,0.0,0.0,0000000000001a66
494,2024-05-02 00:00:00,4,,4,7050,B1,40*2.7,,39.91,39.95,40.06,40.07,40.09,40.12,39.98,40.03,40.0,40.04,39.98,40.09,39.96,40.04,39.96,40.09,40.02,40.09,39.83,39.88,40.0,40.04,40.03,40.11,39.94,39.95,40.04,40.08,40.02,40.08,39.91,39.93,40.02,40.05,40.0,40.03,2.75,2.8,2.7,2.77,2.68,2.73,2.7,2.77,2.7,2.82,2.65,2.74,2.76,2.88,2.73,2.83,2.71,2.75,2.75,2.88,2.68,2.76,2.69,2.74,2.74,2.87,2.68,2.75,2.67,2.79,2.76,2.8,2.69,2.74,2.68,2.73,0000000000001a67
495,2024-05-02 00:00:00,5,,2,6061,D16,77*7.5,65.7*56.75,77.07,77.15,76.97,77.0,76.89,76.94,77.04,77.08,77.0,77.03,76.91,77.02,77.02,77.07,77.03,77.09,76.94,77.04,77.03,77.08,77.08,77.12,76.97,77.08,77.05,77.1,77.09,77.14,76.98,77.01,77.04,77.07,77.07,77.1,76.97,77.0,7.42,7.55,7.4,7.52,7.44,7.53,7.43,7.51,7.44,7.58,7.5,7.56,7.44,7.5,7.43,7.49,7.53,7.59,7.5,7.54,7.48,7.57,7.52,7.57,7.54,7.6,7.49,7.53,7.53,7.55,7.52,7.58,7.42,7.58,7.54,7.6,0000000000001a68
496,2024-05-02 00:00:00,6,,2,6061,D11,78*7.0,,77.0,77.06,78.0,78.05,78.04,78.07,77.18,77.24,78.0,78.02,78.01,78.03,77.28,77.36,78.06,78.13,78.02,78.02,0.0,0.0,0.0,0.0,0.0,0.0,0.0,0.0,0.0,0.0,0.0,0.0,0.0,0.0,0.0,0.0,0.0,0.0,6.89,7.06,6.93,7.1,6.89,7.06,6.92,6.98,6.95,7.04,6.94,7.01,6.92,7.06,6.97,7.07,6.87,6.92,0.0,0.0,0.0,0.0,0.0,0.0,0.0,0.0,0.0,0.0,0.0,0.0,0.0,0.0,0.0,0.0,0.0,0.0,0000000000001a75
497,2024-05-02 00:00:00,6,,2,6061,D11,75*6.5,,73.92,73.98,75.09,75.11,78.18,75.26,74.01,74.11,75.02,75.09,75.09,75.1,73.59,73.75,75.06,75.11,75.09,75.12,0.0,0.0,0.0,0.0,0.0,0.0,0.0,0.0,0.0,0.0,0.0,0.0,0.0,0.0,0.0,0.0,0.0,0.0,6.5,6.6,6.45,6.57,6.5,6.67,6.65,6.77,6.44,6.58,6.42,6.57,6.71,6.76,6.42,6.59,6.42,6.6,0.0,0.0,0.0,0.0,0.0,0.0,0.0,0.0,0.0,0.0,0.0,0.0,0.0,0.0,0.0,0.0,0.0,0.0,0000000000001a17
498,2024-05-02 00:00:00,7,,2,6061,D3,90*8.0,,89.79,89.82,89.86,89.94,89.87,90.0,89.77,89.83,89.79,89.8,89.74,89.83,89.82,89.93,89.78,89.86,89.87,90.01,89.94,89.98,89.79,89.88,89.94,90.02,89.97,90.04,89.84,89.94,89.97,90.04,89.96,90.04,89.87,89.96,89.96,90.02,7.9,8.0,7.87,7.95,7.85,8.0,7.8,7.97,7.86,8.03,7.94,7.97,7.97,8.04,7.92,8.04,7.8,7.9,7.94,8.02,7.94,8.01,7.84,7.97,7.98,8.06,7.97,8.06,7.86,7.92,7.99,8.08,7.94,8.02,7.87,7.94,0000000000001a18
499,2024-05-03 00:00:00,1,,1,6061,B19,35*2.5,,35.05,35.07,35.03,35.06,35.0,35.02,35.0,35.01,35.0,35.02,35.03,35.05,35.04,35.12,34.96,34.99,35.03,35.05,34.86,34.92,35.05,35.07,34.79,34.83,34.93,34.96,34.89,34.91,34.9,34.91,34.98,34.99,34.91,34.92,35.04,35.04,2.5,2.65,2.52,2.61,2.48,2.62,2.46,2.51,2.53,2.57,2.54,2.6,2.55,2.65,2.47,2.57,2.5,2.58,2.57,2.65,2.47,2.57,2.59,2.67,2.61,2.67,2.62,2.67,2.61,2.7,2.48,2.56,2.59,2.64,2.57,2.64,0000000000001a19
500,2024-05-03 00:00:00,2,,7,6061,B11,50.8*2.0,,50.93,50.96,50.89,50.97,50.9,50.92,50.94,50.97,50.92,50.94,50.92,50.94,50.88,50.91,50.93,50.95,50.9,50.91,0.0,0.0,0.0,0.0,0.0,0.0,0.0,0.0,0.0,0.0,0.0,0.0,0.0,0.0,0.0,0.0,0.0,0.0,2.0,2.1,1.95,2.06,1.99,2.07,2.04,2.1,1.96,2.04,1.98,2.04,2.02,2.07,1.97,2.08,1.97,2.03,0.0,0.0,0.0,0.0,0.0,0.0,0.0,0.0,0.0,0.0,0.0,0.0,0.0,0.0,0.0,0.0,0.0,0.0,0000000000001a1a
501,2024-05-03 00:00:00,2,,7,6061,B19,38.1*2.0,,38.01,38.07,38.06,38.06,38.1,38.11,38.04,38.08,38.04,38.04,38.09,38.12,38.08,38.13,38.03,38.07,38.08,38.11,0.0,0.0,0.0,0.0,0.0,0.0,0.0,0.0,0.0,0.0,0.0,0.0,0.0,0.0,0.0,0.0,0.0,0.0,1.96,2.04,1.95,2.06,1.9,2.0,1.97,2.03,1.96,2.07,1.94,2.07,1.98,2.08,1.98,2.09,1.91,1.97,0.0,0.0,0.0,0.0,0.0,0.0,0.0,0.0,0.0,0.0,0.0,0.0,0.0,0.0,0.0,0.0,0.0,0.0,0000000000001a1b
502,2024-05-03 00:00:00,4,,1,6066,B4,40*3.2,,40.0,40.01,40.02,40.04,40.03,40.09,39.97,40.0,40.08,40.09,40.02,40.05,39.9,40.02,40.08,40.09,40.07,40.1,39.84,39.92,40.06,40.07,40.03,40.1,39.92,39.96,40.05,40.08,40.03,40.12,39.94,39.99,40.03,40.08,40.04,40.13,3.28,3.4,3.21,3.32,3.2,3.29,3.27,3.35,3.27,3.35,3.27,3.38,3.27,3.39,3.26,3.32,3.23,3.32,3.31,3.34,3.25,3.36,3.22,3.29,3.32,3.37,3.27,3.31,3.27,3.34,3.36,3.4,3.23,3.26,3.29,3.36,0000000000001a1c
503,2024-05-03 00:00:00,5,,2,6061,D17,75*6.5,,75.03,75.05,75.15,75.15,75.01,75.02,75.01,75.06,75.1,75.12,75.03,75.06,75.02,75.05,75.09,75.13,75.02,75.13,75.06,75.1,75.08,75.13,75.04,75.07,75.07,75.08,75.09,75.14,75.08,75.12,0.0,0.0,0.0,0.0,0.0,0.0,6.53,6.57,6.43,6.54,6.36,6.57,6.55,6.59,6.44,6.54,6.39,6.54,6.56,6.58,6.43,6.54,6.4,6.54,6.49,6.55,6.48,6.52,6.42,6.58,6.5,6.56,6.43,6.54,6.43,6.56,0.0,0.0,0.0,0.0,0.0,0.0,0000000000001a69
504,2024-05-03 00:00:00,6,,2,6061,D5,75*6.5,,73.66,73.76,75.06,75.13,75.13,75.16,73.89,74.0,75.03,75.11,75.2,75.25,73.67,73.74,75.06,75.09,75.16,75.19,73.53,73.56,75.0,75.07,75.15,75.19,73.23,73.34,75.11,75.19,75.15,75.18,73.39,73.5,75.01,75.17,75.16,75.17,6.55,6.77,6.45,6.62,6.49,6.59,6.6,6.68,6.42,6.57,6.51,6.61,6.54,6.68,6.4,6.53,6.41,6.56,6.49,6.65,6.43,6.59,6.51,6.64,6.69,6.76,6.48,6.6,6.48,6.56,6.53,6.68,6.43,6.59,6.44,6.59,0000000000001a6a
505,2024-05-03 00:00:00,7,,2,6061,D11,90*8.0,,89.93,90.1,89.88,89.91,90.08,90.16,89.94,90.07,89.92,90.02,90.03,90.16,89.97,90.02,89.93,90.01,90.04,90.14,89.98,90.01,89.97,90.0,90.0,90.12,89.99,90.07,89.98,90.02,90.04,90.13,90.01,90.06,89.99,90.01,90.07,90.11,7.92,8.01,7.88,7.95,7.93,7.97,7.94,8.05,7.98,8.04,7.84,7.99,7.96,8.04,7.99,8.06,7.87,7.96,7.99,8.08,7.98,8.07,7.88,7.97,7.98,8.04,7.99,8.06,7.94,8.08,7.96,8.07,8.0,8.08,7.97,8.02,0000000000001a6b
506,2024-05-06 00:00:00,1,,33,7005,B10,19.05*2.0,,19.02,19.06,0.0,0.0,19.08,19.1,19.06,19.09,19.04,19.06,19.03,19.04,0.0,0.0,0.0,0.0,0.0,0.0,0.0,0.0,0.0,0.0,0.0,0.0,0.0,0.0,0.0,0.0,0.0,0.0,0.0,0.0,0.0,0.0,0.0,0.0,1.97,2.0,2.0,2.03,1.97,2.0,1.99,2.02,1.98,2.0,1.98,2.01,0.0,0.0,0.0,0.0,0.0,0.0,0.0,0.0,0.0,0.0,0.0,0.0,0.0,0.0,0.0,0.0,0.0,0.0,0.0,0.0,0.0,0.0,0.0,0.0,0000000000001a6c
507,2024-05-06 00:00:00,1,,33,6061,B4,19.05*1.55,,19.05,19.1,19.06,19.08,19.04,19.07,19.04,19.08,19.05,19.1,19.06,19.08,0.0,0.0,0.0,0.0,0.0,0.0,0.0,0.0,0.0,0.0,0.0,0.0,0.0,0.0,0.0,0.0,0.0,0.0,0.0,0.0,0.0,0.0,0.0,0.0,1.45,1.55,1.45,1.51,1.42,1.51,1.42,1.48,1.42,1.5,1.46,1.54,0.0,0.0,0.0,0.0,0.0,0.0,0.0,0.0,0.0,0.0,0.0,0.0,0.0,0.0,0.0,0.0,0.0,0.0,0.0,0.0,0.0,0.0,0.0,0.0,0000000000001a6d
508,2024-05-06 00:00:00,1,,33,7005,B11,36*2.0,,35.99,36.0,35.97,36.06,36.02,36.05,35.98,36.04,35.99,36.02,36.05,36.08,0.0,0.0,0.0,0.0,0.0,0.0,0.0,0.0,0.0,0.0,0.0,0.0,0.0,0.0,0.0,0.0,0.0,0.0,0.0,0.0,0.0,0.0,0.0,0.0,1.98,2.02,2.02,2.07,1.98,2.08,1.98,2.02,2.02,2.08,2.02,2.04,0.0,0.0,0.0,0.0,0.0,0.0,0.0,0.0,0.0,0.0,0.0,0.0,0.0,0.0,0.0,0.0,0.0,0.0,0.0,0.0,0.0,0.0,0.0,0.0,0000000000001a6e
509,2024-05-06 00:00:00,2,,27,2014,B19,31.8*3.0,,31.84,31.84,31.8,31.83,31.83,31.87,31.87,31.9,31.84,31.87,31.84,31.86,31.86,31.92,31.86,31.9,31.83,31.87,31.87,31.89,31.82,31.88,31.84,31.87,31.84,31.86,31.84,31.87,31.87,31.9,31.87,31.9,31.88,31.89,31.86,31.88,2.95,3.06,2.97,3.07,2.97,3.04,2.94,3.08,2.94,3.02,2.96,3.03,2.97,3.05,2.92,3.04,2.97,3.05,2.96,3.04,2.91,2.97,2.96,3.02,2.92,2.98,2.94,2.95,2.94,3.04,2.96,3.02,2.96,2.99,2.97,3.08,0000000000001a6f
510,2024-05-06 00:00:00,4,10,4,7050,B9,35*4.5,,34.93,34.95,34.89,34.91,34.86,34.96,34.88,34.9,34.88,34.9,34.88,34.93,34.91,34.97,34.91,34.92,34.82,34.86,34.9,34.97,34.9,35.06,34.87,34.87,34.89,34.9,34.9,35.0,34.87,34.92,34.9,34.92,34.91,34.92,34.85,34.9,4.4,4.45,4.44,4.53,4.33,4.36,4.44,4.5,4.36,4.51,4.33,4.36,4.44,4.55,4.45,4.52,4.36,4.42,4.44,4.51,4.36,4.48,4.39,4.46,4.42,4.48,4.41,4.48,4.33,4.48,4.45,4.52,4.45,4.61,4.36,4.43,0000000000048c11
511,2024-05-06 00:00:00,5,8,7,6061,B18,48*2.5,,47.79,47.82,47.92,47.95,47.96,48.08,47.83,47.91,47.93,48.0,47.93,47.93,47.85,47.9,47.92,47.98,47.94,47.96,47.84,47.86,47.94,47.96,47.97,48.01,47.85,47.89,47.97,47.99,47.99,48.02,47.9,47.94,47.99,48.01,48.0,48.04,2.49,2.54,2.42,2.54,2.4,2.51,2.37,2.41,2.45,2.5,2.48,2.52,2.36,2.48,2.46,2.52,2.49,2.54,2.42,2.48,2.48,2.56,2.48,2.53,2.43,2.46,2.49,2.56,2.49,2.54,2.48,2.52,2.52,2.58,2.51,2.56,0000000000048c12
512,2024-05-06 00:00:00,6,6,2,6061,D6,75*6.5,64.5*56.75,74.36,74.47,75.05,75.1,75.04,75.18,74.47,74.47,75.12,75.15,75.09,75.16,74.21,74.26,75.13,75.15,75.1,75.16,74.74,74.88,75.06,75.12,75.07,75.12,74.38,74.47,75.08,75.11,75.08,75.11,74.58,74.62,75.02,75.05,75.11,75.14,6.46,6.55,6.44,6.52,6.37,6.49,6.43,6.58,6.36,6.47,6.37,6.53,6.32,6.46,6.47,6.53,6.45,6.6,6.38,6.47,6.37,6.5,6.34,6.51,6.39,6.44,6.44,6.48,6.37,6.53,6.44,6.48,6.43,6.58,6.37,6.52,000000000004ab51
513,2024-05-06 00:00:00,7,3,2,6061,D1,90*8.0,,89.73,89.76,89.67,89.8,89.77,89.79,89.72,89.81,89.74,89.81,89.82,89.87,89.78,89.84,89.78,89.82,89.83,89.89,89.81,89.87,89.79,89.84,89.84,89.92,89.84,89.88,89.84,89.88,89.86,89.94,89.87,89.92,89.86,89.92,89.87,89.92,7.73,7.9,7.71,7.83,7.82,7.9,7.83,7.94,7.92,7.97,7.93,7.94,7.92,7.97,7.93,7.96,7.94,7.97,7.94,7.98,7.96,8.02,7.97,8.04,7.92,7.96,7.95,7.99,7.98,8.02,7.97,8.01,7.94,7.98,7.91,7.96,000000000004ab52
514,2024-05-07 00:00:00,1,4,1,6061,B20,35*2.8,,34.98,34.99,34.96,34.96,34.95,34.97,34.99,35.03,34.96,34.96,34.95,34.98,34.98,35.02,34.98,34.98,34.96,34.97,34.98,35.0,34.98,35.01,34.97,35.0,35.0,35.02,35.04,35.05,34.98,35.0,34.98,34.98,34.97,35.0,35.0,35.0,2.77,2.84,2.77,2.85,2.74,2.88,2.77,2.82,2.73,2.8,2.77,2.84,2.84,2.9,2.72,2.82,2.79,2.86,2.69,2.8,2.77,2.81,2.74,2.82,2.79,2.8,2.77,2.81,2.78,2.8,2.78,2.86,2.77,2.82,2.73,2.79,000000000004ab53
515,2024-05-07 00:00:00,2,1,3,6061,B18,35*2.85,,34.94,34.95,34.93,34.97,34.92,34.95,34.93,34.96,34.95,35.0,34.94,34.98,34.97,35.02,34.96,35.01,34.97,35.02,34.98,35.01,34.97,35.02,34.96,35.01,34.97,35.0,34.96,35.01,34.97,35.03,34.96,35.02,34.97,35.03,34.96,35.02,2.73,2.82,2.73,2.86,2.76,2.86,2.78,2.84,2.78,2.87,2.78,2.88,2.81,2.88,2.84,2.89,2.81,2.86,2.82,2.89,2.87,2.92,2.83,2.92,2.81,2.88,2.88,2.9,2.88,2.94,2.82,2.86,2.89,2.94,2.83,2.89,000000000004ab54
516,2024-05-07 00:00:00,4,10,4,7050,B8,40*4.3,,40.06,40.07,40.08,40.08,39.96,40.0,39.98,40.0,40.02,40.04,40.0,40.04,39.99,40.04,39.99,40.0,39.95,40.0,40.01,40.05,40.0,40.01,39.97,40.01,40.02,40.09,39.99,40.01,39.97,40.02,40.0,40.04,39.97,40.02,39.95,40.01,4.35,4.42,4.15,4.21,4.23,4.34,4.19,4.31,4.2,4.3,4.27,4.32,4.26,4.33,4.22,4.3,4.15,4.3,4.3,4.34,4.15,4.29,4.23,4.28,4.3,4.36,4.3,4.35,4.18,4.23,4.27,4.39,4.25,4.27,4.2,4.23,000000000004ab56
